order_id,returned,return_reason,days_to_return
O00006,0,,0
O00010,0,,0
O00003,0,,0
O00005,0,,0
O00002,0,,0
O00008,0,,0
O00004,0,,0
O00001,0,,0
O00009,0,,0
O00007,1,Product mismatch,4
O00014,0,,0
O00017,0,,0
O00015,0,,0
O00021,0,,0
O00018,0,,0
O00020,0,,0
O00016,0,,0
O00023,0,,0
O00012,0,,0
O00022,0,,0
O00019,0,,0
O00013,0,,0
O00011,0,,0
O00027,0,,0
O00028,1,Changed mind,5
O00026,0,,0
O00025,1,Damaged product,7
O00032,0,,0
O00029,0,,0
O00024,0,,0
O00031,0,,0
O00033,1,Changed mind,12
O00030,1,Product mismatch,12
O00037,0,,0
O00035,0,,0
O00036,0,,0
O00038,0,,0
O00039,0,,0
O00034,0,,0
O00047,0,,0
O00040,0,,0
O00044,0,,0
O00046,0,,0
O00045,0,,0
O00041,1,Changed mind,13
O00048,0,,0
O00042,0,,0
O00043,0,,0
O00049,0,,0
O00050,0,,0
O00053,0,,0
O00055,0,,0
O00051,0,,0
O00052,0,,0
O00054,0,,0
O00056,0,,0
O00061,0,,0
O00064,0,,0
O00058,0,,0
O00057,0,,0
O00065,0,,0
O00066,0,,0
O00059,0,,0
O00063,0,,0
O00062,0,,0
O00060,0,,0
O00070,0,,0
O00069,0,,0
O00067,0,,0
O00068,0,,0
O00071,0,,0
O00080,1,Size issue,6
O00072,0,,0
O00078,0,,0
O00073,0,,0
O00076,0,,0
O00081,0,,0
O00075,1,Changed mind,14
O00077,0,,0
O00074,0,,0
O00079,1,Product mismatch,12
O00082,0,,0
O00092,0,,0
O00083,0,,0
O00084,0,,0
O00089,0,,0
O00086,0,,0
O00091,0,,0
O00088,1,Changed mind,11
O00087,0,,0
O00090,0,,0
O00085,0,,0
O00094,0,,0
O00098,0,,0
O00100,0,,0
O00093,0,,0
O00101,0,,0
O00097,0,,0
O00095,1,Changed mind,6
O00096,0,,0
O00102,0,,0
O00099,0,,0
O00103,0,,0
O00108,0,,0
O00106,0,,0
O00109,0,,0
O00104,0,,0
O00107,0,,0
O00105,0,,0
O00110,0,,0
O00114,1,Size issue,12
O00116,0,,0
O00117,0,,0
O00115,0,,0
O00112,0,,0
O00111,0,,0
O00113,0,,0
O00127,0,,0
O00128,0,,0
O00125,0,,0
O00120,0,,0
O00122,0,,0
O00126,0,,0
O00123,0,,0
O00121,0,,0
O00118,0,,0
O00124,0,,0
O00119,0,,0
O00138,1,Damaged product,13
O00129,0,,0
O00136,0,,0
O00135,0,,0
O00139,0,,0
O00134,0,,0
O00137,0,,0
O00133,1,Product mismatch,9
O00140,0,,0
O00130,0,,0
O00132,0,,0
O00131,0,,0
O00141,0,,0
O00150,0,,0
O00149,0,,0
O00145,0,,0
O00152,0,,0
O00148,0,,0
O00144,0,,0
O00143,0,,0
O00146,0,,0
O00142,0,,0
O00147,0,,0
O00151,0,,0
O00168,0,,0
O00171,1,Changed mind,4
O00157,0,,0
O00172,0,,0
O00166,0,,0
O00165,0,,0
O00156,0,,0
O00153,0,,0
O00161,1,Damaged product,8
O00160,0,,0
O00170,0,,0
O00154,0,,0
O00158,0,,0
O00159,0,,0
O00164,0,,0
O00163,0,,0
O00169,0,,0
O00167,0,,0
O00155,0,,0
O00162,0,,0
O00177,0,,0
O00175,0,,0
O00173,0,,0
O00178,0,,0
O00176,0,,0
O00174,0,,0
O00188,0,,0
O00187,1,Product mismatch,3
O00183,0,,0
O00179,0,,0
O00186,1,Changed mind,13
O00189,0,,0
O00185,0,,0
O00184,0,,0
O00182,0,,0
O00181,0,,0
O00180,0,,0
O00195,0,,0
O00193,1,Size issue,11
O00191,0,,0
O00196,0,,0
O00194,0,,0
O00198,0,,0
O00192,1,Damaged product,6
O00197,0,,0
O00190,0,,0
O00206,0,,0
O00203,0,,0
O00204,0,,0
O00207,0,,0
O00199,1,Size issue,11
O00202,0,,0
O00209,0,,0
O00201,0,,0
O00210,0,,0
O00211,0,,0
O00208,0,,0
O00205,0,,0
O00200,0,,0
O00213,0,,0
O00217,0,,0
O00220,0,,0
O00219,0,,0
O00216,0,,0
O00214,0,,0
O00212,0,,0
O00218,0,,0
O00215,1,Product mismatch,12
O00226,0,,0
O00232,0,,0
O00230,0,,0
O00229,0,,0
O00223,0,,0
O00233,0,,0
O00221,1,Changed mind,14
O00228,1,Changed mind,3
O00224,0,,0
O00231,0,,0
O00227,0,,0
O00225,0,,0
O00222,0,,0
O00241,0,,0
O00239,0,,0
O00237,0,,0
O00243,0,,0
O00235,0,,0
O00242,0,,0
O00234,0,,0
O00238,0,,0
O00236,0,,0
O00240,1,Changed mind,3
O00245,0,,0
O00253,0,,0
O00249,0,,0
O00247,0,,0
O00254,0,,0
O00251,0,,0
O00248,0,,0
O00246,0,,0
O00250,0,,0
O00252,0,,0
O00244,0,,0
O00259,0,,0
O00264,0,,0
O00263,0,,0
O00262,0,,0
O00257,0,,0
O00256,1,Changed mind,4
O00265,0,,0
O00261,0,,0
O00258,0,,0
O00255,0,,0
O00260,0,,0
O00266,0,,0
O00271,0,,0
O00273,0,,0
O00267,0,,0
O00269,0,,0
O00274,1,Product mismatch,8
O00275,0,,0
O00270,0,,0
O00272,1,Changed mind,11
O00268,1,Damaged product,14
O00283,0,,0
O00276,0,,0
O00282,0,,0
O00279,0,,0
O00278,0,,0
O00281,0,,0
O00280,0,,0
O00277,1,Product mismatch,2
O00290,0,,0
O00285,0,,0
O00284,0,,0
O00287,0,,0
O00286,0,,0
O00289,0,,0
O00288,0,,0
O00297,0,,0
O00291,0,,0
O00292,0,,0
O00294,0,,0
O00296,0,,0
O00295,0,,0
O00293,1,Size issue,8
O00304,1,Damaged product,5
O00299,0,,0
O00301,0,,0
O00302,0,,0
O00310,0,,0
O00308,0,,0
O00303,1,Product mismatch,8
O00300,0,,0
O00309,0,,0
O00306,0,,0
O00307,0,,0
O00305,0,,0
O00298,0,,0
O00320,0,,0
O00317,0,,0
O00312,0,,0
O00316,0,,0
O00315,0,,0
O00321,0,,0
O00314,0,,0
O00318,0,,0
O00313,0,,0
O00319,0,,0
O00311,0,,0
O00325,0,,0
O00328,0,,0
O00333,0,,0
O00324,0,,0
O00327,0,,0
O00322,0,,0
O00331,1,Size issue,8
O00329,0,,0
O00323,0,,0
O00326,0,,0
O00330,1,Changed mind,3
O00332,0,,0
O00339,0,,0
O00340,0,,0
O00336,1,Changed mind,5
O00338,1,Product mismatch,4
O00341,0,,0
O00335,0,,0
O00337,0,,0
O00334,0,,0
O00342,0,,0
O00343,0,,0
O00347,0,,0
O00344,0,,0
O00346,0,,0
O00348,0,,0
O00345,0,,0
O00357,0,,0
O00352,0,,0
O00354,0,,0
O00349,0,,0
O00353,0,,0
O00356,0,,0
O00351,0,,0
O00355,0,,0
O00350,0,,0
O00372,0,,0
O00369,1,Changed mind,2
O00367,1,Size issue,13
O00375,1,Changed mind,2
O00366,0,,0
O00370,0,,0
O00363,0,,0
O00360,0,,0
O00368,0,,0
O00364,0,,0
O00373,0,,0
O00362,0,,0
O00365,0,,0
O00361,0,,0
O00358,0,,0
O00371,0,,0
O00374,0,,0
O00359,1,Damaged product,3
O00383,0,,0
O00391,0,,0
O00381,0,,0
O00392,0,,0
O00389,0,,0
O00380,0,,0
O00385,1,Product mismatch,2
O00376,0,,0
O00388,0,,0
O00378,0,,0
O00393,0,,0
O00387,0,,0
O00382,0,,0
O00390,0,,0
O00377,0,,0
O00386,1,Product mismatch,9
O00384,0,,0
O00379,0,,0
O00397,0,,0
O00398,0,,0
O00396,0,,0
O00394,1,Size issue,11
O00395,0,,0
O00406,0,,0
O00400,0,,0
O00404,0,,0
O00401,0,,0
O00403,0,,0
O00405,0,,0
O00399,0,,0
O00402,0,,0
O00409,0,,0
O00416,0,,0
O00408,0,,0
O00421,0,,0
O00410,1,Product mismatch,9
O00407,0,,0
O00418,0,,0
O00415,0,,0
O00411,1,Product mismatch,4
O00414,0,,0
O00412,1,Product mismatch,13
O00413,0,,0
O00419,0,,0
O00420,0,,0
O00417,1,Changed mind,4
O00426,0,,0
O00431,0,,0
O00428,0,,0
O00423,1,Damaged product,6
O00427,1,Damaged product,13
O00433,0,,0
O00430,0,,0
O00425,0,,0
O00422,0,,0
O00429,0,,0
O00424,0,,0
O00432,0,,0
O00434,1,Damaged product,8
O00439,0,,0
O00443,0,,0
O00442,0,,0
O00438,0,,0
O00441,0,,0
O00440,0,,0
O00444,0,,0
O00437,0,,0
O00436,0,,0
O00435,0,,0
O00447,0,,0
O00450,0,,0
O00449,1,Damaged product,9
O00448,0,,0
O00446,0,,0
O00453,0,,0
O00452,0,,0
O00454,0,,0
O00451,0,,0
O00445,0,,0
O00455,0,,0
O00462,0,,0
O00456,0,,0
O00467,0,,0
O00463,1,Damaged product,9
O00461,0,,0
O00466,1,Product mismatch,11
O00458,0,,0
O00468,0,,0
O00464,0,,0
O00460,0,,0
O00459,0,,0
O00465,0,,0
O00469,0,,0
O00457,0,,0
O00471,0,,0
O00470,0,,0
O00473,0,,0
O00479,0,,0
O00472,0,,0
O00477,0,,0
O00476,0,,0
O00478,0,,0
O00475,1,Changed mind,11
O00474,0,,0
O00482,0,,0
O00481,0,,0
O00484,0,,0
O00490,0,,0
O00488,0,,0
O00485,0,,0
O00483,0,,0
O00487,0,,0
O00489,1,Product mismatch,11
O00486,0,,0
O00480,0,,0
O00493,0,,0
O00494,0,,0
O00497,0,,0
O00501,0,,0
O00503,0,,0
O00500,0,,0
O00492,0,,0
O00496,0,,0
O00495,0,,0
O00499,0,,0
O00498,0,,0
O00491,0,,0
O00502,0,,0
O00509,0,,0
O00504,0,,0
O00512,0,,0
O00510,0,,0
O00505,0,,0
O00507,0,,0
O00506,0,,0
O00511,0,,0
O00508,0,,0
O00514,0,,0
O00513,0,,0
O00515,0,,0
O00520,0,,0
O00517,0,,0
O00525,0,,0
O00526,0,,0
O00518,0,,0
O00522,0,,0
O00524,0,,0
O00523,0,,0
O00521,0,,0
O00516,0,,0
O00519,0,,0
O00530,1,Changed mind,2
O00529,1,Product mismatch,3
O00533,0,,0
O00527,0,,0
O00532,0,,0
O00528,0,,0
O00534,0,,0
O00531,0,,0
O00543,0,,0
O00539,0,,0
O00535,0,,0
O00538,0,,0
O00536,0,,0
O00541,1,Damaged product,12
O00540,0,,0
O00542,0,,0
O00537,0,,0
O00549,0,,0
O00546,0,,0
O00550,0,,0
O00548,0,,0
O00551,0,,0
O00545,1,Changed mind,6
O00552,0,,0
O00547,0,,0
O00544,0,,0
O00560,1,Changed mind,9
O00559,0,,0
O00558,0,,0
O00554,0,,0
O00553,0,,0
O00557,1,Product mismatch,3
O00555,0,,0
O00556,0,,0
O00570,0,,0
O00571,0,,0
O00563,0,,0
O00565,0,,0
O00566,0,,0
O00567,0,,0
O00575,0,,0
O00569,0,,0
O00573,0,,0
O00561,0,,0
O00574,0,,0
O00562,0,,0
O00572,0,,0
O00568,0,,0
O00576,0,,0
O00564,0,,0
O00578,0,,0
O00577,0,,0
O00583,0,,0
O00580,0,,0
O00582,0,,0
O00579,0,,0
O00584,0,,0
O00585,0,,0
O00581,1,Changed mind,12
O00593,0,,0
O00591,0,,0
O00587,0,,0
O00588,0,,0
O00589,0,,0
O00592,0,,0
O00590,0,,0
O00586,0,,0
O00595,0,,0
O00597,0,,0
O00599,0,,0
O00598,1,Changed mind,2
O00596,0,,0
O00594,0,,0
O00600,0,,0
O00601,0,,0
O00602,0,,0
O00612,0,,0
O00611,0,,0
O00606,1,Changed mind,7
O00605,0,,0
O00609,0,,0
O00608,0,,0
O00613,1,Changed mind,14
O00603,1,Size issue,13
O00607,0,,0
O00610,0,,0
O00604,0,,0
O00615,0,,0
O00621,0,,0
O00623,0,,0
O00620,0,,0
O00616,0,,0
O00622,0,,0
O00618,0,,0
O00614,0,,0
O00617,0,,0
O00624,0,,0
O00619,0,,0
O00631,0,,0
O00627,0,,0
O00628,0,,0
O00630,0,,0
O00629,0,,0
O00625,0,,0
O00626,0,,0
O00643,0,,0
O00637,0,,0
O00633,0,,0
O00632,0,,0
O00638,0,,0
O00641,0,,0
O00636,0,,0
O00635,0,,0
O00634,0,,0
O00642,0,,0
O00640,0,,0
O00639,0,,0
O00645,0,,0
O00649,0,,0
O00653,0,,0
O00650,1,Product mismatch,10
O00651,0,,0
O00655,0,,0
O00646,1,Changed mind,6
O00647,0,,0
O00654,0,,0
O00652,0,,0
O00648,0,,0
O00644,0,,0
O00658,0,,0
O00666,0,,0
O00663,0,,0
O00657,0,,0
O00660,0,,0
O00661,0,,0
O00659,0,,0
O00656,0,,0
O00664,0,,0
O00665,0,,0
O00662,0,,0
O00667,0,,0
O00668,0,,0
O00671,0,,0
O00669,0,,0
O00670,0,,0
O00672,0,,0
O00673,0,,0
O00674,0,,0
O00677,0,,0
O00678,0,,0
O00679,0,,0
O00682,0,,0
O00680,0,,0
O00676,0,,0
O00681,0,,0
O00675,0,,0
O00686,0,,0
O00689,0,,0
O00690,0,,0
O00691,0,,0
O00688,0,,0
O00692,1,Size issue,10
O00687,0,,0
O00683,0,,0
O00684,0,,0
O00685,0,,0
O00693,1,Size issue,12
O00698,0,,0
O00694,0,,0
O00699,0,,0
O00697,1,Changed mind,11
O00696,0,,0
O00695,1,Changed mind,10
O00702,0,,0
O00710,0,,0
O00703,0,,0
O00711,0,,0
O00705,0,,0
O00709,0,,0
O00700,0,,0
O00704,0,,0
O00712,0,,0
O00707,1,Damaged product,10
O00706,0,,0
O00701,0,,0
O00708,0,,0
O00718,0,,0
O00726,0,,0
O00720,1,Changed mind,10
O00714,0,,0
O00724,0,,0
O00719,0,,0
O00723,0,,0
O00722,0,,0
O00721,0,,0
O00717,0,,0
O00713,0,,0
O00716,0,,0
O00725,0,,0
O00715,0,,0
O00734,0,,0
O00733,0,,0
O00729,0,,0
O00727,0,,0
O00728,0,,0
O00730,0,,0
O00732,1,Size issue,10
O00735,0,,0
O00731,0,,0
O00737,0,,0
O00739,0,,0
O00742,1,Size issue,12
O00743,0,,0
O00744,0,,0
O00741,0,,0
O00736,0,,0
O00738,0,,0
O00745,0,,0
O00740,0,,0
O00747,0,,0
O00748,0,,0
O00749,0,,0
O00746,0,,0
O00750,0,,0
O00758,0,,0
O00760,0,,0
O00753,1,Size issue,7
O00757,0,,0
O00761,0,,0
O00759,1,Changed mind,10
O00752,0,,0
O00754,0,,0
O00756,1,Damaged product,12
O00751,0,,0
O00755,0,,0
O00762,0,,0
O00772,0,,0
O00771,0,,0
O00769,0,,0
O00764,0,,0
O00775,0,,0
O00768,1,Changed mind,6
O00766,0,,0
O00777,0,,0
O00778,0,,0
O00773,0,,0
O00763,0,,0
O00765,0,,0
O00770,1,Product mismatch,4
O00776,0,,0
O00767,0,,0
O00774,0,,0
O00780,0,,0
O00779,0,,0
O00781,0,,0
O00783,0,,0
O00782,0,,0
O00793,0,,0
O00784,0,,0
O00791,0,,0
O00789,0,,0
O00790,0,,0
O00787,0,,0
O00785,0,,0
O00792,0,,0
O00794,0,,0
O00788,0,,0
O00786,0,,0
O00800,0,,0
O00799,0,,0
O00803,0,,0
O00795,0,,0
O00802,0,,0
O00796,0,,0
O00801,0,,0
O00797,0,,0
O00804,1,Changed mind,9
O00798,0,,0
O00814,0,,0
O00813,0,,0
O00807,0,,0
O00816,0,,0
O00810,0,,0
O00812,0,,0
O00811,0,,0
O00809,0,,0
O00808,0,,0
O00815,0,,0
O00805,0,,0
O00806,0,,0
O00819,0,,0
O00822,0,,0
O00824,0,,0
O00820,0,,0
O00818,0,,0
O00823,0,,0
O00817,0,,0
O00821,0,,0
O00825,0,,0
O00826,0,,0
O00829,1,Changed mind,11
O00832,1,Size issue,13
O00833,0,,0
O00831,0,,0
O00828,0,,0
O00827,0,,0
O00830,0,,0
O00834,0,,0
O00844,0,,0
O00836,0,,0
O00847,1,Product mismatch,3
O00840,0,,0
O00839,0,,0
O00850,0,,0
O00845,0,,0
O00842,0,,0
O00835,1,Changed mind,14
O00849,0,,0
O00846,0,,0
O00841,1,Damaged product,3
O00837,0,,0
O00838,0,,0
O00843,0,,0
O00848,0,,0
O00852,0,,0
O00858,0,,0
O00853,0,,0
O00855,0,,0
O00851,0,,0
O00854,0,,0
O00857,0,,0
O00856,0,,0
O00872,0,,0
O00874,0,,0
O00864,0,,0
O00868,0,,0
O00875,0,,0
O00862,0,,0
O00867,0,,0
O00876,0,,0
O00863,0,,0
O00865,0,,0
O00873,0,,0
O00869,0,,0
O00870,1,Changed mind,4
O00861,0,,0
O00866,0,,0
O00871,1,Product mismatch,6
O00860,0,,0
O00859,0,,0
O00879,0,,0
O00890,0,,0
O00878,1,Changed mind,5
O00888,0,,0
O00877,0,,0
O00891,0,,0
O00880,0,,0
O00884,0,,0
O00881,0,,0
O00889,0,,0
O00885,0,,0
O00883,0,,0
O00887,0,,0
O00886,1,Changed mind,14
O00882,0,,0
O00897,0,,0
O00898,0,,0
O00901,0,,0
O00892,0,,0
O00895,0,,0
O00900,0,,0
O00896,0,,0
O00894,0,,0
O00893,0,,0
O00899,0,,0
O00908,0,,0
O00903,0,,0
O00905,0,,0
O00906,0,,0
O00907,0,,0
O00904,0,,0
O00909,0,,0
O00902,0,,0
O00910,1,Changed mind,11
O00917,0,,0
O00918,0,,0
O00912,0,,0
O00919,1,Size issue,5
O00915,0,,0
O00921,0,,0
O00911,0,,0
O00916,0,,0
O00920,0,,0
O00913,0,,0
O00914,0,,0
O00926,0,,0
O00925,0,,0
O00922,0,,0
O00924,0,,0
O00923,0,,0
O00927,0,,0
O00928,0,,0
O00930,0,,0
O00929,1,Size issue,2
O00940,0,,0
O00937,0,,0
O00934,1,Size issue,11
O00933,0,,0
O00936,0,,0
O00935,0,,0
O00939,1,Product mismatch,12
O00932,0,,0
O00938,0,,0
O00931,0,,0
O00942,0,,0
O00947,0,,0
O00941,0,,0
O00946,0,,0
O00945,0,,0
O00943,0,,0
O00950,0,,0
O00949,0,,0
O00951,1,Product mismatch,8
O00944,0,,0
O00948,1,Product mismatch,2
O00957,0,,0
O00955,0,,0
O00954,0,,0
O00953,0,,0
O00956,0,,0
O00952,0,,0
O00958,0,,0
O00959,0,,0
O00964,0,,0
O00965,0,,0
O00960,0,,0
O00963,0,,0
O00962,0,,0
O00961,0,,0
O00972,0,,0
O00973,0,,0
O00968,0,,0
O00967,0,,0
O00966,0,,0
O00971,1,Changed mind,8
O00969,0,,0
O00970,0,,0
O00980,1,Product mismatch,4
O00977,0,,0
O00975,0,,0
O00976,0,,0
O00986,0,,0
O00982,0,,0
O00978,0,,0
O00983,0,,0
O00981,0,,0
O00987,0,,0
O00985,0,,0
O00979,0,,0
O00984,0,,0
O00974,0,,0
O00988,0,,0
O00997,0,,0
O00998,0,,0
O00990,0,,0
O00994,0,,0
O00991,0,,0
O00993,0,,0
O00996,0,,0
O00992,0,,0
O00995,0,,0
O00989,0,,0
O01003,0,,0
O01002,0,,0
O01004,0,,0
O01001,0,,0
O01000,0,,0
O00999,0,,0
O01005,0,,0
O01012,0,,0
O01006,0,,0
O01011,0,,0
O01007,0,,0
O01008,0,,0
O01010,0,,0
O01013,0,,0
O01009,0,,0
O01019,0,,0
O01014,0,,0
O01021,0,,0
O01018,0,,0
O01016,0,,0
O01022,0,,0
O01024,0,,0
O01020,0,,0
O01023,0,,0
O01015,1,Changed mind,9
O01017,0,,0
O01030,0,,0
O01031,0,,0
O01025,0,,0
O01033,0,,0
O01027,0,,0
O01029,0,,0
O01028,0,,0
O01032,0,,0
O01026,0,,0
O01039,0,,0
O01035,0,,0
O01034,0,,0
O01036,0,,0
O01037,0,,0
O01038,0,,0
O01047,0,,0
O01050,0,,0
O01044,0,,0
O01041,0,,0
O01046,0,,0
O01051,0,,0
O01045,0,,0
O01048,0,,0
O01042,0,,0
O01052,0,,0
O01040,0,,0
O01049,0,,0
O01043,0,,0
O01060,0,,0
O01058,0,,0
O01053,0,,0
O01056,0,,0
O01055,0,,0
O01057,0,,0
O01059,0,,0
O01061,0,,0
O01054,0,,0
O01066,0,,0
O01062,0,,0
O01073,0,,0
O01071,0,,0
O01067,0,,0
O01068,0,,0
O01070,0,,0
O01065,0,,0
O01064,0,,0
O01072,0,,0
O01063,0,,0
O01069,0,,0
O01076,0,,0
O01074,0,,0
O01077,0,,0
O01078,0,,0
O01075,1,Product mismatch,4
O01084,0,,0
O01083,0,,0
O01080,0,,0
O01085,0,,0
O01087,0,,0
O01079,0,,0
O01081,0,,0
O01082,0,,0
O01086,0,,0
O01091,0,,0
O01098,0,,0
O01097,0,,0
O01099,0,,0
O01096,0,,0
O01094,0,,0
O01092,0,,0
O01100,1,Damaged product,9
O01088,0,,0
O01095,0,,0
O01089,0,,0
O01093,0,,0
O01090,0,,0
O01104,0,,0
O01112,0,,0
O01106,0,,0
O01111,0,,0
O01105,0,,0
O01110,0,,0
O01101,0,,0
O01108,0,,0
O01109,0,,0
O01107,0,,0
O01103,0,,0
O01102,0,,0
O01117,0,,0
O01118,0,,0
O01114,0,,0
O01115,0,,0
O01116,0,,0
O01113,0,,0
O01130,0,,0
O01131,0,,0
O01119,0,,0
O01129,0,,0
O01133,0,,0
O01132,1,Size issue,13
O01122,0,,0
O01125,0,,0
O01126,0,,0
O01128,0,,0
O01127,0,,0
O01120,0,,0
O01123,0,,0
O01121,0,,0
O01124,0,,0
O01143,0,,0
O01134,0,,0
O01144,0,,0
O01141,0,,0
O01135,0,,0
O01140,0,,0
O01138,0,,0
O01139,0,,0
O01137,0,,0
O01145,0,,0
O01136,1,Changed mind,3
O01142,0,,0
O01147,0,,0
O01154,1,Size issue,7
O01155,1,Product mismatch,10
O01153,0,,0
O01157,0,,0
O01148,0,,0
O01149,0,,0
O01158,0,,0
O01150,0,,0
O01152,0,,0
O01151,1,Product mismatch,12
O01156,0,,0
O01146,0,,0
O01160,0,,0
O01161,1,Changed mind,13
O01162,0,,0
O01165,0,,0
O01169,0,,0
O01167,0,,0
O01159,1,Size issue,5
O01168,0,,0
O01163,0,,0
O01164,0,,0
O01166,0,,0
O01173,0,,0
O01171,0,,0
O01175,0,,0
O01180,0,,0
O01174,0,,0
O01177,0,,0
O01179,0,,0
O01172,0,,0
O01176,0,,0
O01178,1,Size issue,10
O01170,0,,0
O01181,0,,0
O01184,0,,0
O01186,0,,0
O01188,0,,0
O01182,1,Changed mind,5
O01187,0,,0
O01183,0,,0
O01185,0,,0
O01190,0,,0
O01192,0,,0
O01193,0,,0
O01189,0,,0
O01194,0,,0
O01191,0,,0
O01203,0,,0
O01196,0,,0
O01202,0,,0
O01204,0,,0
O01197,0,,0
O01201,0,,0
O01195,0,,0
O01200,0,,0
O01199,0,,0
O01198,0,,0
O01206,0,,0
O01209,0,,0
O01211,0,,0
O01210,0,,0
O01207,0,,0
O01205,0,,0
O01208,0,,0
O01218,0,,0
O01215,0,,0
O01217,0,,0
O01216,0,,0
O01214,0,,0
O01212,0,,0
O01213,0,,0
O01220,0,,0
O01219,0,,0
O01229,1,Changed mind,6
O01222,0,,0
O01225,0,,0
O01224,0,,0
O01221,1,Changed mind,4
O01231,0,,0
O01232,0,,0
O01226,1,Changed mind,4
O01223,0,,0
O01230,1,Product mismatch,5
O01227,0,,0
O01228,1,Size issue,12
O01233,0,,0
O01234,0,,0
O01238,0,,0
O01235,0,,0
O01237,0,,0
O01239,0,,0
O01240,0,,0
O01242,0,,0
O01241,0,,0
O01236,0,,0
O01249,0,,0
O01245,0,,0
O01250,0,,0
O01244,0,,0
O01243,0,,0
O01247,0,,0
O01248,0,,0
O01251,0,,0
O01246,0,,0
O01254,0,,0
O01252,0,,0
O01256,0,,0
O01253,0,,0
O01257,0,,0
O01255,0,,0
O01269,0,,0
O01260,0,,0
O01261,0,,0
O01267,0,,0
O01259,0,,0
O01262,0,,0
O01266,0,,0
O01258,0,,0
O01263,0,,0
O01265,0,,0
O01268,0,,0
O01264,0,,0
O01270,0,,0
O01278,0,,0
O01273,0,,0
O01277,0,,0
O01276,0,,0
O01275,0,,0
O01274,0,,0
O01271,0,,0
O01279,0,,0
O01272,0,,0
O01281,0,,0
O01284,0,,0
O01285,0,,0
O01283,0,,0
O01280,0,,0
O01287,0,,0
O01286,0,,0
O01282,0,,0
O01294,0,,0
O01295,0,,0
O01293,0,,0
O01290,0,,0
O01297,0,,0
O01300,0,,0
O01299,0,,0
O01301,0,,0
O01291,0,,0
O01289,0,,0
O01288,0,,0
O01292,0,,0
O01298,1,Size issue,9
O01296,0,,0
O01307,0,,0
O01302,0,,0
O01303,0,,0
O01306,0,,0
O01305,0,,0
O01304,0,,0
O01315,0,,0
O01309,0,,0
O01312,1,Damaged product,10
O01314,1,Changed mind,5
O01310,0,,0
O01313,0,,0
O01311,0,,0
O01317,0,,0
O01320,0,,0
O01319,0,,0
O01318,0,,0
O01316,0,,0
O01308,0,,0
O01323,0,,0
O01327,0,,0
O01322,0,,0
O01321,0,,0
O01329,0,,0
O01324,0,,0
O01325,0,,0
O01328,0,,0
O01334,0,,0
O01333,0,,0
O01331,0,,0
O01330,0,,0
O01332,0,,0
O01326,0,,0
O01340,0,,0
O01345,0,,0
O01346,0,,0
O01347,0,,0
O01337,1,Size issue,5
O01343,0,,0
O01344,0,,0
O01341,0,,0
O01335,0,,0
O01338,0,,0
O01339,1,Damaged product,11
O01342,0,,0
O01336,0,,0
O01352,0,,0
O01348,0,,0
O01349,0,,0
O01353,0,,0
O01350,0,,0
O01351,0,,0
O01354,0,,0
O01361,0,,0
O01357,0,,0
O01358,0,,0
O01359,0,,0
O01360,0,,0
O01362,1,Size issue,5
O01356,0,,0
O01355,0,,0
O01370,0,,0
O01366,0,,0
O01364,0,,0
O01368,0,,0
O01369,1,Product mismatch,3
O01363,0,,0
O01373,0,,0
O01367,1,Product mismatch,5
O01371,0,,0
O01365,1,Size issue,2
O01372,0,,0
O01375,1,Product mismatch,7
O01379,0,,0
O01380,0,,0
O01381,0,,0
O01374,1,Product mismatch,13
O01382,0,,0
O01378,0,,0
O01377,0,,0
O01376,0,,0
O01388,0,,0
O01389,0,,0
O01393,0,,0
O01387,0,,0
O01390,0,,0
O01383,0,,0
O01392,0,,0
O01391,0,,0
O01385,0,,0
O01384,0,,0
O01386,0,,0
O01397,0,,0
O01398,0,,0
O01400,1,Changed mind,3
O01399,0,,0
O01396,0,,0
O01394,0,,0
O01395,0,,0
O01407,1,Changed mind,13
O01401,0,,0
O01406,0,,0
O01404,0,,0
O01408,0,,0
O01402,0,,0
O01405,0,,0
O01403,0,,0
O01409,0,,0
O01416,0,,0
O01418,0,,0
O01421,0,,0
O01411,0,,0
O01420,0,,0
O01413,1,Damaged product,14
O01417,0,,0
O01415,0,,0
O01419,0,,0
O01414,0,,0
O01410,0,,0
O01412,1,Size issue,11
O01422,1,Size issue,13
O01427,0,,0
O01423,0,,0
O01425,0,,0
O01426,0,,0
O01424,0,,0
O01429,0,,0
O01431,0,,0
O01432,0,,0
O01430,1,Changed mind,10
O01428,0,,0
O01434,0,,0
O01433,1,Changed mind,3
O01445,0,,0
O01440,0,,0
O01437,1,Product mismatch,9
O01436,0,,0
O01438,0,,0
O01443,0,,0
O01439,1,Product mismatch,13
O01441,0,,0
O01444,0,,0
O01435,0,,0
O01442,0,,0
O01454,0,,0
O01446,0,,0
O01447,0,,0
O01453,0,,0
O01452,0,,0
O01450,0,,0
O01451,0,,0
O01449,0,,0
O01448,0,,0
O01458,1,Product mismatch,13
O01455,0,,0
O01461,0,,0
O01460,0,,0
O01457,0,,0
O01456,0,,0
O01459,0,,0
O01468,0,,0
O01470,0,,0
O01474,0,,0
O01473,0,,0
O01464,0,,0
O01469,0,,0
O01466,0,,0
O01467,0,,0
O01472,1,Damaged product,13
O01463,0,,0
O01462,0,,0
O01465,0,,0
O01471,0,,0
O01482,0,,0
O01480,0,,0
O01479,0,,0
O01481,0,,0
O01475,0,,0
O01476,0,,0
O01477,0,,0
O01478,0,,0
O01491,0,,0
O01488,0,,0
O01485,0,,0
O01487,0,,0
O01484,0,,0
O01490,0,,0
O01483,0,,0
O01489,0,,0
O01492,0,,0
O01486,1,Changed mind,10
O01498,0,,0
O01504,1,Changed mind,5
O01496,0,,0
O01495,0,,0
O01502,1,Product mismatch,9
O01500,0,,0
O01501,0,,0
O01493,0,,0
O01499,0,,0
O01505,0,,0
O01497,0,,0
O01494,0,,0
O01503,0,,0
O01513,0,,0
O01510,0,,0
O01511,0,,0
O01509,0,,0
O01507,0,,0
O01514,0,,0
O01515,0,,0
O01512,0,,0
O01508,0,,0
O01506,0,,0
O01521,0,,0
O01523,0,,0
O01517,0,,0
O01524,0,,0
O01519,0,,0
O01516,0,,0
O01520,0,,0
O01522,0,,0
O01518,0,,0
O01526,0,,0
O01529,0,,0
O01533,0,,0
O01530,0,,0
O01532,0,,0
O01531,0,,0
O01525,0,,0
O01528,0,,0
O01527,0,,0
O01536,0,,0
O01537,0,,0
O01535,0,,0
O01540,1,Product mismatch,6
O01542,0,,0
O01539,0,,0
O01541,0,,0
O01538,0,,0
O01534,0,,0
O01544,1,Changed mind,14
O01545,0,,0
O01547,0,,0
O01549,0,,0
O01551,0,,0
O01543,0,,0
O01546,0,,0
O01550,0,,0
O01548,0,,0
O01559,0,,0
O01561,0,,0
O01554,0,,0
O01555,1,Size issue,3
O01558,0,,0
O01562,1,Product mismatch,13
O01560,0,,0
O01553,0,,0
O01557,0,,0
O01552,0,,0
O01563,1,Changed mind,4
O01556,1,Changed mind,3
O01569,0,,0
O01564,0,,0
O01570,0,,0
O01565,0,,0
O01571,1,Product mismatch,6
O01568,0,,0
O01567,0,,0
O01572,0,,0
O01566,0,,0
O01574,0,,0
O01577,0,,0
O01578,0,,0
O01575,1,Damaged product,2
O01573,0,,0
O01579,0,,0
O01576,0,,0
O01583,0,,0
O01586,0,,0
O01581,0,,0
O01584,0,,0
O01582,0,,0
O01585,0,,0
O01580,1,Size issue,3
O01592,0,,0
O01590,0,,0
O01587,0,,0
O01591,0,,0
O01589,0,,0
O01588,0,,0
O01599,0,,0
O01596,0,,0
O01593,0,,0
O01597,0,,0
O01600,0,,0
O01595,1,Product mismatch,13
O01598,0,,0
O01594,0,,0
O01611,0,,0
O01609,0,,0
O01608,0,,0
O01604,1,Size issue,14
O01606,0,,0
O01602,0,,0
O01605,0,,0
O01603,0,,0
O01610,0,,0
O01612,0,,0
O01601,1,Changed mind,10
O01607,1,Size issue,4
O01624,0,,0
O01617,0,,0
O01613,0,,0
O01620,0,,0
O01621,0,,0
O01616,0,,0
O01622,0,,0
O01615,0,,0
O01623,0,,0
O01619,0,,0
O01614,0,,0
O01618,1,Product mismatch,10
O01629,0,,0
O01627,0,,0
O01633,0,,0
O01631,0,,0
O01632,0,,0
O01630,0,,0
O01625,0,,0
O01628,1,Product mismatch,10
O01626,0,,0
O01636,0,,0
O01635,0,,0
O01637,0,,0
O01634,0,,0
O01641,0,,0
O01644,0,,0
O01639,0,,0
O01640,0,,0
O01638,0,,0
O01645,0,,0
O01642,0,,0
O01643,0,,0
O01651,1,Changed mind,4
O01657,0,,0
O01648,0,,0
O01653,0,,0
O01655,0,,0
O01650,0,,0
O01652,0,,0
O01654,0,,0
O01649,0,,0
O01647,0,,0
O01656,0,,0
O01646,1,Product mismatch,14
O01661,1,Changed mind,2
O01658,0,,0
O01663,0,,0
O01662,0,,0
O01659,1,Damaged product,12
O01665,0,,0
O01660,0,,0
O01664,0,,0
O01674,0,,0
O01677,0,,0
O01669,0,,0
O01672,0,,0
O01668,0,,0
O01675,0,,0
O01671,0,,0
O01678,1,Product mismatch,8
O01666,0,,0
O01667,0,,0
O01676,0,,0
O01670,0,,0
O01673,0,,0
O01681,0,,0
O01679,0,,0
O01682,0,,0
O01680,0,,0
O01688,0,,0
O01684,0,,0
O01691,0,,0
O01683,0,,0
O01686,0,,0
O01687,0,,0
O01685,0,,0
O01690,0,,0
O01689,0,,0
O01696,0,,0
O01692,0,,0
O01693,0,,0
O01695,0,,0
O01694,0,,0
O01706,0,,0
O01701,0,,0
O01697,0,,0
O01704,1,Changed mind,9
O01707,0,,0
O01702,0,,0
O01698,0,,0
O01705,1,Product mismatch,12
O01699,1,Size issue,11
O01703,0,,0
O01700,0,,0
O01714,0,,0
O01712,0,,0
O01708,0,,0
O01710,0,,0
O01717,0,,0
O01713,0,,0
O01715,0,,0
O01716,0,,0
O01711,0,,0
O01709,0,,0
O01725,0,,0
O01722,0,,0
O01728,0,,0
O01721,0,,0
O01727,0,,0
O01724,0,,0
O01726,0,,0
O01718,0,,0
O01720,0,,0
O01719,0,,0
O01723,0,,0
O01737,0,,0
O01729,0,,0
O01730,0,,0
O01734,0,,0
O01733,0,,0
O01735,0,,0
O01731,0,,0
O01732,0,,0
O01736,0,,0
O01742,0,,0
O01738,0,,0
O01752,0,,0
O01745,0,,0
O01747,0,,0
O01740,0,,0
O01746,0,,0
O01741,0,,0
O01750,0,,0
O01748,0,,0
O01739,0,,0
O01749,0,,0
O01743,0,,0
O01751,0,,0
O01744,0,,0
O01763,0,,0
O01758,0,,0
O01762,0,,0
O01771,0,,0
O01757,0,,0
O01768,0,,0
O01770,0,,0
O01766,0,,0
O01756,1,Size issue,13
O01759,0,,0
O01769,0,,0
O01755,0,,0
O01767,0,,0
O01761,0,,0
O01760,1,Changed mind,4
O01765,0,,0
O01764,0,,0
O01753,0,,0
O01754,0,,0
O01778,0,,0
O01774,0,,0
O01773,0,,0
O01780,0,,0
O01781,0,,0
O01777,0,,0
O01775,0,,0
O01776,0,,0
O01782,0,,0
O01772,0,,0
O01783,0,,0
O01779,0,,0
O01792,0,,0
O01790,0,,0
O01787,0,,0
O01784,0,,0
O01785,0,,0
O01788,0,,0
O01791,0,,0
O01789,0,,0
O01793,0,,0
O01786,0,,0
O01796,0,,0
O01798,0,,0
O01794,0,,0
O01795,0,,0
O01797,1,Product mismatch,3
O01804,0,,0
O01803,0,,0
O01801,1,Product mismatch,14
O01800,0,,0
O01805,0,,0
O01806,0,,0
O01799,0,,0
O01802,0,,0
O01808,0,,0
O01810,0,,0
O01812,0,,0
O01813,0,,0
O01815,0,,0
O01811,0,,0
O01807,0,,0
O01814,0,,0
O01809,0,,0
O01822,0,,0
O01823,0,,0
O01816,0,,0
O01819,0,,0
O01821,0,,0
O01818,0,,0
O01820,0,,0
O01817,0,,0
O01831,0,,0
O01829,0,,0
O01835,0,,0
O01826,1,Damaged product,9
O01827,0,,0
O01834,0,,0
O01832,0,,0
O01825,0,,0
O01824,0,,0
O01830,0,,0
O01833,0,,0
O01828,0,,0
O01844,0,,0
O01841,0,,0
O01838,0,,0
O01845,0,,0
O01840,0,,0
O01837,0,,0
O01843,0,,0
O01839,0,,0
O01836,0,,0
O01842,0,,0
O01849,0,,0
O01851,0,,0
O01852,0,,0
O01850,0,,0
O01848,0,,0
O01846,0,,0
O01847,0,,0
O01853,0,,0
O01861,0,,0
O01860,0,,0
O01857,0,,0
O01856,0,,0
O01854,0,,0
O01855,1,Damaged product,12
O01859,0,,0
O01858,0,,0
O01876,0,,0
O01872,0,,0
O01864,0,,0
O01868,0,,0
O01863,0,,0
O01879,0,,0
O01874,0,,0
O01869,1,Changed mind,2
O01866,1,Product mismatch,10
O01867,0,,0
O01870,0,,0
O01871,1,Product mismatch,5
O01878,1,Changed mind,5
O01875,1,Size issue,12
O01862,0,,0
O01865,0,,0
O01873,0,,0
O01877,0,,0
O01880,0,,0
O01885,0,,0
O01887,0,,0
O01882,0,,0
O01886,0,,0
O01889,0,,0
O01888,0,,0
O01881,1,Size issue,2
O01891,1,Changed mind,14
O01884,0,,0
O01883,0,,0
O01892,0,,0
O01890,0,,0
O01901,0,,0
O01896,0,,0
O01897,0,,0
O01898,1,Product mismatch,7
O01899,0,,0
O01894,0,,0
O01893,0,,0
O01900,0,,0
O01895,0,,0
O01905,0,,0
O01907,0,,0
O01903,0,,0
O01904,0,,0
O01906,0,,0
O01902,0,,0
O01908,0,,0
O01911,0,,0
O01909,0,,0
O01912,0,,0
O01913,0,,0
O01910,0,,0
O01914,0,,0
O01917,0,,0
O01915,0,,0
O01922,0,,0
O01919,0,,0
O01918,1,Product mismatch,3
O01920,0,,0
O01921,0,,0
O01923,0,,0
O01916,0,,0
O01927,0,,0
O01925,0,,0
O01928,0,,0
O01930,0,,0
O01931,0,,0
O01924,0,,0
O01929,0,,0
O01926,0,,0
O01936,0,,0
O01938,0,,0
O01933,0,,0
O01934,0,,0
O01932,0,,0
O01937,0,,0
O01935,0,,0
O01939,0,,0
O01942,0,,0
O01943,0,,0
O01941,0,,0
O01940,0,,0
O01947,0,,0
O01946,0,,0
O01944,0,,0
O01945,0,,0
O01949,0,,0
O01956,0,,0
O01952,0,,0
O01954,0,,0
O01955,1,Size issue,6
O01950,0,,0
O01958,0,,0
O01953,0,,0
O01957,0,,0
O01951,0,,0
O01948,0,,0
O01964,0,,0
O01971,0,,0
O01970,0,,0
O01969,0,,0
O01968,0,,0
O01961,0,,0
O01963,0,,0
O01960,0,,0
O01965,1,Changed mind,12
O01967,0,,0
O01959,0,,0
O01962,0,,0
O01966,1,Changed mind,3
O01972,0,,0
O01980,0,,0
O01978,0,,0
O01974,0,,0
O01982,0,,0
O01977,0,,0
O01975,0,,0
O01973,0,,0
O01981,0,,0
O01979,0,,0
O01976,0,,0
O01985,0,,0
O01988,1,Damaged product,9
O01986,0,,0
O01992,0,,0
O01989,1,Product mismatch,14
O01987,0,,0
O01991,0,,0
O01983,0,,0
O01984,0,,0
O01994,0,,0
O01993,0,,0
O01990,0,,0
O01995,0,,0
O01998,0,,0
O02002,0,,0
O02004,0,,0
O02001,0,,0
O02000,0,,0
O01996,0,,0
O01997,0,,0
O01999,0,,0
O02003,0,,0
O02013,0,,0
O02015,0,,0
O02012,0,,0
O02010,0,,0
O02014,0,,0
O02008,0,,0
O02007,0,,0
O02009,0,,0
O02005,0,,0
O02006,0,,0
O02011,0,,0
O02018,0,,0
O02020,0,,0
O02025,0,,0
O02021,0,,0
O02019,0,,0
O02024,0,,0
O02022,1,Product mismatch,14
O02017,0,,0
O02023,0,,0
O02016,0,,0
O02029,0,,0
O02031,0,,0
O02026,1,Damaged product,3
O02028,1,Size issue,6
O02030,0,,0
O02027,0,,0
O02040,0,,0
O02037,0,,0
O02033,0,,0
O02038,0,,0
O02032,0,,0
O02034,0,,0
O02039,0,,0
O02035,0,,0
O02036,0,,0
O02046,0,,0
O02045,0,,0
O02043,0,,0
O02047,0,,0
O02042,0,,0
O02041,0,,0
O02048,0,,0
O02044,0,,0
O02053,0,,0
O02052,0,,0
O02057,0,,0
O02054,0,,0
O02055,0,,0
O02050,0,,0
O02051,0,,0
O02059,0,,0
O02049,0,,0
O02056,0,,0
O02058,0,,0
O02065,0,,0
O02063,0,,0
O02060,0,,0
O02062,0,,0
O02064,1,Damaged product,8
O02061,0,,0
O02069,0,,0
O02067,0,,0
O02066,0,,0
O02071,0,,0
O02070,1,Product mismatch,12
O02068,1,Damaged product,12
O02076,0,,0
O02074,0,,0
O02072,0,,0
O02075,0,,0
O02080,0,,0
O02078,0,,0
O02077,0,,0
O02073,0,,0
O02079,0,,0
O02085,0,,0
O02082,0,,0
O02086,1,Size issue,3
O02083,0,,0
O02088,1,Damaged product,9
O02087,1,Product mismatch,14
O02090,0,,0
O02081,0,,0
O02084,0,,0
O02089,0,,0
O02091,0,,0
O02092,0,,0
O02095,0,,0
O02094,0,,0
O02093,0,,0
O02097,0,,0
O02096,0,,0
O02103,0,,0
O02101,0,,0
O02099,0,,0
O02102,0,,0
O02100,0,,0
O02104,1,Damaged product,10
O02098,0,,0
O02110,0,,0
O02111,0,,0
O02112,0,,0
O02107,0,,0
O02105,0,,0
O02106,0,,0
O02109,0,,0
O02108,0,,0
O02117,0,,0
O02113,0,,0
O02116,1,Changed mind,14
O02115,0,,0
O02114,1,Changed mind,10
O02118,0,,0
O02126,0,,0
O02124,0,,0
O02127,1,Changed mind,3
O02123,0,,0
O02121,0,,0
O02119,0,,0
O02120,0,,0
O02125,0,,0
O02122,0,,0
O02133,0,,0
O02131,0,,0
O02137,1,Damaged product,14
O02129,0,,0
O02128,0,,0
O02132,0,,0
O02136,0,,0
O02134,1,Changed mind,10
O02130,0,,0
O02135,1,Changed mind,7
O02141,0,,0
O02143,0,,0
O02142,0,,0
O02144,0,,0
O02139,0,,0
O02138,0,,0
O02140,0,,0
O02150,0,,0
O02149,0,,0
O02147,0,,0
O02146,0,,0
O02148,0,,0
O02151,0,,0
O02145,0,,0
O02155,0,,0
O02163,0,,0
O02158,0,,0
O02161,0,,0
O02159,0,,0
O02162,0,,0
O02152,1,Product mismatch,5
O02156,0,,0
O02154,0,,0
O02157,0,,0
O02160,0,,0
O02153,1,Product mismatch,5
O02168,0,,0
O02175,0,,0
O02173,0,,0
O02174,1,Changed mind,10
O02171,0,,0
O02167,0,,0
O02165,0,,0
O02164,0,,0
O02169,0,,0
O02166,0,,0
O02172,0,,0
O02170,0,,0
O02178,0,,0
O02179,0,,0
O02182,0,,0
O02181,0,,0
O02177,0,,0
O02180,0,,0
O02176,0,,0
O02186,0,,0
O02190,0,,0
O02188,0,,0
O02192,0,,0
O02189,0,,0
O02187,0,,0
O02194,1,Size issue,11
O02185,0,,0
O02184,0,,0
O02183,0,,0
O02191,0,,0
O02193,1,Size issue,7
O02200,0,,0
O02195,0,,0
O02197,0,,0
O02196,0,,0
O02203,0,,0
O02202,0,,0
O02201,0,,0
O02204,0,,0
O02198,0,,0
O02199,0,,0
O02208,0,,0
O02213,0,,0
O02209,0,,0
O02211,0,,0
O02207,1,Product mismatch,3
O02210,0,,0
O02212,0,,0
O02205,0,,0
O02206,0,,0
O02214,0,,0
O02217,0,,0
O02221,0,,0
O02220,0,,0
O02219,0,,0
O02218,0,,0
O02215,0,,0
O02216,0,,0
O02222,1,Product mismatch,2
O02225,0,,0
O02223,0,,0
O02232,0,,0
O02231,0,,0
O02229,0,,0
O02234,0,,0
O02228,0,,0
O02226,0,,0
O02224,0,,0
O02227,0,,0
O02233,0,,0
O02235,1,Product mismatch,2
O02230,0,,0
O02240,1,Size issue,3
O02242,0,,0
O02236,0,,0
O02237,0,,0
O02241,0,,0
O02238,0,,0
O02239,1,Product mismatch,5
O02244,0,,0
O02248,0,,0
O02250,0,,0
O02245,0,,0
O02246,0,,0
O02247,0,,0
O02249,0,,0
O02243,0,,0
O02257,0,,0
O02261,0,,0
O02251,0,,0
O02259,1,Changed mind,12
O02258,1,Changed mind,3
O02254,0,,0
O02253,0,,0
O02255,0,,0
O02252,0,,0
O02260,0,,0
O02256,0,,0
O02268,0,,0
O02267,0,,0
O02270,0,,0
O02263,0,,0
O02271,0,,0
O02265,0,,0
O02269,0,,0
O02262,0,,0
O02264,0,,0
O02266,0,,0
O02274,0,,0
O02273,0,,0
O02276,0,,0
O02282,0,,0
O02275,0,,0
O02281,0,,0
O02278,0,,0
O02279,0,,0
O02277,0,,0
O02280,0,,0
O02272,0,,0
O02288,1,Damaged product,9
O02285,0,,0
O02291,0,,0
O02289,1,Changed mind,13
O02290,0,,0
O02283,1,Damaged product,3
O02287,1,Damaged product,2
O02284,0,,0
O02286,0,,0
O02292,0,,0
O02294,0,,0
O02293,0,,0
O02298,0,,0
O02297,0,,0
O02296,0,,0
O02295,0,,0
O02309,0,,0
O02304,0,,0
O02308,0,,0
O02307,0,,0
O02300,0,,0
O02301,0,,0
O02306,0,,0
O02303,0,,0
O02299,0,,0
O02302,0,,0
O02305,0,,0
O02319,0,,0
O02315,0,,0
O02311,0,,0
O02317,0,,0
O02316,0,,0
O02318,0,,0
O02313,0,,0
O02310,0,,0
O02312,0,,0
O02314,0,,0
O02320,0,,0
O02325,0,,0
O02324,0,,0
O02322,0,,0
O02326,0,,0
O02323,0,,0
O02321,0,,0
O02327,0,,0
O02332,0,,0
O02329,0,,0
O02335,0,,0
O02334,0,,0
O02331,0,,0
O02333,0,,0
O02338,0,,0
O02336,0,,0
O02328,1,Changed mind,6
O02337,0,,0
O02330,0,,0
O02340,0,,0
O02343,0,,0
O02348,0,,0
O02344,0,,0
O02342,0,,0
O02347,0,,0
O02345,0,,0
O02346,0,,0
O02341,0,,0
O02339,0,,0
O02353,1,Product mismatch,9
O02354,0,,0
O02356,0,,0
O02351,0,,0
O02358,0,,0
O02355,0,,0
O02357,0,,0
O02350,0,,0
O02349,0,,0
O02352,0,,0
O02361,0,,0
O02360,0,,0
O02366,0,,0
O02368,0,,0
O02362,0,,0
O02363,0,,0
O02367,0,,0
O02365,0,,0
O02364,0,,0
O02359,0,,0
O02369,0,,0
O02372,0,,0
O02378,0,,0
O02375,0,,0
O02376,1,Size issue,4
O02370,0,,0
O02374,0,,0
O02379,0,,0
O02380,0,,0
O02377,0,,0
O02373,0,,0
O02371,0,,0
O02386,0,,0
O02387,0,,0
O02389,0,,0
O02381,0,,0
O02388,0,,0
O02384,0,,0
O02385,0,,0
O02383,0,,0
O02382,0,,0
O02390,0,,0
O02401,0,,0
O02400,1,Size issue,6
O02399,0,,0
O02394,1,Changed mind,8
O02396,0,,0
O02392,0,,0
O02397,0,,0
O02391,0,,0
O02395,0,,0
O02398,0,,0
O02393,0,,0
O02402,0,,0
O02409,0,,0
O02410,0,,0
O02403,0,,0
O02404,0,,0
O02405,0,,0
O02406,0,,0
O02407,0,,0
O02408,0,,0
O02420,0,,0
O02415,0,,0
O02419,0,,0
O02412,0,,0
O02418,0,,0
O02417,0,,0
O02413,0,,0
O02411,0,,0
O02416,0,,0
O02414,0,,0
O02425,0,,0
O02428,0,,0
O02429,0,,0
O02431,0,,0
O02426,0,,0
O02424,0,,0
O02423,0,,0
O02430,0,,0
O02422,0,,0
O02427,0,,0
O02421,1,Changed mind,3
O02434,0,,0
O02443,0,,0
O02440,1,Size issue,2
O02442,0,,0
O02444,0,,0
O02433,0,,0
O02437,0,,0
O02436,0,,0
O02438,0,,0
O02445,0,,0
O02435,0,,0
O02441,0,,0
O02439,0,,0
O02432,0,,0
O02450,0,,0
O02452,0,,0
O02451,0,,0
O02447,0,,0
O02446,0,,0
O02448,0,,0
O02454,0,,0
O02453,0,,0
O02449,0,,0
O02458,1,Damaged product,4
O02463,0,,0
O02462,1,Product mismatch,8
O02464,0,,0
O02459,0,,0
O02457,0,,0
O02461,0,,0
O02456,1,Changed mind,7
O02460,0,,0
O02455,0,,0
O02469,0,,0
O02466,0,,0
O02471,1,Product mismatch,11
O02465,0,,0
O02483,0,,0
O02477,0,,0
O02472,0,,0
O02480,0,,0
O02468,0,,0
O02479,1,Changed mind,8
O02481,0,,0
O02476,0,,0
O02474,0,,0
O02470,0,,0
O02475,0,,0
O02473,0,,0
O02467,0,,0
O02482,1,Changed mind,12
O02478,1,Changed mind,8
O02489,0,,0
O02491,0,,0
O02492,0,,0
O02487,0,,0
O02490,0,,0
O02484,0,,0
O02488,0,,0
O02485,0,,0
O02486,0,,0
O02498,0,,0
O02493,0,,0
O02500,0,,0
O02499,0,,0
O02496,1,Changed mind,11
O02494,0,,0
O02497,0,,0
O02495,1,Product mismatch,9
O02501,0,,0
O02504,0,,0
O02505,0,,0
O02508,0,,0
O02506,0,,0
O02509,0,,0
O02503,0,,0
O02507,0,,0
O02502,0,,0
O02514,0,,0
O02511,0,,0
O02512,0,,0
O02515,0,,0
O02516,0,,0
O02513,0,,0
O02510,0,,0
O02529,0,,0
O02523,1,Product mismatch,9
O02519,0,,0
O02522,0,,0
O02520,0,,0
O02530,0,,0
O02524,0,,0
O02521,0,,0
O02526,0,,0
O02517,0,,0
O02533,0,,0
O02527,0,,0
O02525,0,,0
O02528,0,,0
O02532,1,Changed mind,3
O02531,0,,0
O02518,0,,0
O02541,0,,0
O02537,0,,0
O02539,0,,0
O02544,0,,0
O02535,0,,0
O02534,0,,0
O02545,1,Changed mind,11
O02540,0,,0
O02536,0,,0
O02543,0,,0
O02538,0,,0
O02542,1,Size issue,7
O02556,0,,0
O02550,0,,0
O02551,0,,0
O02552,0,,0
O02549,0,,0
O02548,0,,0
O02555,0,,0
O02553,0,,0
O02559,0,,0
O02546,0,,0
O02554,0,,0
O02558,0,,0
O02547,0,,0
O02557,0,,0
O02573,0,,0
O02561,0,,0
O02564,0,,0
O02576,0,,0
O02563,0,,0
O02562,0,,0
O02565,0,,0
O02572,0,,0
O02575,0,,0
O02571,0,,0
O02568,0,,0
O02577,0,,0
O02567,0,,0
O02570,0,,0
O02574,0,,0
O02569,0,,0
O02566,0,,0
O02560,0,,0
O02578,0,,0
O02587,0,,0
O02581,0,,0
O02585,0,,0
O02586,0,,0
O02582,0,,0
O02583,0,,0
O02580,0,,0
O02584,0,,0
O02588,0,,0
O02579,0,,0
O02595,0,,0
O02592,0,,0
O02598,0,,0
O02596,0,,0
O02594,0,,0
O02589,0,,0
O02599,0,,0
O02601,0,,0
O02590,0,,0
O02593,1,Damaged product,3
O02600,0,,0
O02591,0,,0
O02597,0,,0
O02602,0,,0
O02608,0,,0
O02606,0,,0
O02604,0,,0
O02605,0,,0
O02603,0,,0
O02607,1,Product mismatch,5
O02615,0,,0
O02614,1,Size issue,8
O02611,0,,0
O02612,0,,0
O02610,0,,0
O02613,0,,0
O02616,0,,0
O02609,0,,0
O02617,0,,0
O02622,0,,0
O02625,0,,0
O02619,0,,0
O02626,0,,0
O02621,0,,0
O02620,0,,0
O02618,0,,0
O02624,0,,0
O02623,0,,0
O02634,0,,0
O02629,0,,0
O02628,0,,0
O02630,0,,0
O02633,0,,0
O02632,0,,0
O02627,0,,0
O02631,0,,0
O02636,0,,0
O02646,0,,0
O02641,0,,0
O02637,0,,0
O02642,0,,0
O02638,0,,0
O02645,0,,0
O02639,0,,0
O02643,0,,0
O02644,0,,0
O02640,1,Product mismatch,13
O02635,0,,0
O02648,0,,0
O02652,0,,0
O02651,0,,0
O02649,0,,0
O02654,0,,0
O02653,1,Size issue,5
O02647,0,,0
O02650,0,,0
O02663,0,,0
O02662,0,,0
O02660,0,,0
O02655,0,,0
O02657,0,,0
O02656,0,,0
O02661,0,,0
O02665,0,,0
O02658,1,Size issue,6
O02659,0,,0
O02664,0,,0
O02678,0,,0
O02671,0,,0
O02675,1,Size issue,5
O02673,0,,0
O02676,0,,0
O02677,0,,0
O02668,0,,0
O02670,0,,0
O02679,0,,0
O02669,0,,0
O02667,0,,0
O02666,0,,0
O02672,0,,0
O02680,1,Product mismatch,4
O02674,1,Changed mind,4
O02685,0,,0
O02688,1,Size issue,4
O02684,0,,0
O02687,0,,0
O02681,0,,0
O02683,0,,0
O02686,0,,0
O02682,0,,0
O02691,0,,0
O02694,0,,0
O02689,0,,0
O02692,0,,0
O02695,0,,0
O02690,0,,0
O02693,0,,0
O02700,0,,0
O02705,0,,0
O02696,0,,0
O02704,0,,0
O02697,0,,0
O02703,0,,0
O02702,0,,0
O02699,0,,0
O02698,0,,0
O02701,0,,0
O02707,0,,0
O02709,0,,0
O02713,0,,0
O02714,0,,0
O02712,0,,0
O02708,0,,0
O02710,0,,0
O02706,0,,0
O02711,0,,0
O02721,1,Product mismatch,9
O02723,0,,0
O02718,0,,0
O02716,0,,0
O02715,0,,0
O02720,0,,0
O02717,0,,0
O02719,0,,0
O02722,0,,0
O02734,0,,0
O02731,0,,0
O02724,0,,0
O02735,1,Product mismatch,9
O02725,0,,0
O02726,0,,0
O02730,0,,0
O02733,1,Product mismatch,3
O02737,0,,0
O02729,0,,0
O02732,0,,0
O02727,0,,0
O02736,0,,0
O02728,0,,0
O02748,0,,0
O02744,0,,0
O02739,0,,0
O02746,0,,0
O02745,0,,0
O02742,0,,0
O02747,0,,0
O02738,0,,0
O02740,0,,0
O02743,0,,0
O02741,0,,0
O02760,0,,0
O02752,0,,0
O02756,1,Changed mind,7
O02758,0,,0
O02754,0,,0
O02750,0,,0
O02751,0,,0
O02753,0,,0
O02761,0,,0
O02757,0,,0
O02749,1,Damaged product,10
O02755,0,,0
O02759,1,Damaged product,14
O02770,0,,0
O02767,1,Product mismatch,13
O02763,1,Changed mind,14
O02766,0,,0
O02771,1,Damaged product,2
O02765,0,,0
O02768,1,Changed mind,6
O02762,1,Size issue,3
O02773,0,,0
O02772,0,,0
O02764,0,,0
O02769,0,,0
O02778,0,,0
O02784,1,Changed mind,6
O02782,0,,0
O02781,0,,0
O02779,0,,0
O02780,1,Size issue,2
O02774,1,Changed mind,8
O02775,1,Product mismatch,11
O02783,0,,0
O02777,0,,0
O02776,0,,0
O02786,0,,0
O02788,0,,0
O02785,0,,0
O02787,0,,0
O02794,0,,0
O02795,0,,0
O02790,0,,0
O02793,0,,0
O02791,0,,0
O02798,0,,0
O02796,0,,0
O02789,0,,0
O02792,0,,0
O02797,0,,0
O02800,0,,0
O02799,0,,0
O02807,0,,0
O02808,0,,0
O02803,0,,0
O02801,0,,0
O02806,0,,0
O02802,0,,0
O02810,0,,0
O02809,0,,0
O02804,0,,0
O02805,0,,0
O02814,0,,0
O02821,0,,0
O02813,0,,0
O02819,0,,0
O02818,0,,0
O02815,0,,0
O02823,0,,0
O02817,0,,0
O02816,0,,0
O02822,0,,0
O02811,0,,0
O02820,0,,0
O02812,0,,0
O02828,0,,0
O02835,0,,0
O02827,1,Changed mind,11
O02838,0,,0
O02834,0,,0
O02824,0,,0
O02833,0,,0
O02825,0,,0
O02836,0,,0
O02832,0,,0
O02837,0,,0
O02830,0,,0
O02826,0,,0
O02829,0,,0
O02831,0,,0
O02840,0,,0
O02842,0,,0
O02846,1,Product mismatch,9
O02845,0,,0
O02844,0,,0
O02847,0,,0
O02843,0,,0
O02841,0,,0
O02839,1,Changed mind,5
O02848,1,Size issue,8
O02853,0,,0
O02858,0,,0
O02860,0,,0
O02850,1,Damaged product,7
O02857,1,Changed mind,6
O02852,0,,0
O02859,0,,0
O02849,0,,0
O02856,0,,0
O02851,0,,0
O02855,0,,0
O02854,0,,0
O02863,1,Changed mind,7
O02866,0,,0
O02867,0,,0
O02864,0,,0
O02862,0,,0
O02865,0,,0
O02861,1,Changed mind,2
O02868,1,Size issue,6
O02874,0,,0
O02871,0,,0
O02869,0,,0
O02876,0,,0
O02872,0,,0
O02877,0,,0
O02878,0,,0
O02870,0,,0
O02875,0,,0
O02873,0,,0
O02888,0,,0
O02892,0,,0
O02890,0,,0
O02889,0,,0
O02882,0,,0
O02895,0,,0
O02885,1,Product mismatch,10
O02897,0,,0
O02880,0,,0
O02893,0,,0
O02894,0,,0
O02896,1,Product mismatch,11
O02879,0,,0
O02887,0,,0
O02886,0,,0
O02891,0,,0
O02881,0,,0
O02884,0,,0
O02883,0,,0
O02902,0,,0
O02900,0,,0
O02904,0,,0
O02903,0,,0
O02901,0,,0
O02898,0,,0
O02899,0,,0
O02912,0,,0
O02905,0,,0
O02909,0,,0
O02910,0,,0
O02913,0,,0
O02917,0,,0
O02914,0,,0
O02915,0,,0
O02911,0,,0
O02906,0,,0
O02908,0,,0
O02916,0,,0
O02918,0,,0
O02907,0,,0
O02924,0,,0
O02926,0,,0
O02922,1,Product mismatch,11
O02921,0,,0
O02919,0,,0
O02923,0,,0
O02927,0,,0
O02925,0,,0
O02920,0,,0
O02928,0,,0
O02931,0,,0
O02933,0,,0
O02935,0,,0
O02930,0,,0
O02932,0,,0
O02929,0,,0
O02934,0,,0
O02939,0,,0
O02937,0,,0
O02938,0,,0
O02936,0,,0
O02943,0,,0
O02942,0,,0
O02944,0,,0
O02941,0,,0
O02940,0,,0
O02945,0,,0
O02949,0,,0
O02950,0,,0
O02946,0,,0
O02953,0,,0
O02956,0,,0
O02947,0,,0
O02954,0,,0
O02951,0,,0
O02948,0,,0
O02952,0,,0
O02957,0,,0
O02955,0,,0
O02958,1,Changed mind,4
O02959,0,,0
O02965,0,,0
O02962,0,,0
O02960,0,,0
O02963,0,,0
O02966,0,,0
O02964,0,,0
O02961,0,,0
O02969,0,,0
O02968,0,,0
O02974,1,Changed mind,8
O02977,1,Product mismatch,8
O02971,0,,0
O02970,1,Damaged product,13
O02967,0,,0
O02972,0,,0
O02978,0,,0
O02973,0,,0
O02979,0,,0
O02975,0,,0
O02976,0,,0
O02983,0,,0
O02980,0,,0
O02982,0,,0
O02985,0,,0
O02981,0,,0
O02984,0,,0
O02986,0,,0
O02988,0,,0
O02989,0,,0
O02991,0,,0
O02987,0,,0
O02992,0,,0
O02990,0,,0
O03004,0,,0
O03002,1,Changed mind,9
O02999,0,,0
O02998,0,,0
O02995,0,,0
O02996,1,Product mismatch,7
O02997,0,,0
O02994,0,,0
O03000,1,Product mismatch,12
O03003,0,,0
O03001,0,,0
O02993,0,,0
O03010,0,,0
O03008,0,,0
O03005,0,,0
O03009,0,,0
O03006,0,,0
O03007,0,,0
O03012,1,Size issue,9
O03014,0,,0
O03013,0,,0
O03011,0,,0
O03021,0,,0
O03023,0,,0
O03019,0,,0
O03025,1,Changed mind,10
O03016,0,,0
O03024,0,,0
O03020,0,,0
O03015,0,,0
O03018,0,,0
O03026,0,,0
O03022,0,,0
O03017,0,,0
O03030,0,,0
O03034,0,,0
O03031,0,,0
O03027,0,,0
O03033,0,,0
O03032,1,Size issue,6
O03029,0,,0
O03028,0,,0
O03044,0,,0
O03040,0,,0
O03036,0,,0
O03039,0,,0
O03037,0,,0
O03042,0,,0
O03043,0,,0
O03038,0,,0
O03041,0,,0
O03035,0,,0
O03055,0,,0
O03052,0,,0
O03054,0,,0
O03051,0,,0
O03053,0,,0
O03047,0,,0
O03050,0,,0
O03045,0,,0
O03046,0,,0
O03049,1,Product mismatch,12
O03048,0,,0
O03056,0,,0
O03057,0,,0
O03063,0,,0
O03062,0,,0
O03058,0,,0
O03059,0,,0
O03060,0,,0
O03064,0,,0
O03061,0,,0
O03069,0,,0
O03068,0,,0
O03067,1,Damaged product,9
O03066,0,,0
O03071,0,,0
O03070,0,,0
O03065,1,Product mismatch,6
O03077,0,,0
O03076,0,,0
O03078,0,,0
O03072,0,,0
O03075,0,,0
O03073,0,,0
O03074,0,,0
O03089,1,Changed mind,7
O03087,0,,0
O03084,0,,0
O03086,0,,0
O03081,0,,0
O03085,0,,0
O03082,0,,0
O03088,0,,0
O03083,0,,0
O03080,1,Changed mind,4
O03079,1,Product mismatch,2
O03096,0,,0
O03097,1,Product mismatch,13
O03094,0,,0
O03091,0,,0
O03092,0,,0
O03098,0,,0
O03093,0,,0
O03095,0,,0
O03090,0,,0
O03099,0,,0
O03105,0,,0
O03109,0,,0
O03103,0,,0
O03106,0,,0
O03107,0,,0
O03118,0,,0
O03102,0,,0
O03110,0,,0
O03108,0,,0
O03115,0,,0
O03116,0,,0
O03101,0,,0
O03111,0,,0
O03112,0,,0
O03113,0,,0
O03104,0,,0
O03100,1,Size issue,14
O03117,0,,0
O03114,0,,0
O03124,0,,0
O03121,0,,0
O03119,0,,0
O03122,0,,0
O03120,0,,0
O03125,0,,0
O03128,0,,0
O03126,0,,0
O03123,0,,0
O03127,0,,0
O03129,0,,0
O03140,0,,0
O03135,0,,0
O03136,0,,0
O03131,0,,0
O03134,0,,0
O03138,0,,0
O03130,1,Changed mind,10
O03133,0,,0
O03139,0,,0
O03132,0,,0
O03137,0,,0
O03150,0,,0
O03145,0,,0
O03142,0,,0
O03144,0,,0
O03143,0,,0
O03147,0,,0
O03141,0,,0
O03146,0,,0
O03151,0,,0
O03149,0,,0
O03148,0,,0
O03157,0,,0
O03160,0,,0
O03155,0,,0
O03154,0,,0
O03161,1,Changed mind,11
O03156,0,,0
O03159,0,,0
O03162,1,Product mismatch,5
O03163,0,,0
O03158,0,,0
O03153,1,Product mismatch,14
O03164,0,,0
O03165,1,Product mismatch,12
O03152,0,,0
O03166,0,,0
O03171,1,Changed mind,9
O03169,0,,0
O03174,1,Product mismatch,13
O03168,0,,0
O03170,0,,0
O03175,0,,0
O03167,1,Product mismatch,9
O03172,0,,0
O03173,0,,0
O03180,0,,0
O03182,0,,0
O03177,0,,0
O03178,0,,0
O03176,0,,0
O03179,1,Product mismatch,4
O03181,0,,0
O03183,0,,0
O03184,0,,0
O03193,0,,0
O03186,0,,0
O03192,0,,0
O03188,0,,0
O03195,0,,0
O03190,0,,0
O03185,0,,0
O03194,0,,0
O03187,0,,0
O03191,0,,0
O03196,0,,0
O03189,0,,0
O03205,0,,0
O03200,0,,0
O03208,0,,0
O03204,0,,0
O03203,0,,0
O03207,1,Changed mind,13
O03202,0,,0
O03199,0,,0
O03206,0,,0
O03201,1,Changed mind,6
O03209,0,,0
O03197,0,,0
O03198,1,Damaged product,5
O03217,0,,0
O03213,0,,0
O03211,0,,0
O03219,0,,0
O03218,0,,0
O03210,0,,0
O03215,0,,0
O03212,0,,0
O03216,0,,0
O03214,0,,0
O03230,0,,0
O03220,0,,0
O03222,0,,0
O03229,0,,0
O03225,0,,0
O03221,0,,0
O03224,0,,0
O03226,0,,0
O03223,0,,0
O03227,0,,0
O03228,1,Changed mind,4
O03234,0,,0
O03240,0,,0
O03237,0,,0
O03242,0,,0
O03241,0,,0
O03244,0,,0
O03238,0,,0
O03232,0,,0
O03236,0,,0
O03239,0,,0
O03243,1,Changed mind,11
O03233,0,,0
O03231,0,,0
O03235,0,,0
O03250,0,,0
O03248,0,,0
O03245,0,,0
O03246,0,,0
O03249,0,,0
O03253,0,,0
O03251,0,,0
O03252,0,,0
O03247,0,,0
O03257,0,,0
O03258,0,,0
O03255,0,,0
O03262,0,,0
O03261,1,Product mismatch,14
O03256,0,,0
O03264,0,,0
O03259,0,,0
O03265,0,,0
O03260,0,,0
O03263,0,,0
O03254,0,,0
O03280,0,,0
O03271,0,,0
O03266,0,,0
O03277,1,Size issue,2
O03267,0,,0
O03268,0,,0
O03272,0,,0
O03270,0,,0
O03273,0,,0
O03276,0,,0
O03278,0,,0
O03274,0,,0
O03269,0,,0
O03275,0,,0
O03279,0,,0
O03289,0,,0
O03282,0,,0
O03286,0,,0
O03283,0,,0
O03281,0,,0
O03284,0,,0
O03287,0,,0
O03285,0,,0
O03288,0,,0
O03297,0,,0
O03294,0,,0
O03299,0,,0
O03290,0,,0
O03295,0,,0
O03298,0,,0
O03300,0,,0
O03292,0,,0
O03293,0,,0
O03291,0,,0
O03296,0,,0
O03307,0,,0
O03303,0,,0
O03301,0,,0
O03308,0,,0
O03302,0,,0
O03305,0,,0
O03306,0,,0
O03304,0,,0
O03309,0,,0
O03310,0,,0
O03312,0,,0
O03313,0,,0
O03315,0,,0
O03314,0,,0
O03311,0,,0
O03319,0,,0
O03321,0,,0
O03317,0,,0
O03318,0,,0
O03316,0,,0
O03322,0,,0
O03320,1,Product mismatch,10
O03326,0,,0
O03327,0,,0
O03323,1,Product mismatch,8
O03329,1,Changed mind,8
O03324,0,,0
O03328,0,,0
O03330,0,,0
O03333,0,,0
O03325,0,,0
O03331,0,,0
O03332,0,,0
O03343,0,,0
O03339,0,,0
O03341,0,,0
O03335,0,,0
O03338,0,,0
O03342,0,,0
O03334,0,,0
O03340,0,,0
O03336,0,,0
O03337,0,,0
O03344,0,,0
O03345,0,,0
O03347,0,,0
O03349,0,,0
O03348,0,,0
O03346,0,,0
O03351,1,Damaged product,8
O03350,0,,0
O03352,0,,0
O03353,0,,0
O03357,0,,0
O03354,0,,0
O03360,0,,0
O03356,0,,0
O03355,0,,0
O03358,0,,0
O03359,0,,0
O03361,0,,0
O03371,0,,0
O03369,0,,0
O03372,0,,0
O03365,0,,0
O03367,0,,0
O03364,1,Product mismatch,6
O03362,1,Product mismatch,13
O03373,0,,0
O03363,0,,0
O03366,0,,0
O03370,0,,0
O03368,0,,0
O03379,0,,0
O03378,0,,0
O03375,0,,0
O03376,0,,0
O03380,0,,0
O03377,0,,0
O03374,0,,0
O03381,1,Changed mind,9
O03389,0,,0
O03386,0,,0
O03382,0,,0
O03385,0,,0
O03388,0,,0
O03384,0,,0
O03383,0,,0
O03387,0,,0
O03400,0,,0
O03393,0,,0
O03396,0,,0
O03397,0,,0
O03402,0,,0
O03401,0,,0
O03394,0,,0
O03398,0,,0
O03390,0,,0
O03395,0,,0
O03392,0,,0
O03403,0,,0
O03391,0,,0
O03399,0,,0
O03405,0,,0
O03406,0,,0
O03408,0,,0
O03407,0,,0
O03411,0,,0
O03412,0,,0
O03409,0,,0
O03416,0,,0
O03414,1,Damaged product,6
O03410,0,,0
O03415,0,,0
O03404,0,,0
O03413,0,,0
O03424,0,,0
O03425,0,,0
O03422,0,,0
O03427,0,,0
O03421,0,,0
O03430,0,,0
O03418,0,,0
O03417,0,,0
O03426,0,,0
O03420,0,,0
O03419,0,,0
O03428,0,,0
O03423,0,,0
O03429,0,,0
O03433,0,,0
O03431,0,,0
O03432,0,,0
O03435,0,,0
O03437,0,,0
O03436,0,,0
O03434,0,,0
O03439,0,,0
O03440,0,,0
O03445,0,,0
O03444,0,,0
O03441,0,,0
O03442,0,,0
O03443,0,,0
O03438,0,,0
O03449,0,,0
O03450,0,,0
O03451,1,Product mismatch,5
O03446,1,Changed mind,6
O03448,1,Damaged product,10
O03447,0,,0
O03454,1,Damaged product,14
O03453,1,Product mismatch,2
O03452,1,Product mismatch,3
O03460,0,,0
O03458,0,,0
O03461,0,,0
O03462,1,Changed mind,6
O03463,0,,0
O03459,0,,0
O03464,0,,0
O03457,0,,0
O03455,0,,0
O03456,0,,0
O03468,0,,0
O03469,0,,0
O03467,0,,0
O03470,0,,0
O03465,0,,0
O03466,0,,0
O03473,0,,0
O03478,0,,0
O03471,0,,0
O03482,0,,0
O03477,0,,0
O03481,0,,0
O03479,0,,0
O03475,0,,0
O03483,0,,0
O03472,0,,0
O03480,0,,0
O03476,0,,0
O03474,0,,0
O03484,1,Changed mind,7
O03487,0,,0
O03485,0,,0
O03486,0,,0
O03488,0,,0
O03493,0,,0
O03499,1,Size issue,7
O03489,0,,0
O03491,0,,0
O03494,1,Changed mind,7
O03490,0,,0
O03498,0,,0
O03495,0,,0
O03496,0,,0
O03492,1,Changed mind,13
O03500,0,,0
O03497,0,,0
O03506,0,,0
O03507,0,,0
O03504,0,,0
O03508,0,,0
O03509,0,,0
O03510,1,Changed mind,5
O03501,1,Changed mind,5
O03511,0,,0
O03505,0,,0
O03503,0,,0
O03502,1,Product mismatch,7
O03516,0,,0
O03525,0,,0
O03522,0,,0
O03515,0,,0
O03527,0,,0
O03523,0,,0
O03513,0,,0
O03521,0,,0
O03517,0,,0
O03520,0,,0
O03518,1,Damaged product,10
O03524,0,,0
O03512,0,,0
O03514,0,,0
O03519,0,,0
O03526,0,,0
O03528,0,,0
O03529,0,,0
O03531,0,,0
O03535,1,Product mismatch,7
O03534,0,,0
O03532,0,,0
O03538,0,,0
O03530,1,Product mismatch,9
O03536,0,,0
O03537,0,,0
O03533,0,,0
O03547,1,Size issue,3
O03552,0,,0
O03539,0,,0
O03542,0,,0
O03553,0,,0
O03545,0,,0
O03541,0,,0
O03549,0,,0
O03550,0,,0
O03554,0,,0
O03556,0,,0
O03540,0,,0
O03544,0,,0
O03548,0,,0
O03546,1,Size issue,6
O03555,0,,0
O03551,0,,0
O03543,0,,0
O03557,0,,0
O03564,0,,0
O03566,0,,0
O03561,0,,0
O03560,0,,0
O03565,0,,0
O03558,1,Size issue,4
O03563,1,Product mismatch,14
O03559,0,,0
O03567,0,,0
O03562,0,,0
O03575,0,,0
O03572,0,,0
O03569,0,,0
O03574,0,,0
O03573,0,,0
O03571,0,,0
O03568,0,,0
O03570,0,,0
O03578,0,,0
O03579,0,,0
O03581,0,,0
O03580,0,,0
O03576,0,,0
O03577,0,,0
O03582,0,,0
O03583,0,,0
O03585,0,,0
O03586,1,Product mismatch,7
O03584,0,,0
O03592,0,,0
O03591,0,,0
O03587,0,,0
O03589,0,,0
O03595,0,,0
O03590,0,,0
O03588,0,,0
O03594,0,,0
O03593,0,,0
O03601,0,,0
O03596,0,,0
O03602,0,,0
O03597,0,,0
O03604,0,,0
O03600,0,,0
O03599,0,,0
O03598,0,,0
O03603,0,,0
O03610,0,,0
O03609,1,Product mismatch,7
O03611,0,,0
O03607,1,Damaged product,14
O03606,0,,0
O03608,0,,0
O03605,0,,0
O03613,0,,0
O03619,0,,0
O03614,0,,0
O03615,0,,0
O03617,0,,0
O03616,0,,0
O03612,1,Product mismatch,11
O03618,0,,0
O03623,0,,0
O03620,0,,0
O03621,0,,0
O03624,0,,0
O03622,0,,0
O03625,1,Damaged product,9
O03626,0,,0
O03631,0,,0
O03632,0,,0
O03630,0,,0
O03627,0,,0
O03629,0,,0
O03634,0,,0
O03633,0,,0
O03628,0,,0
O03635,0,,0
O03640,0,,0
O03637,0,,0
O03638,0,,0
O03636,0,,0
O03639,0,,0
O03643,0,,0
O03644,0,,0
O03649,0,,0
O03641,0,,0
O03642,0,,0
O03645,1,Changed mind,10
O03648,0,,0
O03650,0,,0
O03646,1,Changed mind,2
O03647,1,Size issue,2
O03655,0,,0
O03652,0,,0
O03657,0,,0
O03656,1,Changed mind,4
O03651,0,,0
O03653,0,,0
O03658,0,,0
O03659,0,,0
O03654,0,,0
O03660,0,,0
O03662,0,,0
O03663,0,,0
O03661,1,Changed mind,7
O03664,0,,0
O03665,0,,0
O03675,1,Damaged product,11
O03667,0,,0
O03666,1,Changed mind,10
O03668,0,,0
O03673,0,,0
O03676,0,,0
O03670,0,,0
O03674,0,,0
O03669,0,,0
O03671,0,,0
O03672,0,,0
O03681,0,,0
O03680,0,,0
O03677,0,,0
O03678,1,Size issue,6
O03682,0,,0
O03679,0,,0
O03685,0,,0
O03683,0,,0
O03684,1,Product mismatch,6
O03693,0,,0
O03688,0,,0
O03694,0,,0
O03690,0,,0
O03687,0,,0
O03691,0,,0
O03692,0,,0
O03686,1,Product mismatch,2
O03695,0,,0
O03689,0,,0
O03701,0,,0
O03700,0,,0
O03696,0,,0
O03697,0,,0
O03699,0,,0
O03698,0,,0
O03702,0,,0
O03703,0,,0
O03711,0,,0
O03712,1,Product mismatch,4
O03714,0,,0
O03710,1,Product mismatch,13
O03706,0,,0
O03713,0,,0
O03709,1,Changed mind,5
O03705,0,,0
O03704,0,,0
O03708,0,,0
O03707,0,,0
O03718,0,,0
O03717,0,,0
O03721,0,,0
O03716,1,Damaged product,6
O03719,0,,0
O03722,0,,0
O03724,0,,0
O03715,0,,0
O03723,0,,0
O03720,1,Changed mind,8
O03732,0,,0
O03729,0,,0
O03730,0,,0
O03728,0,,0
O03727,0,,0
O03731,0,,0
O03725,0,,0
O03726,0,,0
O03735,0,,0
O03733,0,,0
O03734,0,,0
O03746,0,,0
O03744,0,,0
O03742,0,,0
O03736,0,,0
O03738,0,,0
O03747,1,Size issue,6
O03743,0,,0
O03745,0,,0
O03740,0,,0
O03737,0,,0
O03739,0,,0
O03741,0,,0
O03758,0,,0
O03752,0,,0
O03751,0,,0
O03759,0,,0
O03755,0,,0
O03750,0,,0
O03756,0,,0
O03757,0,,0
O03749,1,Damaged product,12
O03748,0,,0
O03753,0,,0
O03754,0,,0
O03762,1,Product mismatch,14
O03763,0,,0
O03765,0,,0
O03767,0,,0
O03766,0,,0
O03761,0,,0
O03764,0,,0
O03760,1,Product mismatch,2
O03778,0,,0
O03776,0,,0
O03773,0,,0
O03770,0,,0
O03771,0,,0
O03777,0,,0
O03769,0,,0
O03775,0,,0
O03772,0,,0
O03768,0,,0
O03774,0,,0
O03783,0,,0
O03781,1,Changed mind,11
O03782,0,,0
O03785,0,,0
O03780,0,,0
O03784,0,,0
O03786,0,,0
O03787,0,,0
O03779,0,,0
O03790,0,,0
O03800,0,,0
O03803,0,,0
O03802,0,,0
O03797,1,Changed mind,13
O03799,0,,0
O03798,0,,0
O03804,0,,0
O03789,0,,0
O03794,0,,0
O03795,0,,0
O03801,0,,0
O03796,0,,0
O03788,0,,0
O03793,0,,0
O03791,0,,0
O03792,0,,0
O03805,0,,0
O03806,0,,0
O03812,1,Changed mind,14
O03807,0,,0
O03811,1,Size issue,13
O03809,0,,0
O03808,0,,0
O03810,0,,0
O03817,0,,0
O03814,0,,0
O03815,0,,0
O03816,1,Damaged product,2
O03818,0,,0
O03813,0,,0
O03824,0,,0
O03819,0,,0
O03821,0,,0
O03825,0,,0
O03828,0,,0
O03822,0,,0
O03827,0,,0
O03823,0,,0
O03826,0,,0
O03820,0,,0
O03837,0,,0
O03830,0,,0
O03840,0,,0
O03836,0,,0
O03833,0,,0
O03838,0,,0
O03831,0,,0
O03839,0,,0
O03832,0,,0
O03835,0,,0
O03834,0,,0
O03829,0,,0
O03842,0,,0
O03846,0,,0
O03844,0,,0
O03848,0,,0
O03845,0,,0
O03847,0,,0
O03841,0,,0
O03843,0,,0
O03849,0,,0
O03859,0,,0
O03857,0,,0
O03856,0,,0
O03852,0,,0
O03860,0,,0
O03854,0,,0
O03850,0,,0
O03858,0,,0
O03861,0,,0
O03855,0,,0
O03853,0,,0
O03851,0,,0
O03863,0,,0
O03866,0,,0
O03862,0,,0
O03864,0,,0
O03867,0,,0
O03868,0,,0
O03865,0,,0
O03869,0,,0
O03881,0,,0
O03877,0,,0
O03872,0,,0
O03874,0,,0
O03871,1,Size issue,7
O03883,0,,0
O03878,0,,0
O03870,1,Size issue,5
O03873,0,,0
O03879,0,,0
O03875,0,,0
O03880,1,Damaged product,4
O03876,0,,0
O03882,0,,0
O03885,0,,0
O03884,0,,0
O03888,0,,0
O03886,1,Product mismatch,10
O03893,0,,0
O03892,1,Product mismatch,3
O03889,0,,0
O03887,1,Damaged product,2
O03891,0,,0
O03890,1,Damaged product,11
O03895,0,,0
O03896,0,,0
O03894,0,,0
O03898,0,,0
O03900,0,,0
O03903,0,,0
O03897,0,,0
O03901,0,,0
O03899,0,,0
O03902,0,,0
O03907,0,,0
O03910,0,,0
O03909,0,,0
O03904,0,,0
O03906,0,,0
O03911,0,,0
O03905,0,,0
O03908,0,,0
O03916,0,,0
O03923,0,,0
O03913,1,Product mismatch,12
O03921,0,,0
O03920,0,,0
O03917,0,,0
O03915,1,Changed mind,11
O03918,0,,0
O03919,0,,0
O03912,0,,0
O03924,0,,0
O03914,0,,0
O03922,1,Damaged product,8
O03925,0,,0
O03927,0,,0
O03926,0,,0
O03929,0,,0
O03928,0,,0
O03930,0,,0
O03936,0,,0
O03940,0,,0
O03939,0,,0
O03935,0,,0
O03934,0,,0
O03938,1,Product mismatch,2
O03937,0,,0
O03932,0,,0
O03931,0,,0
O03933,0,,0
O03942,1,Changed mind,11
O03944,0,,0
O03945,0,,0
O03941,0,,0
O03947,0,,0
O03943,0,,0
O03946,0,,0
O03956,0,,0
O03960,0,,0
O03958,0,,0
O03957,0,,0
O03950,0,,0
O03964,0,,0
O03948,0,,0
O03949,0,,0
O03959,0,,0
O03963,0,,0
O03953,0,,0
O03965,0,,0
O03961,0,,0
O03951,0,,0
O03955,0,,0
O03954,0,,0
O03962,0,,0
O03952,0,,0
O03974,0,,0
O03967,0,,0
O03970,0,,0
O03968,0,,0
O03971,0,,0
O03966,0,,0
O03972,1,Product mismatch,4
O03973,0,,0
O03969,0,,0
O03981,0,,0
O03985,0,,0
O03980,0,,0
O03982,0,,0
O03979,0,,0
O03984,0,,0
O03977,0,,0
O03986,0,,0
O03978,0,,0
O03975,0,,0
O03976,0,,0
O03983,0,,0
O03990,0,,0
O03991,0,,0
O03995,0,,0
O03993,1,Product mismatch,11
O03987,0,,0
O03992,0,,0
O03989,0,,0
O03994,0,,0
O03988,0,,0
O04001,0,,0
O04005,0,,0
O04006,0,,0
O03996,0,,0
O04000,0,,0
O03998,0,,0
O04003,0,,0
O03999,0,,0
O03997,0,,0
O04002,0,,0
O04004,0,,0
O04010,0,,0
O04014,0,,0
O04008,0,,0
O04007,0,,0
O04016,0,,0
O04015,0,,0
O04012,1,Product mismatch,5
O04009,0,,0
O04011,1,Size issue,14
O04013,0,,0
O04019,0,,0
O04018,0,,0
O04020,0,,0
O04023,0,,0
O04017,0,,0
O04021,0,,0
O04024,0,,0
O04022,0,,0
O04026,0,,0
O04027,1,Changed mind,5
O04025,0,,0
O04035,0,,0
O04030,0,,0
O04033,0,,0
O04029,0,,0
O04028,0,,0
O04031,1,Changed mind,6
O04034,0,,0
O04032,0,,0
O04045,0,,0
O04042,0,,0
O04041,0,,0
O04049,0,,0
O04050,0,,0
O04038,0,,0
O04046,0,,0
O04043,0,,0
O04048,0,,0
O04044,0,,0
O04040,0,,0
O04036,0,,0
O04039,0,,0
O04037,1,Damaged product,13
O04047,0,,0
O04051,0,,0
O04058,0,,0
O04056,1,Changed mind,7
O04052,1,Product mismatch,3
O04057,0,,0
O04053,0,,0
O04054,1,Size issue,2
O04055,0,,0
O04060,0,,0
O04064,0,,0
O04062,0,,0
O04065,0,,0
O04059,1,Product mismatch,8
O04067,0,,0
O04061,0,,0
O04063,1,Damaged product,11
O04066,0,,0
O04071,0,,0
O04073,0,,0
O04074,0,,0
O04068,0,,0
O04069,0,,0
O04070,0,,0
O04072,0,,0
O04075,0,,0
O04077,1,Damaged product,4
O04076,0,,0
O04081,0,,0
O04083,0,,0
O04078,0,,0
O04080,1,Changed mind,9
O04079,1,Size issue,9
O04082,0,,0
O04085,0,,0
O04088,0,,0
O04091,0,,0
O04090,0,,0
O04084,0,,0
O04086,0,,0
O04093,0,,0
O04089,0,,0
O04092,0,,0
O04094,0,,0
O04087,0,,0
O04101,0,,0
O04100,0,,0
O04107,0,,0
O04096,0,,0
O04095,0,,0
O04099,0,,0
O04105,0,,0
O04104,0,,0
O04097,0,,0
O04102,0,,0
O04106,0,,0
O04109,0,,0
O04098,1,Product mismatch,3
O04103,0,,0
O04108,0,,0
O04115,1,Size issue,12
O04113,0,,0
O04111,0,,0
O04110,0,,0
O04112,0,,0
O04116,0,,0
O04114,0,,0
O04123,0,,0
O04124,0,,0
O04121,0,,0
O04120,0,,0
O04119,0,,0
O04125,0,,0
O04118,0,,0
O04126,0,,0
O04122,0,,0
O04127,0,,0
O04117,1,Product mismatch,7
O04137,0,,0
O04131,0,,0
O04140,0,,0
O04130,0,,0
O04141,0,,0
O04129,0,,0
O04138,0,,0
O04132,0,,0
O04128,0,,0
O04139,0,,0
O04134,0,,0
O04142,1,Product mismatch,2
O04136,0,,0
O04135,0,,0
O04133,0,,0
O04148,0,,0
O04144,0,,0
O04149,0,,0
O04145,0,,0
O04146,0,,0
O04147,0,,0
O04143,0,,0
O04154,0,,0
O04153,0,,0
O04155,0,,0
O04152,0,,0
O04150,1,Changed mind,10
O04151,0,,0
O04156,1,Size issue,9
O04158,0,,0
O04162,0,,0
O04160,0,,0
O04157,0,,0
O04163,0,,0
O04161,0,,0
O04159,0,,0
O04166,0,,0
O04165,0,,0
O04164,0,,0
O04168,0,,0
O04167,0,,0
O04172,0,,0
O04170,0,,0
O04171,0,,0
O04169,0,,0
O04175,0,,0
O04177,0,,0
O04180,0,,0
O04176,0,,0
O04181,1,Product mismatch,9
O04182,0,,0
O04173,0,,0
O04178,0,,0
O04185,0,,0
O04184,0,,0
O04174,1,Size issue,8
O04179,0,,0
O04183,0,,0
O04192,0,,0
O04186,0,,0
O04190,0,,0
O04187,0,,0
O04191,0,,0
O04194,0,,0
O04195,0,,0
O04188,1,Changed mind,4
O04193,0,,0
O04189,0,,0
O04196,0,,0
O04197,1,Product mismatch,8
O04200,1,Changed mind,9
O04198,0,,0
O04199,0,,0
O04201,0,,0
O04202,0,,0
O04204,0,,0
O04203,0,,0
O04207,1,Product mismatch,11
O04209,0,,0
O04206,0,,0
O04205,0,,0
O04208,0,,0
O04211,0,,0
O04213,0,,0
O04212,0,,0
O04210,0,,0
O04226,0,,0
O04223,0,,0
O04221,0,,0
O04219,0,,0
O04216,0,,0
O04215,0,,0
O04217,0,,0
O04218,0,,0
O04224,0,,0
O04222,0,,0
O04225,0,,0
O04220,0,,0
O04214,0,,0
O04230,0,,0
O04227,0,,0
O04231,0,,0
O04232,0,,0
O04233,0,,0
O04228,0,,0
O04234,0,,0
O04229,0,,0
O04244,0,,0
O04241,0,,0
O04237,0,,0
O04242,0,,0
O04240,0,,0
O04245,0,,0
O04235,0,,0
O04236,0,,0
O04247,1,Product mismatch,7
O04239,0,,0
O04243,0,,0
O04238,0,,0
O04246,0,,0
O04255,1,Changed mind,9
O04258,0,,0
O04257,0,,0
O04251,0,,0
O04259,0,,0
O04254,0,,0
O04260,1,Size issue,10
O04256,0,,0
O04252,0,,0
O04248,0,,0
O04250,0,,0
O04249,0,,0
O04253,0,,0
O04263,0,,0
O04264,0,,0
O04262,0,,0
O04267,0,,0
O04261,0,,0
O04266,0,,0
O04265,0,,0
O04279,0,,0
O04275,0,,0
O04270,0,,0
O04276,0,,0
O04274,0,,0
O04273,0,,0
O04281,0,,0
O04277,0,,0
O04280,1,Changed mind,4
O04269,0,,0
O04271,0,,0
O04278,0,,0
O04272,0,,0
O04268,0,,0
O04286,0,,0
O04288,0,,0
O04284,0,,0
O04285,0,,0
O04290,0,,0
O04282,0,,0
O04287,0,,0
O04289,0,,0
O04283,0,,0
O04291,0,,0
O04294,0,,0
O04292,0,,0
O04296,0,,0
O04295,0,,0
O04297,0,,0
O04293,0,,0
O04306,0,,0
O04299,0,,0
O04303,0,,0
O04309,0,,0
O04302,0,,0
O04304,0,,0
O04300,0,,0
O04301,0,,0
O04308,0,,0
O04307,0,,0
O04305,0,,0
O04298,0,,0
O04310,1,Product mismatch,2
O04318,0,,0
O04319,0,,0
O04320,0,,0
O04317,0,,0
O04313,0,,0
O04311,0,,0
O04314,0,,0
O04316,0,,0
O04315,0,,0
O04312,0,,0
O04328,0,,0
O04329,0,,0
O04321,0,,0
O04326,0,,0
O04322,0,,0
O04323,0,,0
O04324,0,,0
O04330,0,,0
O04325,0,,0
O04327,0,,0
O04331,0,,0
O04332,0,,0
O04333,0,,0
O04334,0,,0
O04337,0,,0
O04338,0,,0
O04336,0,,0
O04335,0,,0
O04347,0,,0
O04339,0,,0
O04346,0,,0
O04343,0,,0
O04348,0,,0
O04344,1,Changed mind,6
O04340,0,,0
O04341,0,,0
O04349,0,,0
O04342,0,,0
O04345,0,,0
O04357,0,,0
O04351,0,,0
O04356,0,,0
O04354,0,,0
O04350,0,,0
O04353,0,,0
O04355,0,,0
O04358,0,,0
O04352,1,Product mismatch,5
O04363,0,,0
O04366,0,,0
O04365,0,,0
O04362,0,,0
O04360,0,,0
O04359,1,Changed mind,4
O04364,0,,0
O04361,0,,0
O04367,0,,0
O04368,0,,0
O04370,0,,0
O04374,0,,0
O04371,0,,0
O04372,0,,0
O04369,0,,0
O04373,0,,0
O04375,0,,0
O04377,0,,0
O04379,0,,0
O04378,0,,0
O04376,0,,0
O04384,0,,0
O04385,0,,0
O04386,0,,0
O04382,0,,0
O04387,0,,0
O04388,0,,0
O04383,0,,0
O04380,0,,0
O04381,0,,0
O04390,0,,0
O04393,0,,0
O04396,0,,0
O04397,0,,0
O04392,0,,0
O04399,0,,0
O04389,0,,0
O04400,0,,0
O04391,0,,0
O04394,0,,0
O04398,0,,0
O04395,0,,0
O04401,0,,0
O04407,0,,0
O04404,0,,0
O04402,0,,0
O04403,0,,0
O04408,0,,0
O04406,0,,0
O04409,0,,0
O04405,1,Product mismatch,13
O04410,0,,0
O04412,1,Changed mind,10
O04411,0,,0
O04414,0,,0
O04413,0,,0
O04417,0,,0
O04418,0,,0
O04416,0,,0
O04415,0,,0
O04421,0,,0
O04424,0,,0
O04422,0,,0
O04420,0,,0
O04419,0,,0
O04423,0,,0
O04425,0,,0
O04426,0,,0
O04428,0,,0
O04427,0,,0
O04430,0,,0
O04429,0,,0
O04436,0,,0
O04431,0,,0
O04432,0,,0
O04435,0,,0
O04433,0,,0
O04434,0,,0
O04441,0,,0
O04439,0,,0
O04437,0,,0
O04443,0,,0
O04444,0,,0
O04445,0,,0
O04446,0,,0
O04442,0,,0
O04440,0,,0
O04438,0,,0
O04454,0,,0
O04456,1,Changed mind,5
O04449,0,,0
O04455,0,,0
O04451,0,,0
O04448,1,Changed mind,7
O04452,0,,0
O04450,0,,0
O04453,0,,0
O04447,0,,0
O04464,0,,0
O04460,0,,0
O04466,0,,0
O04459,0,,0
O04463,0,,0
O04461,0,,0
O04465,0,,0
O04458,0,,0
O04462,0,,0
O04467,0,,0
O04457,0,,0
O04475,0,,0
O04474,0,,0
O04469,0,,0
O04470,1,Product mismatch,8
O04476,0,,0
O04473,0,,0
O04472,0,,0
O04477,0,,0
O04471,0,,0
O04468,0,,0
O04482,0,,0
O04486,0,,0
O04488,0,,0
O04479,0,,0
O04485,0,,0
O04489,0,,0
O04487,0,,0
O04478,0,,0
O04480,1,Damaged product,12
O04484,1,Size issue,2
O04481,0,,0
O04483,1,Product mismatch,9
O04493,0,,0
O04501,0,,0
O04496,0,,0
O04491,0,,0
O04498,0,,0
O04497,0,,0
O04499,0,,0
O04492,0,,0
O04490,1,Changed mind,5
O04495,0,,0
O04500,0,,0
O04494,1,Damaged product,3
O04504,0,,0
O04512,0,,0
O04506,1,Size issue,6
O04507,0,,0
O04511,1,Changed mind,2
O04509,1,Size issue,6
O04502,0,,0
O04510,0,,0
O04503,0,,0
O04508,0,,0
O04505,0,,0
O04522,0,,0
O04520,0,,0
O04515,0,,0
O04523,0,,0
O04514,0,,0
O04521,0,,0
O04517,0,,0
O04519,0,,0
O04518,0,,0
O04516,0,,0
O04513,0,,0
O04527,0,,0
O04529,1,Damaged product,7
O04524,0,,0
O04528,0,,0
O04525,1,Product mismatch,4
O04530,0,,0
O04526,0,,0
O04531,1,Product mismatch,2
O04533,0,,0
O04535,0,,0
O04532,0,,0
O04534,0,,0
O04539,0,,0
O04544,0,,0
O04536,0,,0
O04540,0,,0
O04542,0,,0
O04541,0,,0
O04545,0,,0
O04538,0,,0
O04543,0,,0
O04537,0,,0
O04555,0,,0
O04554,0,,0
O04548,0,,0
O04552,0,,0
O04553,0,,0
O04551,1,Product mismatch,2
O04547,0,,0
O04550,0,,0
O04549,0,,0
O04546,0,,0
O04567,0,,0
O04564,0,,0
O04562,0,,0
O04556,0,,0
O04565,0,,0
O04560,0,,0
O04557,0,,0
O04558,0,,0
O04561,1,Product mismatch,9
O04559,0,,0
O04563,0,,0
O04566,0,,0
O04568,0,,0
O04573,0,,0
O04570,1,Changed mind,8
O04574,0,,0
O04571,0,,0
O04572,0,,0
O04575,0,,0
O04569,0,,0
O04578,0,,0
O04586,0,,0
O04580,0,,0
O04583,0,,0
O04582,0,,0
O04576,0,,0
O04577,0,,0
O04581,1,Changed mind,12
O04587,0,,0
O04579,0,,0
O04584,0,,0
O04585,0,,0
O04592,0,,0
O04594,0,,0
O04601,0,,0
O04599,0,,0
O04588,0,,0
O04600,1,Size issue,11
O04598,0,,0
O04595,0,,0
O04593,0,,0
O04591,1,Product mismatch,5
O04603,0,,0
O04590,0,,0
O04597,0,,0
O04596,1,Product mismatch,3
O04602,0,,0
O04589,0,,0
O04613,0,,0
O04604,0,,0
O04610,0,,0
O04605,0,,0
O04614,0,,0
O04607,0,,0
O04617,0,,0
O04608,0,,0
O04611,0,,0
O04612,0,,0
O04616,0,,0
O04609,1,Size issue,6
O04606,0,,0
O04615,0,,0
O04622,1,Changed mind,10
O04621,0,,0
O04618,0,,0
O04626,0,,0
O04624,0,,0
O04623,0,,0
O04625,0,,0
O04619,0,,0
O04620,0,,0
O04638,0,,0
O04637,0,,0
O04630,0,,0
O04631,0,,0
O04633,0,,0
O04632,0,,0
O04629,1,Changed mind,6
O04634,0,,0
O04627,0,,0
O04636,0,,0
O04628,0,,0
O04635,0,,0
O04644,0,,0
O04643,0,,0
O04648,0,,0
O04639,0,,0
O04647,1,Changed mind,5
O04646,0,,0
O04642,0,,0
O04640,0,,0
O04649,0,,0
O04641,0,,0
O04645,0,,0
O04657,0,,0
O04658,0,,0
O04653,0,,0
O04656,1,Size issue,12
O04655,0,,0
O04650,0,,0
O04651,1,Size issue,6
O04652,0,,0
O04654,1,Changed mind,10
O04659,0,,0
O04662,0,,0
O04666,0,,0
O04664,0,,0
O04665,0,,0
O04660,0,,0
O04667,0,,0
O04663,0,,0
O04661,1,Product mismatch,13
O04669,0,,0
O04674,0,,0
O04675,0,,0
O04676,0,,0
O04670,1,Size issue,3
O04677,0,,0
O04671,1,Size issue,14
O04668,0,,0
O04672,0,,0
O04673,0,,0
O04692,0,,0
O04687,0,,0
O04681,0,,0
O04684,0,,0
O04689,0,,0
O04690,0,,0
O04686,0,,0
O04685,0,,0
O04682,0,,0
O04678,0,,0
O04688,0,,0
O04683,0,,0
O04680,0,,0
O04691,0,,0
O04679,0,,0
O04693,0,,0
O04699,1,Product mismatch,10
O04700,0,,0
O04696,0,,0
O04698,0,,0
O04695,1,Size issue,10
O04697,0,,0
O04694,0,,0
O04706,0,,0
O04705,0,,0
O04708,0,,0
O04702,0,,0
O04707,0,,0
O04701,0,,0
O04704,0,,0
O04703,0,,0
O04711,1,Size issue,11
O04718,1,Product mismatch,12
O04717,1,Damaged product,4
O04710,0,,0
O04709,1,Size issue,8
O04716,0,,0
O04714,0,,0
O04713,1,Changed mind,4
O04719,0,,0
O04715,0,,0
O04712,0,,0
O04720,0,,0
O04730,0,,0
O04729,0,,0
O04727,0,,0
O04725,0,,0
O04723,0,,0
O04721,0,,0
O04728,0,,0
O04731,0,,0
O04724,0,,0
O04726,0,,0
O04722,0,,0
O04732,0,,0
O04738,0,,0
O04736,0,,0
O04737,0,,0
O04739,0,,0
O04735,0,,0
O04733,0,,0
O04734,0,,0
O04742,0,,0
O04745,0,,0
O04743,0,,0
O04740,0,,0
O04741,1,Changed mind,3
O04744,1,Product mismatch,13
O04747,0,,0
O04749,1,Size issue,4
O04751,1,Changed mind,9
O04750,0,,0
O04746,0,,0
O04748,0,,0
O04756,0,,0
O04752,0,,0
O04753,0,,0
O04755,0,,0
O04754,0,,0
O04759,0,,0
O04760,0,,0
O04761,0,,0
O04763,0,,0
O04766,0,,0
O04758,1,Product mismatch,10
O04762,0,,0
O04767,0,,0
O04764,0,,0
O04757,0,,0
O04765,0,,0
O04770,0,,0
O04768,0,,0
O04773,0,,0
O04771,0,,0
O04772,0,,0
O04769,0,,0
O04784,0,,0
O04780,0,,0
O04774,0,,0
O04779,0,,0
O04775,0,,0
O04783,1,Damaged product,12
O04778,0,,0
O04776,0,,0
O04781,0,,0
O04782,0,,0
O04777,0,,0
O04791,0,,0
O04787,0,,0
O04792,0,,0
O04794,0,,0
O04789,0,,0
O04790,1,Changed mind,6
O04793,0,,0
O04786,0,,0
O04788,0,,0
O04785,1,Changed mind,2
O04801,0,,0
O04799,0,,0
O04800,0,,0
O04796,0,,0
O04795,0,,0
O04797,0,,0
O04798,0,,0
O04805,0,,0
O04808,0,,0
O04803,0,,0
O04807,1,Changed mind,7
O04809,0,,0
O04802,0,,0
O04804,0,,0
O04806,1,Product mismatch,7
O04813,0,,0
O04812,0,,0
O04814,1,Product mismatch,10
O04818,1,Product mismatch,9
O04821,0,,0
O04820,0,,0
O04817,0,,0
O04816,0,,0
O04811,0,,0
O04810,0,,0
O04815,0,,0
O04819,0,,0
O04824,0,,0
O04823,0,,0
O04827,0,,0
O04825,0,,0
O04826,0,,0
O04828,0,,0
O04822,0,,0
O04829,0,,0
O04839,0,,0
O04836,0,,0
O04835,0,,0
O04830,0,,0
O04833,0,,0
O04837,0,,0
O04834,0,,0
O04838,0,,0
O04831,1,Changed mind,9
O04840,0,,0
O04841,0,,0
O04832,1,Size issue,14
O04844,0,,0
O04845,0,,0
O04848,0,,0
O04849,0,,0
O04843,1,Size issue,10
O04846,1,Product mismatch,9
O04842,1,Product mismatch,6
O04847,0,,0
O04858,0,,0
O04853,0,,0
O04857,0,,0
O04856,0,,0
O04854,0,,0
O04851,0,,0
O04852,0,,0
O04850,0,,0
O04855,0,,0
O04860,0,,0
O04861,0,,0
O04864,0,,0
O04865,0,,0
O04866,0,,0
O04867,0,,0
O04862,0,,0
O04863,0,,0
O04859,0,,0
O04871,0,,0
O04878,0,,0
O04876,0,,0
O04875,0,,0
O04872,0,,0
O04870,0,,0
O04874,0,,0
O04879,0,,0
O04869,0,,0
O04873,0,,0
O04880,0,,0
O04868,0,,0
O04877,0,,0
O04888,1,Product mismatch,3
O04887,1,Changed mind,5
O04886,0,,0
O04881,0,,0
O04884,0,,0
O04885,0,,0
O04882,0,,0
O04883,0,,0
O04895,0,,0
O04894,0,,0
O04891,0,,0
O04890,0,,0
O04893,0,,0
O04892,0,,0
O04889,0,,0
O04898,0,,0
O04902,0,,0
O04899,1,Changed mind,6
O04901,0,,0
O04900,1,Changed mind,14
O04897,0,,0
O04896,1,Product mismatch,14
O04904,0,,0
O04903,0,,0
O04910,0,,0
O04912,1,Changed mind,14
O04905,1,Product mismatch,5
O04911,0,,0
O04906,0,,0
O04908,0,,0
O04909,0,,0
O04907,0,,0
O04924,0,,0
O04914,0,,0
O04917,0,,0
O04923,0,,0
O04913,0,,0
O04926,0,,0
O04925,0,,0
O04927,0,,0
O04928,0,,0
O04919,0,,0
O04915,0,,0
O04918,0,,0
O04922,0,,0
O04916,0,,0
O04920,0,,0
O04921,0,,0
O04931,0,,0
O04935,0,,0
O04930,0,,0
O04933,0,,0
O04932,0,,0
O04929,0,,0
O04934,0,,0
O04936,0,,0
O04946,0,,0
O04945,0,,0
O04947,0,,0
O04937,0,,0
O04938,0,,0
O04939,0,,0
O04948,1,Size issue,9
O04944,0,,0
O04950,0,,0
O04941,1,Size issue,7
O04942,0,,0
O04940,0,,0
O04949,0,,0
O04943,0,,0
O04951,0,,0
O04953,0,,0
O04952,0,,0
O04954,1,Changed mind,11
O04955,0,,0
O04961,0,,0
O04964,0,,0
O04962,0,,0
O04959,0,,0
O04963,0,,0
O04960,0,,0
O04958,0,,0
O04956,0,,0
O04957,0,,0
O04966,0,,0
O04970,0,,0
O04965,0,,0
O04969,0,,0
O04971,0,,0
O04968,0,,0
O04967,0,,0
O04974,0,,0
O04975,1,Product mismatch,9
O04972,0,,0
O04973,0,,0
O04976,0,,0
O04983,0,,0
O04980,0,,0
O04979,0,,0
O04977,1,Size issue,13
O04978,1,Size issue,10
O04984,0,,0
O04981,0,,0
O04982,0,,0
O04992,1,Changed mind,6
O04991,0,,0
O04985,0,,0
O04988,0,,0
O04989,0,,0
O04987,0,,0
O04990,0,,0
O04993,0,,0
O04986,0,,0
O04995,0,,0
O04996,0,,0
O04999,0,,0
O04997,0,,0
O04998,0,,0
O04994,1,Damaged product,3
O05005,0,,0
O05008,0,,0
O05004,0,,0
O05000,0,,0
O05006,0,,0
O05001,0,,0
O05002,0,,0
O05007,0,,0
O05003,1,Changed mind,9
O05009,0,,0
O05018,0,,0
O05010,0,,0
O05011,0,,0
O05014,0,,0
O05012,0,,0
O05016,0,,0
O05013,0,,0
O05017,0,,0
O05015,0,,0
O05026,0,,0
O05021,0,,0
O05025,1,Changed mind,9
O05022,0,,0
O05027,0,,0
O05023,0,,0
O05020,0,,0
O05019,0,,0
O05024,0,,0
O05031,1,Product mismatch,5
O05029,0,,0
O05028,0,,0
O05032,0,,0
O05030,0,,0
O05037,1,Size issue,3
O05035,0,,0
O05033,0,,0
O05038,0,,0
O05036,0,,0
O05034,0,,0
O05048,0,,0
O05041,0,,0
O05049,0,,0
O05047,0,,0
O05046,0,,0
O05040,0,,0
O05050,0,,0
O05039,0,,0
O05044,0,,0
O05042,0,,0
O05045,1,Size issue,4
O05043,0,,0
O05055,0,,0
O05057,0,,0
O05054,0,,0
O05056,0,,0
O05063,0,,0
O05061,0,,0
O05059,1,Size issue,13
O05058,0,,0
O05053,0,,0
O05051,0,,0
O05052,0,,0
O05064,0,,0
O05062,0,,0
O05060,0,,0
O05069,0,,0
O05074,0,,0
O05065,0,,0
O05071,0,,0
O05070,1,Product mismatch,13
O05068,0,,0
O05067,1,Damaged product,12
O05066,0,,0
O05072,0,,0
O05073,0,,0
O05080,0,,0
O05083,0,,0
O05081,1,Changed mind,5
O05075,0,,0
O05079,0,,0
O05077,0,,0
O05082,0,,0
O05076,0,,0
O05084,0,,0
O05078,0,,0
O05090,0,,0
O05086,1,Size issue,11
O05091,0,,0
O05089,0,,0
O05088,0,,0
O05093,0,,0
O05085,0,,0
O05092,0,,0
O05094,0,,0
O05087,0,,0
O05096,0,,0
O05100,1,Product mismatch,8
O05102,0,,0
O05101,0,,0
O05097,0,,0
O05095,0,,0
O05098,0,,0
O05103,0,,0
O05099,0,,0
O05108,1,Product mismatch,11
O05104,0,,0
O05109,1,Product mismatch,11
O05115,0,,0
O05111,0,,0
O05114,0,,0
O05106,1,Size issue,7
O05110,0,,0
O05113,0,,0
O05112,0,,0
O05105,0,,0
O05107,0,,0
O05121,0,,0
O05117,0,,0
O05118,1,Product mismatch,14
O05120,0,,0
O05122,0,,0
O05116,0,,0
O05119,0,,0
O05127,0,,0
O05123,0,,0
O05125,0,,0
O05126,0,,0
O05124,1,Size issue,3
O05132,0,,0
O05130,0,,0
O05129,1,Product mismatch,6
O05128,0,,0
O05131,1,Changed mind,9
O05140,1,Product mismatch,13
O05137,0,,0
O05134,0,,0
O05136,0,,0
O05141,0,,0
O05133,0,,0
O05138,0,,0
O05139,0,,0
O05135,0,,0
O05146,0,,0
O05143,0,,0
O05144,0,,0
O05142,0,,0
O05150,1,Damaged product,6
O05151,0,,0
O05147,1,Product mismatch,12
O05148,0,,0
O05149,0,,0
O05145,0,,0
O05152,0,,0
O05154,0,,0
O05153,0,,0
O05164,0,,0
O05162,1,Size issue,7
O05169,0,,0
O05158,0,,0
O05167,1,Changed mind,5
O05160,0,,0
O05168,0,,0
O05161,0,,0
O05159,0,,0
O05166,0,,0
O05156,0,,0
O05163,0,,0
O05165,0,,0
O05155,1,Size issue,6
O05157,0,,0
O05174,0,,0
O05171,0,,0
O05176,0,,0
O05170,0,,0
O05175,0,,0
O05173,0,,0
O05172,0,,0
O05177,0,,0
O05179,0,,0
O05186,0,,0
O05182,0,,0
O05183,0,,0
O05178,0,,0
O05185,0,,0
O05181,0,,0
O05184,0,,0
O05180,0,,0
O05193,0,,0
O05190,0,,0
O05188,0,,0
O05187,0,,0
O05192,0,,0
O05196,0,,0
O05189,0,,0
O05195,0,,0
O05194,0,,0
O05191,0,,0
O05201,0,,0
O05203,0,,0
O05197,0,,0
O05206,0,,0
O05204,1,Size issue,10
O05205,0,,0
O05202,0,,0
O05200,0,,0
O05199,0,,0
O05198,0,,0
O05215,0,,0
O05209,0,,0
O05211,0,,0
O05213,0,,0
O05212,0,,0
O05214,0,,0
O05207,0,,0
O05210,0,,0
O05208,0,,0
O05220,0,,0
O05217,0,,0
O05223,0,,0
O05218,0,,0
O05221,0,,0
O05224,0,,0
O05219,1,Changed mind,4
O05216,0,,0
O05222,0,,0
O05235,0,,0
O05229,0,,0
O05236,1,Changed mind,10
O05232,0,,0
O05226,0,,0
O05228,0,,0
O05227,0,,0
O05231,0,,0
O05230,0,,0
O05225,0,,0
O05234,0,,0
O05233,0,,0
O05237,0,,0
O05239,0,,0
O05240,0,,0
O05238,0,,0
O05242,0,,0
O05244,0,,0
O05246,1,Changed mind,7
O05243,0,,0
O05247,0,,0
O05241,0,,0
O05245,0,,0
O05249,0,,0
O05253,0,,0
O05250,0,,0
O05252,0,,0
O05251,0,,0
O05248,1,Damaged product,13
O05259,0,,0
O05260,0,,0
O05256,0,,0
O05258,0,,0
O05257,0,,0
O05255,0,,0
O05254,0,,0
O05261,0,,0
O05267,0,,0
O05270,0,,0
O05265,0,,0
O05264,0,,0
O05266,1,Changed mind,6
O05263,0,,0
O05268,0,,0
O05262,0,,0
O05269,0,,0
O05271,0,,0
O05276,0,,0
O05279,0,,0
O05278,0,,0
O05275,0,,0
O05272,0,,0
O05274,0,,0
O05273,0,,0
O05277,0,,0
O05281,0,,0
O05280,1,Size issue,7
O05283,0,,0
O05282,1,Size issue,7
O05284,0,,0
O05285,0,,0
O05286,0,,0
O05289,0,,0
O05290,0,,0
O05287,0,,0
O05288,0,,0
O05291,0,,0
O05294,0,,0
O05292,0,,0
O05300,0,,0
O05296,1,Product mismatch,8
O05299,0,,0
O05293,0,,0
O05297,0,,0
O05298,0,,0
O05295,0,,0
O05311,0,,0
O05310,0,,0
O05313,0,,0
O05303,0,,0
O05312,0,,0
O05307,0,,0
O05305,0,,0
O05314,1,Size issue,4
O05308,0,,0
O05302,0,,0
O05304,0,,0
O05306,0,,0
O05301,0,,0
O05309,0,,0
O05320,0,,0
O05319,0,,0
O05315,0,,0
O05316,0,,0
O05318,0,,0
O05317,0,,0
O05321,0,,0
O05322,0,,0
O05325,0,,0
O05324,0,,0
O05328,1,Changed mind,3
O05330,0,,0
O05331,1,Changed mind,7
O05332,1,Changed mind,4
O05326,0,,0
O05323,0,,0
O05327,0,,0
O05329,0,,0
O05341,0,,0
O05337,0,,0
O05340,0,,0
O05336,0,,0
O05338,0,,0
O05334,0,,0
O05335,0,,0
O05339,0,,0
O05333,0,,0
O05350,0,,0
O05351,0,,0
O05349,0,,0
O05352,0,,0
O05344,0,,0
O05348,0,,0
O05343,0,,0
O05345,0,,0
O05353,0,,0
O05346,0,,0
O05347,0,,0
O05342,0,,0
O05354,0,,0
O05355,0,,0
O05356,1,Changed mind,9
O05358,0,,0
O05360,0,,0
O05359,0,,0
O05357,0,,0
O05363,0,,0
O05365,0,,0
O05367,0,,0
O05364,0,,0
O05368,0,,0
O05362,1,Size issue,3
O05361,0,,0
O05366,1,Product mismatch,6
O05372,0,,0
O05373,0,,0
O05369,0,,0
O05375,0,,0
O05376,0,,0
O05374,0,,0
O05377,0,,0
O05371,0,,0
O05370,0,,0
O05385,0,,0
O05387,0,,0
O05386,0,,0
O05383,0,,0
O05379,0,,0
O05382,0,,0
O05380,0,,0
O05381,0,,0
O05384,0,,0
O05378,0,,0
O05392,0,,0
O05395,0,,0
O05388,0,,0
O05390,0,,0
O05391,0,,0
O05393,0,,0
O05394,0,,0
O05389,1,Product mismatch,12
O05401,0,,0
O05402,0,,0
O05400,0,,0
O05398,1,Size issue,6
O05406,0,,0
O05399,1,Size issue,14
O05396,0,,0
O05403,0,,0
O05404,0,,0
O05405,1,Size issue,2
O05397,0,,0
O05407,0,,0
O05409,0,,0
O05421,0,,0
O05416,0,,0
O05417,0,,0
O05414,0,,0
O05422,0,,0
O05410,0,,0
O05413,0,,0
O05423,0,,0
O05420,0,,0
O05419,0,,0
O05411,0,,0
O05412,0,,0
O05418,0,,0
O05415,0,,0
O05408,0,,0
O05427,0,,0
O05434,0,,0
O05430,0,,0
O05433,0,,0
O05429,1,Product mismatch,8
O05432,0,,0
O05424,1,Changed mind,2
O05426,0,,0
O05425,0,,0
O05435,1,Product mismatch,13
O05436,0,,0
O05428,0,,0
O05431,0,,0
O05441,0,,0
O05445,0,,0
O05447,0,,0
O05446,0,,0
O05443,0,,0
O05442,0,,0
O05437,0,,0
O05440,0,,0
O05439,0,,0
O05444,0,,0
O05438,0,,0
O05451,0,,0
O05452,0,,0
O05450,0,,0
O05449,0,,0
O05448,0,,0
O05461,0,,0
O05454,0,,0
O05465,1,Product mismatch,10
O05456,0,,0
O05459,1,Changed mind,8
O05453,0,,0
O05458,0,,0
O05460,0,,0
O05464,0,,0
O05455,0,,0
O05462,1,Size issue,9
O05457,0,,0
O05466,0,,0
O05463,0,,0
O05467,0,,0
O05470,0,,0
O05471,0,,0
O05472,1,Damaged product,3
O05469,1,Size issue,8
O05468,0,,0
O05473,0,,0
O05484,0,,0
O05480,0,,0
O05483,0,,0
O05482,0,,0
O05474,0,,0
O05481,0,,0
O05476,0,,0
O05479,0,,0
O05475,0,,0
O05485,0,,0
O05477,0,,0
O05478,0,,0
O05495,0,,0
O05489,0,,0
O05490,0,,0
O05488,0,,0
O05494,1,Product mismatch,9
O05496,0,,0
O05491,0,,0
O05487,0,,0
O05492,0,,0
O05493,0,,0
O05497,0,,0
O05486,1,Size issue,10
O05506,0,,0
O05510,0,,0
O05498,0,,0
O05500,0,,0
O05508,0,,0
O05499,0,,0
O05505,0,,0
O05504,0,,0
O05503,0,,0
O05501,0,,0
O05511,0,,0
O05509,0,,0
O05507,0,,0
O05502,0,,0
O05518,0,,0
O05516,0,,0
O05514,0,,0
O05515,0,,0
O05513,0,,0
O05519,0,,0
O05517,0,,0
O05512,1,Product mismatch,12
O05521,0,,0
O05526,0,,0
O05524,1,Changed mind,13
O05520,0,,0
O05527,0,,0
O05523,0,,0
O05522,0,,0
O05525,0,,0
O05532,0,,0
O05529,0,,0
O05534,0,,0
O05530,0,,0
O05533,0,,0
O05535,0,,0
O05528,0,,0
O05531,0,,0
O05543,0,,0
O05545,0,,0
O05551,0,,0
O05546,0,,0
O05550,0,,0
O05537,1,Changed mind,14
O05544,0,,0
O05536,0,,0
O05548,0,,0
O05549,0,,0
O05539,0,,0
O05538,0,,0
O05542,1,Changed mind,8
O05547,0,,0
O05540,0,,0
O05541,0,,0
O05553,0,,0
O05552,0,,0
O05556,0,,0
O05559,0,,0
O05554,0,,0
O05555,0,,0
O05557,0,,0
O05558,0,,0
O05560,0,,0
O05561,0,,0
O05568,0,,0
O05566,0,,0
O05569,0,,0
O05572,0,,0
O05565,0,,0
O05564,0,,0
O05574,1,Size issue,11
O05573,1,Size issue,9
O05563,0,,0
O05570,0,,0
O05571,0,,0
O05562,0,,0
O05567,0,,0
O05578,0,,0
O05577,0,,0
O05582,0,,0
O05583,0,,0
O05580,0,,0
O05575,0,,0
O05581,0,,0
O05579,0,,0
O05576,0,,0
O05585,1,Size issue,10
O05589,0,,0
O05590,0,,0
O05587,0,,0
O05584,0,,0
O05586,0,,0
O05588,1,Product mismatch,7
O05603,0,,0
O05597,0,,0
O05596,0,,0
O05592,0,,0
O05591,0,,0
O05601,0,,0
O05593,0,,0
O05599,0,,0
O05602,0,,0
O05595,0,,0
O05598,0,,0
O05600,0,,0
O05594,0,,0
O05607,0,,0
O05608,0,,0
O05604,1,Product mismatch,3
O05613,0,,0
O05606,0,,0
O05614,0,,0
O05612,0,,0
O05610,0,,0
O05611,0,,0
O05609,0,,0
O05605,0,,0
O05618,0,,0
O05621,0,,0
O05624,0,,0
O05619,1,Changed mind,14
O05626,0,,0
O05623,0,,0
O05627,0,,0
O05615,0,,0
O05616,0,,0
O05622,0,,0
O05617,0,,0
O05620,0,,0
O05625,0,,0
O05636,1,Changed mind,4
O05631,0,,0
O05629,0,,0
O05638,1,Size issue,6
O05635,0,,0
O05633,0,,0
O05628,1,Size issue,8
O05632,1,Changed mind,5
O05630,0,,0
O05634,0,,0
O05637,1,Changed mind,4
O05641,0,,0
O05646,0,,0
O05644,1,Product mismatch,3
O05642,0,,0
O05645,0,,0
O05640,0,,0
O05643,0,,0
O05639,0,,0
O05652,0,,0
O05654,0,,0
O05647,0,,0
O05648,0,,0
O05650,0,,0
O05649,0,,0
O05651,0,,0
O05655,0,,0
O05657,0,,0
O05656,0,,0
O05653,0,,0
O05663,0,,0
O05667,0,,0
O05670,0,,0
O05658,0,,0
O05672,0,,0
O05661,0,,0
O05666,0,,0
O05668,1,Size issue,13
O05660,0,,0
O05664,0,,0
O05662,1,Damaged product,2
O05665,0,,0
O05669,0,,0
O05671,0,,0
O05659,0,,0
O05673,0,,0
O05679,0,,0
O05684,0,,0
O05680,0,,0
O05677,0,,0
O05685,0,,0
O05678,0,,0
O05681,0,,0
O05676,0,,0
O05683,0,,0
O05674,0,,0
O05675,0,,0
O05682,0,,0
O05689,0,,0
O05692,0,,0
O05691,0,,0
O05688,0,,0
O05686,0,,0
O05693,0,,0
O05690,0,,0
O05687,0,,0
O05711,1,Product mismatch,2
O05697,1,Changed mind,9
O05709,0,,0
O05707,0,,0
O05702,0,,0
O05708,1,Changed mind,12
O05706,0,,0
O05699,0,,0
O05696,0,,0
O05705,0,,0
O05700,0,,0
O05710,0,,0
O05701,0,,0
O05694,0,,0
O05698,0,,0
O05704,0,,0
O05703,0,,0
O05695,0,,0
O05715,0,,0
O05716,0,,0
O05712,0,,0
O05714,0,,0
O05713,0,,0
O05717,0,,0
O05721,0,,0
O05725,0,,0
O05720,0,,0
O05722,0,,0
O05718,0,,0
O05723,0,,0
O05719,0,,0
O05724,0,,0
O05734,0,,0
O05726,0,,0
O05729,0,,0
O05728,0,,0
O05733,0,,0
O05732,0,,0
O05730,0,,0
O05731,0,,0
O05727,0,,0
O05735,0,,0
O05738,0,,0
O05739,0,,0
O05740,0,,0
O05741,0,,0
O05737,0,,0
O05736,0,,0
O05749,0,,0
O05742,0,,0
O05743,0,,0
O05745,0,,0
O05748,0,,0
O05747,0,,0
O05750,0,,0
O05746,0,,0
O05744,0,,0
O05754,0,,0
O05756,0,,0
O05755,1,Product mismatch,5
O05757,0,,0
O05753,0,,0
O05751,0,,0
O05752,0,,0
O05758,0,,0
O05766,0,,0
O05764,0,,0
O05767,0,,0
O05762,0,,0
O05765,0,,0
O05763,0,,0
O05761,0,,0
O05759,0,,0
O05760,0,,0
O05768,0,,0
O05774,0,,0
O05775,0,,0
O05770,0,,0
O05778,0,,0
O05772,0,,0
O05776,0,,0
O05773,1,Size issue,9
O05777,0,,0
O05771,0,,0
O05769,0,,0
O05785,0,,0
O05779,0,,0
O05781,0,,0
O05784,0,,0
O05780,0,,0
O05786,0,,0
O05787,0,,0
O05783,0,,0
O05782,0,,0
O05790,0,,0
O05791,0,,0
O05789,0,,0
O05793,0,,0
O05788,0,,0
O05792,0,,0
O05795,0,,0
O05794,0,,0
O05798,0,,0
O05796,0,,0
O05797,0,,0
O05799,0,,0
O05811,0,,0
O05808,0,,0
O05801,0,,0
O05809,0,,0
O05802,0,,0
O05810,0,,0
O05803,0,,0
O05800,0,,0
O05812,0,,0
O05813,0,,0
O05806,0,,0
O05807,1,Changed mind,2
O05805,0,,0
O05804,0,,0
O05820,0,,0
O05819,0,,0
O05817,0,,0
O05824,0,,0
O05821,0,,0
O05823,0,,0
O05822,0,,0
O05818,0,,0
O05815,0,,0
O05816,0,,0
O05814,0,,0
O05828,0,,0
O05826,0,,0
O05832,0,,0
O05829,0,,0
O05831,0,,0
O05827,0,,0
O05830,0,,0
O05825,0,,0
O05835,0,,0
O05845,0,,0
O05836,0,,0
O05837,0,,0
O05839,0,,0
O05842,0,,0
O05838,0,,0
O05833,0,,0
O05834,0,,0
O05840,0,,0
O05844,1,Size issue,2
O05843,0,,0
O05841,1,Damaged product,11
O05853,1,Damaged product,5
O05850,0,,0
O05851,0,,0
O05846,0,,0
O05849,0,,0
O05848,0,,0
O05847,0,,0
O05852,0,,0
O05863,0,,0
O05855,1,Changed mind,11
O05862,0,,0
O05859,0,,0
O05857,0,,0
O05854,0,,0
O05856,0,,0
O05864,0,,0
O05860,0,,0
O05861,0,,0
O05858,0,,0
O05868,0,,0
O05867,0,,0
O05875,1,Changed mind,7
O05873,0,,0
O05876,0,,0
O05880,0,,0
O05870,0,,0
O05879,0,,0
O05878,0,,0
O05872,0,,0
O05877,0,,0
O05869,1,Size issue,9
O05874,0,,0
O05871,0,,0
O05865,0,,0
O05866,0,,0
O05885,0,,0
O05888,0,,0
O05881,0,,0
O05886,0,,0
O05887,0,,0
O05882,0,,0
O05889,0,,0
O05883,0,,0
O05884,0,,0
O05893,0,,0
O05894,0,,0
O05895,0,,0
O05891,1,Product mismatch,2
O05890,0,,0
O05892,0,,0
O05901,0,,0
O05898,0,,0
O05903,0,,0
O05899,0,,0
O05910,0,,0
O05907,0,,0
O05908,0,,0
O05897,0,,0
O05905,1,Product mismatch,9
O05900,1,Changed mind,2
O05904,0,,0
O05906,0,,0
O05896,1,Changed mind,12
O05909,0,,0
O05902,0,,0
O05916,1,Damaged product,4
O05911,0,,0
O05917,0,,0
O05914,0,,0
O05915,0,,0
O05913,0,,0
O05912,0,,0
O05922,0,,0
O05923,0,,0
O05927,0,,0
O05925,0,,0
O05921,0,,0
O05920,0,,0
O05924,0,,0
O05919,0,,0
O05928,0,,0
O05926,0,,0
O05918,1,Size issue,14
O05943,0,,0
O05937,1,Damaged product,12
O05933,0,,0
O05931,0,,0
O05945,0,,0
O05938,1,Changed mind,6
O05929,0,,0
O05941,1,Size issue,3
O05942,0,,0
O05944,0,,0
O05930,0,,0
O05934,0,,0
O05939,0,,0
O05932,0,,0
O05935,0,,0
O05936,0,,0
O05940,1,Changed mind,7
O05948,0,,0
O05951,0,,0
O05946,0,,0
O05952,0,,0
O05950,0,,0
O05949,0,,0
O05947,0,,0
O05953,0,,0
O05955,0,,0
O05958,1,Changed mind,11
O05961,0,,0
O05954,0,,0
O05960,0,,0
O05956,1,Changed mind,4
O05959,0,,0
O05957,0,,0
O05963,0,,0
O05962,0,,0
O05964,1,Changed mind,14
O05965,0,,0
O05969,0,,0
O05968,0,,0
O05967,0,,0
O05966,0,,0
O05973,0,,0
O05977,0,,0
O05975,0,,0
O05978,0,,0
O05979,0,,0
O05971,0,,0
O05970,0,,0
O05976,0,,0
O05974,0,,0
O05972,0,,0
O05982,0,,0
O05988,0,,0
O05986,0,,0
O05984,0,,0
O05985,1,Product mismatch,10
O05987,0,,0
O05980,0,,0
O05983,0,,0
O05981,1,Changed mind,14
O05989,0,,0
O05993,0,,0
O05999,0,,0
O05998,0,,0
O05995,0,,0
O05990,0,,0
O05997,1,Changed mind,14
O05992,0,,0
O05996,0,,0
O05994,0,,0
O05991,0,,0
O06000,1,Size issue,10
O06005,1,Product mismatch,14
O06001,1,Product mismatch,11
O06008,0,,0
O06004,0,,0
O06007,1,Product mismatch,8
O06003,1,Size issue,4
O06002,1,Size issue,5
O06006,0,,0
O06009,0,,0
O06014,0,,0
O06011,0,,0
O06010,0,,0
O06016,0,,0
O06017,0,,0
O06019,0,,0
O06015,0,,0
O06021,0,,0
O06018,0,,0
O06020,0,,0
O06022,0,,0
O06013,0,,0
O06012,0,,0
O06028,1,Changed mind,8
O06025,0,,0
O06023,0,,0
O06026,0,,0
O06027,1,Changed mind,5
O06024,0,,0
O06029,0,,0
O06031,0,,0
O06036,0,,0
O06032,0,,0
O06038,0,,0
O06030,0,,0
O06037,0,,0
O06035,0,,0
O06034,0,,0
O06033,0,,0
O06040,0,,0
O06044,0,,0
O06042,0,,0
O06046,0,,0
O06041,0,,0
O06043,0,,0
O06039,0,,0
O06047,1,Product mismatch,10
O06045,0,,0
O06048,0,,0
O06050,0,,0
O06055,0,,0
O06051,1,Size issue,6
O06052,0,,0
O06054,0,,0
O06053,0,,0
O06049,0,,0
O06056,0,,0
O06060,0,,0
O06061,0,,0
O06058,0,,0
O06063,0,,0
O06059,0,,0
O06062,0,,0
O06057,0,,0
O06064,0,,0
O06076,0,,0
O06070,0,,0
O06069,0,,0
O06068,0,,0
O06071,1,Size issue,7
O06072,0,,0
O06073,0,,0
O06075,0,,0
O06065,0,,0
O06066,0,,0
O06077,0,,0
O06067,0,,0
O06074,0,,0
O06084,0,,0
O06080,0,,0
O06085,1,Changed mind,9
O06082,0,,0
O06078,0,,0
O06083,0,,0
O06087,1,Changed mind,12
O06081,0,,0
O06079,0,,0
O06086,0,,0
O06090,0,,0
O06097,0,,0
O06089,0,,0
O06098,0,,0
O06095,0,,0
O06099,0,,0
O06094,0,,0
O06100,0,,0
O06101,0,,0
O06091,0,,0
O06092,0,,0
O06102,0,,0
O06088,0,,0
O06096,0,,0
O06093,0,,0
O06106,0,,0
O06107,0,,0
O06104,0,,0
O06105,0,,0
O06103,0,,0
O06109,0,,0
O06110,0,,0
O06108,0,,0
O06113,0,,0
O06115,0,,0
O06119,0,,0
O06118,0,,0
O06114,0,,0
O06111,0,,0
O06112,0,,0
O06116,0,,0
O06117,1,Changed mind,7
O06124,0,,0
O06120,0,,0
O06131,0,,0
O06122,0,,0
O06130,1,Product mismatch,12
O06132,0,,0
O06126,0,,0
O06125,0,,0
O06121,1,Size issue,2
O06133,0,,0
O06123,0,,0
O06128,0,,0
O06129,0,,0
O06127,0,,0
O06145,0,,0
O06139,0,,0
O06134,0,,0
O06148,0,,0
O06144,0,,0
O06142,0,,0
O06138,0,,0
O06137,0,,0
O06143,0,,0
O06136,0,,0
O06135,0,,0
O06141,0,,0
O06147,1,Changed mind,11
O06146,0,,0
O06140,0,,0
O06152,0,,0
O06149,0,,0
O06157,0,,0
O06156,0,,0
O06155,0,,0
O06161,0,,0
O06160,0,,0
O06151,1,Product mismatch,10
O06150,0,,0
O06159,0,,0
O06153,0,,0
O06162,1,Product mismatch,14
O06158,0,,0
O06154,0,,0
O06166,0,,0
O06167,0,,0
O06168,0,,0
O06163,0,,0
O06164,0,,0
O06165,0,,0
O06170,1,Changed mind,12
O06169,0,,0
O06173,0,,0
O06174,0,,0
O06171,0,,0
O06176,0,,0
O06172,0,,0
O06177,0,,0
O06175,0,,0
O06184,0,,0
O06185,0,,0
O06187,0,,0
O06180,0,,0
O06178,0,,0
O06186,0,,0
O06190,0,,0
O06183,1,Product mismatch,11
O06181,0,,0
O06191,1,Size issue,12
O06188,0,,0
O06179,0,,0
O06189,0,,0
O06182,0,,0
O06192,0,,0
O06194,0,,0
O06193,0,,0
O06199,0,,0
O06195,0,,0
O06198,0,,0
O06202,0,,0
O06200,0,,0
O06196,0,,0
O06201,0,,0
O06197,0,,0
O06206,0,,0
O06203,0,,0
O06205,0,,0
O06209,0,,0
O06207,0,,0
O06210,0,,0
O06208,0,,0
O06204,0,,0
O06215,1,Size issue,14
O06213,0,,0
O06211,0,,0
O06212,0,,0
O06214,1,Changed mind,2
O06224,0,,0
O06219,0,,0
O06216,0,,0
O06225,0,,0
O06220,0,,0
O06223,0,,0
O06226,0,,0
O06227,0,,0
O06217,0,,0
O06221,0,,0
O06222,0,,0
O06218,0,,0
O06230,0,,0
O06244,0,,0
O06235,0,,0
O06237,0,,0
O06233,0,,0
O06239,0,,0
O06234,0,,0
O06229,0,,0
O06240,0,,0
O06232,0,,0
O06241,0,,0
O06243,0,,0
O06238,0,,0
O06236,1,Size issue,8
O06228,0,,0
O06231,1,Product mismatch,9
O06242,1,Changed mind,5
O06252,0,,0
O06255,0,,0
O06251,0,,0
O06247,0,,0
O06246,0,,0
O06249,0,,0
O06250,0,,0
O06245,0,,0
O06253,0,,0
O06254,0,,0
O06248,0,,0
O06260,0,,0
O06265,0,,0
O06264,0,,0
O06261,0,,0
O06258,0,,0
O06262,0,,0
O06257,0,,0
O06266,0,,0
O06263,0,,0
O06259,0,,0
O06256,0,,0
O06281,0,,0
O06269,0,,0
O06275,0,,0
O06270,0,,0
O06278,1,Size issue,2
O06267,0,,0
O06271,0,,0
O06276,0,,0
O06272,0,,0
O06274,0,,0
O06277,0,,0
O06282,0,,0
O06279,0,,0
O06280,0,,0
O06273,0,,0
O06268,0,,0
O06289,0,,0
O06284,0,,0
O06292,0,,0
O06286,0,,0
O06288,0,,0
O06291,0,,0
O06290,0,,0
O06285,0,,0
O06287,0,,0
O06283,1,Changed mind,12
O06293,1,Size issue,14
O06299,0,,0
O06301,0,,0
O06294,0,,0
O06297,0,,0
O06298,0,,0
O06295,0,,0
O06300,0,,0
O06296,0,,0
O06302,0,,0
O06314,0,,0
O06305,0,,0
O06309,0,,0
O06306,0,,0
O06308,0,,0
O06307,0,,0
O06312,0,,0
O06310,0,,0
O06303,0,,0
O06313,0,,0
O06311,0,,0
O06304,0,,0
O06323,0,,0
O06320,0,,0
O06315,0,,0
O06322,0,,0
O06316,0,,0
O06319,0,,0
O06318,0,,0
O06317,0,,0
O06324,0,,0
O06321,0,,0
O06330,0,,0
O06332,0,,0
O06334,0,,0
O06326,0,,0
O06328,0,,0
O06331,0,,0
O06329,0,,0
O06327,0,,0
O06333,1,Changed mind,4
O06325,0,,0
O06344,0,,0
O06336,0,,0
O06339,0,,0
O06337,0,,0
O06343,0,,0
O06342,0,,0
O06335,0,,0
O06348,0,,0
O06347,0,,0
O06349,0,,0
O06340,0,,0
O06338,0,,0
O06341,0,,0
O06346,0,,0
O06345,0,,0
O06351,0,,0
O06355,0,,0
O06353,0,,0
O06350,1,Product mismatch,6
O06359,0,,0
O06357,1,Product mismatch,3
O06362,0,,0
O06352,1,Damaged product,7
O06358,0,,0
O06356,0,,0
O06361,1,Product mismatch,9
O06354,0,,0
O06360,0,,0
O06365,0,,0
O06367,1,Product mismatch,3
O06369,0,,0
O06368,0,,0
O06366,0,,0
O06363,0,,0
O06364,0,,0
O06374,1,Changed mind,14
O06372,0,,0
O06375,0,,0
O06373,0,,0
O06376,0,,0
O06377,0,,0
O06370,0,,0
O06371,0,,0
O06385,0,,0
O06386,0,,0
O06378,0,,0
O06384,0,,0
O06382,0,,0
O06381,0,,0
O06380,0,,0
O06387,0,,0
O06383,0,,0
O06379,0,,0
O06388,0,,0
O06396,0,,0
O06398,0,,0
O06392,0,,0
O06393,0,,0
O06390,0,,0
O06389,0,,0
O06399,0,,0
O06400,0,,0
O06391,0,,0
O06397,0,,0
O06394,0,,0
O06395,0,,0
O06412,0,,0
O06404,0,,0
O06408,0,,0
O06405,1,Size issue,8
O06411,0,,0
O06407,0,,0
O06406,0,,0
O06401,1,Changed mind,6
O06409,0,,0
O06402,0,,0
O06410,0,,0
O06403,0,,0
O06420,0,,0
O06415,0,,0
O06416,0,,0
O06419,0,,0
O06417,0,,0
O06414,0,,0
O06413,0,,0
O06418,1,Changed mind,11
O06430,0,,0
O06431,1,Size issue,14
O06423,0,,0
O06434,0,,0
O06432,0,,0
O06421,0,,0
O06428,0,,0
O06426,1,Changed mind,2
O06427,0,,0
O06429,0,,0
O06422,0,,0
O06425,0,,0
O06424,0,,0
O06433,0,,0
O06440,0,,0
O06438,0,,0
O06443,0,,0
O06442,0,,0
O06436,0,,0
O06437,0,,0
O06441,0,,0
O06435,0,,0
O06439,0,,0
O06448,0,,0
O06444,0,,0
O06446,1,Changed mind,13
O06447,0,,0
O06449,0,,0
O06451,0,,0
O06450,1,Size issue,10
O06445,0,,0
O06457,0,,0
O06458,0,,0
O06456,0,,0
O06459,0,,0
O06452,0,,0
O06460,0,,0
O06453,0,,0
O06455,0,,0
O06461,0,,0
O06454,1,Product mismatch,2
O06463,0,,0
O06462,0,,0
O06464,0,,0
O06465,0,,0
O06472,1,Changed mind,5
O06469,0,,0
O06476,0,,0
O06470,0,,0
O06466,0,,0
O06475,0,,0
O06471,0,,0
O06473,0,,0
O06474,0,,0
O06468,0,,0
O06467,0,,0
O06481,0,,0
O06492,0,,0
O06488,0,,0
O06487,0,,0
O06482,1,Changed mind,12
O06483,0,,0
O06486,0,,0
O06490,0,,0
O06479,0,,0
O06484,0,,0
O06480,0,,0
O06489,0,,0
O06491,1,Damaged product,5
O06477,0,,0
O06478,0,,0
O06485,0,,0
O06497,0,,0
O06494,0,,0
O06500,0,,0
O06496,0,,0
O06495,0,,0
O06499,0,,0
O06501,1,Size issue,3
O06493,0,,0
O06498,0,,0
O06507,0,,0
O06504,0,,0
O06510,0,,0
O06512,0,,0
O06509,0,,0
O06506,0,,0
O06505,0,,0
O06511,0,,0
O06508,0,,0
O06503,0,,0
O06502,0,,0
O06522,0,,0
O06520,0,,0
O06516,0,,0
O06518,0,,0
O06513,0,,0
O06514,0,,0
O06521,1,Size issue,6
O06515,0,,0
O06517,0,,0
O06519,0,,0
O06529,0,,0
O06525,0,,0
O06534,0,,0
O06535,0,,0
O06530,0,,0
O06532,0,,0
O06527,0,,0
O06523,0,,0
O06533,0,,0
O06531,0,,0
O06528,0,,0
O06526,0,,0
O06524,0,,0
O06546,0,,0
O06541,0,,0
O06545,0,,0
O06537,0,,0
O06539,0,,0
O06538,0,,0
O06550,0,,0
O06543,0,,0
O06547,0,,0
O06548,1,Product mismatch,2
O06544,0,,0
O06536,0,,0
O06551,0,,0
O06549,1,Size issue,12
O06542,0,,0
O06540,0,,0
O06557,0,,0
O06565,0,,0
O06553,0,,0
O06564,0,,0
O06560,0,,0
O06562,0,,0
O06556,0,,0
O06563,0,,0
O06552,0,,0
O06554,0,,0
O06561,0,,0
O06558,0,,0
O06559,0,,0
O06555,0,,0
O06571,0,,0
O06573,0,,0
O06567,0,,0
O06570,0,,0
O06568,0,,0
O06574,0,,0
O06572,0,,0
O06569,0,,0
O06566,0,,0
O06575,0,,0
O06578,0,,0
O06576,0,,0
O06581,0,,0
O06579,0,,0
O06580,0,,0
O06577,0,,0
O06583,0,,0
O06587,0,,0
O06589,0,,0
O06582,0,,0
O06586,0,,0
O06585,0,,0
O06588,0,,0
O06584,0,,0
O06599,0,,0
O06603,1,Size issue,8
O06602,0,,0
O06591,0,,0
O06590,0,,0
O06605,1,Damaged product,5
O06598,0,,0
O06596,0,,0
O06604,0,,0
O06594,0,,0
O06592,0,,0
O06595,0,,0
O06597,1,Damaged product,13
O06600,0,,0
O06593,0,,0
O06606,0,,0
O06601,0,,0
O06607,0,,0
O06610,1,Changed mind,4
O06608,0,,0
O06611,0,,0
O06609,0,,0
O06615,1,Changed mind,2
O06613,0,,0
O06612,0,,0
O06616,1,Product mismatch,10
O06614,0,,0
O06622,0,,0
O06618,0,,0
O06620,1,Product mismatch,10
O06628,1,Product mismatch,7
O06625,0,,0
O06617,0,,0
O06621,0,,0
O06627,0,,0
O06623,0,,0
O06629,0,,0
O06626,0,,0
O06624,0,,0
O06619,0,,0
O06640,0,,0
O06645,0,,0
O06635,0,,0
O06637,0,,0
O06638,0,,0
O06636,0,,0
O06641,0,,0
O06634,0,,0
O06632,0,,0
O06633,0,,0
O06642,0,,0
O06631,0,,0
O06643,0,,0
O06644,0,,0
O06639,0,,0
O06630,0,,0
O06653,0,,0
O06646,0,,0
O06647,0,,0
O06650,0,,0
O06648,0,,0
O06651,0,,0
O06649,0,,0
O06655,0,,0
O06654,0,,0
O06652,0,,0
O06663,0,,0
O06657,0,,0
O06658,0,,0
O06664,0,,0
O06660,0,,0
O06659,0,,0
O06662,0,,0
O06661,0,,0
O06656,0,,0
O06668,0,,0
O06667,1,Product mismatch,5
O06673,0,,0
O06674,0,,0
O06665,0,,0
O06669,0,,0
O06671,0,,0
O06672,1,Changed mind,3
O06670,0,,0
O06666,0,,0
O06675,0,,0
O06679,0,,0
O06676,0,,0
O06680,0,,0
O06681,0,,0
O06685,0,,0
O06678,0,,0
O06684,0,,0
O06677,1,Changed mind,2
O06682,0,,0
O06683,0,,0
O06688,0,,0
O06691,0,,0
O06689,0,,0
O06686,0,,0
O06687,0,,0
O06690,1,Product mismatch,12
O06700,0,,0
O06693,0,,0
O06692,0,,0
O06698,0,,0
O06697,0,,0
O06696,0,,0
O06699,0,,0
O06694,0,,0
O06695,0,,0
O06701,0,,0
O06710,0,,0
O06702,1,Changed mind,11
O06704,0,,0
O06709,0,,0
O06705,0,,0
O06708,0,,0
O06703,0,,0
O06711,0,,0
O06706,0,,0
O06712,0,,0
O06707,1,Size issue,3
O06713,0,,0
O06720,0,,0
O06723,0,,0
O06721,0,,0
O06717,0,,0
O06714,0,,0
O06719,0,,0
O06718,0,,0
O06716,0,,0
O06715,0,,0
O06724,0,,0
O06722,0,,0
O06728,0,,0
O06725,0,,0
O06730,1,Product mismatch,11
O06731,0,,0
O06726,0,,0
O06732,0,,0
O06727,0,,0
O06729,0,,0
O06740,0,,0
O06737,0,,0
O06736,0,,0
O06735,0,,0
O06741,0,,0
O06738,1,Product mismatch,3
O06734,0,,0
O06733,0,,0
O06739,0,,0
O06744,0,,0
O06747,0,,0
O06746,0,,0
O06745,0,,0
O06743,0,,0
O06742,0,,0
O06748,0,,0
O06751,0,,0
O06752,0,,0
O06757,0,,0
O06754,0,,0
O06756,1,Product mismatch,8
O06753,0,,0
O06755,0,,0
O06749,0,,0
O06750,0,,0
O06761,1,Changed mind,8
O06758,0,,0
O06764,1,Product mismatch,12
O06759,0,,0
O06763,0,,0
O06760,0,,0
O06762,1,Size issue,9
O06771,1,Product mismatch,13
O06765,0,,0
O06774,0,,0
O06772,0,,0
O06773,1,Changed mind,3
O06769,0,,0
O06770,0,,0
O06767,0,,0
O06768,0,,0
O06766,0,,0
O06780,0,,0
O06776,0,,0
O06781,0,,0
O06782,0,,0
O06778,0,,0
O06777,0,,0
O06779,1,Size issue,8
O06775,0,,0
O06789,0,,0
O06784,0,,0
O06791,0,,0
O06787,0,,0
O06785,0,,0
O06783,0,,0
O06786,1,Product mismatch,14
O06790,1,Size issue,7
O06788,0,,0
O06803,0,,0
O06804,0,,0
O06799,0,,0
O06797,0,,0
O06795,1,Size issue,8
O06794,1,Changed mind,11
O06792,1,Size issue,9
O06798,0,,0
O06796,0,,0
O06805,0,,0
O06802,0,,0
O06801,0,,0
O06800,0,,0
O06793,0,,0
O06812,0,,0
O06807,0,,0
O06806,0,,0
O06809,0,,0
O06811,0,,0
O06813,0,,0
O06808,0,,0
O06814,0,,0
O06810,0,,0
O06815,0,,0
O06816,0,,0
O06820,0,,0
O06821,0,,0
O06817,1,Changed mind,5
O06818,0,,0
O06819,0,,0
O06824,1,Product mismatch,13
O06822,0,,0
O06823,0,,0
O06825,0,,0
O06834,0,,0
O06840,0,,0
O06836,0,,0
O06844,0,,0
O06831,0,,0
O06833,0,,0
O06843,0,,0
O06829,0,,0
O06826,1,Size issue,2
O06837,1,Damaged product,6
O06839,0,,0
O06830,0,,0
O06835,0,,0
O06827,0,,0
O06832,0,,0
O06845,0,,0
O06838,0,,0
O06842,1,Product mismatch,10
O06841,0,,0
O06828,0,,0
O06848,0,,0
O06850,0,,0
O06846,0,,0
O06847,0,,0
O06849,0,,0
O06861,0,,0
O06852,0,,0
O06859,0,,0
O06851,0,,0
O06858,0,,0
O06856,0,,0
O06857,1,Changed mind,13
O06863,0,,0
O06860,0,,0
O06853,0,,0
O06862,0,,0
O06854,0,,0
O06855,0,,0
O06867,0,,0
O06871,0,,0
O06865,0,,0
O06870,0,,0
O06866,0,,0
O06869,0,,0
O06872,0,,0
O06868,0,,0
O06864,0,,0
O06878,0,,0
O06876,0,,0
O06874,0,,0
O06875,0,,0
O06877,0,,0
O06873,0,,0
O06885,0,,0
O06882,0,,0
O06887,0,,0
O06880,0,,0
O06888,0,,0
O06879,0,,0
O06883,0,,0
O06881,0,,0
O06889,0,,0
O06886,1,Changed mind,4
O06884,0,,0
O06897,0,,0
O06892,0,,0
O06893,0,,0
O06898,1,Changed mind,5
O06895,0,,0
O06891,0,,0
O06890,0,,0
O06894,0,,0
O06896,1,Changed mind,12
O06902,0,,0
O06901,0,,0
O06900,0,,0
O06910,0,,0
O06912,0,,0
O06903,0,,0
O06914,0,,0
O06909,0,,0
O06899,0,,0
O06906,0,,0
O06913,0,,0
O06907,0,,0
O06905,0,,0
O06911,0,,0
O06904,0,,0
O06908,0,,0
O06919,0,,0
O06915,0,,0
O06917,1,Damaged product,3
O06920,0,,0
O06918,0,,0
O06916,0,,0
O06931,0,,0
O06924,0,,0
O06928,0,,0
O06921,0,,0
O06929,0,,0
O06922,0,,0
O06927,0,,0
O06925,0,,0
O06926,0,,0
O06930,0,,0
O06923,0,,0
O06935,0,,0
O06937,0,,0
O06936,0,,0
O06932,0,,0
O06933,0,,0
O06934,0,,0
O06939,0,,0
O06947,0,,0
O06943,0,,0
O06938,0,,0
O06945,0,,0
O06948,0,,0
O06940,0,,0
O06946,0,,0
O06941,0,,0
O06944,0,,0
O06942,0,,0
O06949,0,,0
O06951,0,,0
O06957,0,,0
O06959,0,,0
O06956,0,,0
O06950,1,Product mismatch,13
O06955,0,,0
O06958,0,,0
O06952,0,,0
O06953,0,,0
O06954,0,,0
O06963,1,Damaged product,2
O06965,0,,0
O06971,0,,0
O06962,0,,0
O06966,0,,0
O06960,0,,0
O06974,1,Size issue,7
O06969,0,,0
O06968,0,,0
O06961,0,,0
O06964,0,,0
O06970,0,,0
O06972,0,,0
O06973,1,Size issue,10
O06967,0,,0
O06978,0,,0
O06983,0,,0
O06976,0,,0
O06982,0,,0
O06985,0,,0
O06980,0,,0
O06975,1,Changed mind,7
O06984,0,,0
O06981,0,,0
O06977,0,,0
O06979,0,,0
O06988,0,,0
O06989,0,,0
O06990,0,,0
O06992,0,,0
O06993,0,,0
O06987,0,,0
O06991,0,,0
O06986,0,,0
O06997,0,,0
O06996,0,,0
O06994,0,,0
O06999,0,,0
O06995,0,,0
O06998,0,,0
O07000,0,,0
O07007,0,,0
O07003,0,,0
O07010,0,,0
O07009,0,,0
O07008,0,,0
O07006,0,,0
O07004,0,,0
O07002,0,,0
O07005,0,,0
O07001,0,,0
O07020,0,,0
O07018,0,,0
O07015,0,,0
O07012,1,Product mismatch,2
O07014,0,,0
O07019,0,,0
O07016,0,,0
O07021,0,,0
O07023,1,Changed mind,13
O07022,0,,0
O07011,0,,0
O07017,0,,0
O07013,1,Changed mind,3
O07037,0,,0
O07026,0,,0
O07027,0,,0
O07029,0,,0
O07036,0,,0
O07025,0,,0
O07034,0,,0
O07033,0,,0
O07031,0,,0
O07030,0,,0
O07032,0,,0
O07028,0,,0
O07038,0,,0
O07024,0,,0
O07035,0,,0
O07042,0,,0
O07040,1,Size issue,13
O07045,0,,0
O07041,0,,0
O07043,0,,0
O07039,0,,0
O07044,0,,0
O07046,0,,0
O07047,0,,0
O07055,0,,0
O07051,1,Product mismatch,12
O07053,0,,0
O07050,0,,0
O07057,0,,0
O07059,0,,0
O07056,0,,0
O07058,0,,0
O07048,0,,0
O07052,0,,0
O07049,0,,0
O07054,0,,0
O07065,0,,0
O07062,0,,0
O07063,0,,0
O07060,0,,0
O07061,0,,0
O07064,0,,0
O07066,0,,0
O07078,0,,0
O07071,0,,0
O07076,0,,0
O07074,0,,0
O07069,0,,0
O07068,0,,0
O07075,0,,0
O07070,0,,0
O07073,0,,0
O07072,0,,0
O07067,0,,0
O07077,0,,0
O07080,0,,0
O07079,1,Changed mind,7
O07081,0,,0
O07083,0,,0
O07082,0,,0
O07088,0,,0
O07085,0,,0
O07087,0,,0
O07086,0,,0
O07084,0,,0
O07095,0,,0
O07097,0,,0
O07096,0,,0
O07090,0,,0
O07091,0,,0
O07093,0,,0
O07089,0,,0
O07092,1,Size issue,11
O07094,0,,0
O07102,0,,0
O07100,0,,0
O07101,0,,0
O07103,0,,0
O07099,0,,0
O07098,0,,0
O07104,0,,0
O07116,0,,0
O07107,0,,0
O07113,1,Damaged product,4
O07108,0,,0
O07106,1,Changed mind,13
O07109,0,,0
O07110,0,,0
O07115,0,,0
O07111,0,,0
O07114,0,,0
O07105,0,,0
O07112,0,,0
O07119,0,,0
O07121,0,,0
O07122,0,,0
O07123,0,,0
O07118,0,,0
O07124,0,,0
O07117,0,,0
O07120,0,,0
O07126,0,,0
O07135,0,,0
O07130,1,Size issue,4
O07129,1,Changed mind,11
O07127,0,,0
O07131,0,,0
O07133,0,,0
O07134,0,,0
O07128,0,,0
O07125,0,,0
O07132,0,,0
O07140,0,,0
O07138,0,,0
O07139,0,,0
O07136,0,,0
O07137,0,,0
O07143,0,,0
O07149,0,,0
O07148,0,,0
O07152,0,,0
O07142,1,Changed mind,2
O07146,0,,0
O07144,0,,0
O07147,1,Product mismatch,5
O07141,1,Product mismatch,12
O07151,0,,0
O07145,0,,0
O07150,0,,0
O07159,0,,0
O07155,0,,0
O07154,1,Product mismatch,3
O07158,0,,0
O07156,0,,0
O07157,0,,0
O07160,0,,0
O07153,1,Size issue,5
O07172,0,,0
O07161,0,,0
O07168,0,,0
O07164,0,,0
O07171,0,,0
O07166,0,,0
O07169,0,,0
O07170,0,,0
O07163,0,,0
O07165,0,,0
O07162,0,,0
O07167,0,,0
O07176,1,Changed mind,4
O07179,0,,0
O07174,0,,0
O07178,0,,0
O07175,0,,0
O07183,0,,0
O07182,0,,0
O07181,0,,0
O07180,1,Changed mind,10
O07177,0,,0
O07173,0,,0
O07185,0,,0
O07193,0,,0
O07194,0,,0
O07195,0,,0
O07186,0,,0
O07190,0,,0
O07188,0,,0
O07184,0,,0
O07187,0,,0
O07191,0,,0
O07192,0,,0
O07189,0,,0
O07203,1,Damaged product,4
O07201,0,,0
O07204,0,,0
O07202,0,,0
O07196,0,,0
O07199,0,,0
O07197,0,,0
O07198,0,,0
O07200,1,Changed mind,8
O07210,0,,0
O07213,0,,0
O07208,1,Product mismatch,6
O07205,1,Product mismatch,11
O07209,0,,0
O07206,0,,0
O07207,1,Product mismatch,5
O07212,1,Size issue,14
O07211,0,,0
O07214,0,,0
O07219,0,,0
O07217,0,,0
O07216,0,,0
O07215,0,,0
O07218,0,,0
O07226,0,,0
O07223,0,,0
O07221,0,,0
O07225,1,Product mismatch,8
O07220,0,,0
O07222,0,,0
O07224,0,,0
O07230,0,,0
O07233,0,,0
O07228,0,,0
O07231,0,,0
O07227,0,,0
O07229,1,Size issue,12
O07232,0,,0
O07236,0,,0
O07239,0,,0
O07245,0,,0
O07237,0,,0
O07234,0,,0
O07241,0,,0
O07243,0,,0
O07240,0,,0
O07244,0,,0
O07246,0,,0
O07242,0,,0
O07238,0,,0
O07235,0,,0
O07247,0,,0
O07250,1,Damaged product,9
O07249,0,,0
O07251,0,,0
O07248,0,,0
O07253,0,,0
O07255,0,,0
O07252,0,,0
O07257,0,,0
O07254,0,,0
O07256,1,Damaged product,9
O07258,0,,0
O07262,1,Changed mind,7
O07261,0,,0
O07263,0,,0
O07259,0,,0
O07264,0,,0
O07260,1,Size issue,4
O07269,0,,0
O07275,0,,0
O07277,0,,0
O07271,0,,0
O07267,0,,0
O07276,0,,0
O07274,0,,0
O07268,0,,0
O07273,0,,0
O07270,0,,0
O07272,0,,0
O07265,0,,0
O07266,1,Product mismatch,5
O07280,1,Product mismatch,2
O07278,0,,0
O07281,1,Damaged product,10
O07279,0,,0
O07286,0,,0
O07282,0,,0
O07284,1,Product mismatch,6
O07285,0,,0
O07291,0,,0
O07290,0,,0
O07293,0,,0
O07289,0,,0
O07292,0,,0
O07283,0,,0
O07287,1,Size issue,5
O07288,0,,0
O07302,0,,0
O07296,0,,0
O07297,0,,0
O07301,0,,0
O07295,0,,0
O07299,0,,0
O07300,0,,0
O07298,1,Changed mind,12
O07294,0,,0
O07307,0,,0
O07311,0,,0
O07310,0,,0
O07308,0,,0
O07305,0,,0
O07303,0,,0
O07309,0,,0
O07306,0,,0
O07304,0,,0
O07313,0,,0
O07316,0,,0
O07318,0,,0
O07315,0,,0
O07324,0,,0
O07317,0,,0
O07312,0,,0
O07320,0,,0
O07321,0,,0
O07319,0,,0
O07323,0,,0
O07322,1,Changed mind,13
O07314,0,,0
O07327,0,,0
O07326,0,,0
O07325,1,Product mismatch,11
O07328,0,,0
O07331,0,,0
O07329,0,,0
O07330,0,,0
O07334,0,,0
O07332,0,,0
O07333,1,Product mismatch,10
O07339,0,,0
O07338,0,,0
O07336,0,,0
O07337,0,,0
O07335,0,,0
O07346,0,,0
O07348,0,,0
O07340,0,,0
O07341,0,,0
O07343,0,,0
O07345,0,,0
O07344,0,,0
O07347,0,,0
O07342,1,Product mismatch,11
O07352,0,,0
O07354,0,,0
O07349,0,,0
O07350,0,,0
O07351,0,,0
O07353,0,,0
O07358,0,,0
O07359,0,,0
O07360,0,,0
O07362,0,,0
O07355,0,,0
O07364,1,Changed mind,5
O07357,0,,0
O07356,0,,0
O07361,0,,0
O07363,1,Size issue,6
O07375,0,,0
O07374,0,,0
O07376,0,,0
O07373,0,,0
O07365,0,,0
O07370,0,,0
O07367,0,,0
O07371,0,,0
O07366,0,,0
O07372,0,,0
O07369,0,,0
O07368,0,,0
O07383,0,,0
O07379,0,,0
O07377,0,,0
O07378,0,,0
O07384,0,,0
O07382,0,,0
O07381,1,Changed mind,12
O07380,1,Changed mind,14
O07386,0,,0
O07385,0,,0
O07392,0,,0
O07388,1,Product mismatch,7
O07389,0,,0
O07390,1,Size issue,7
O07391,0,,0
O07393,0,,0
O07387,0,,0
O07405,0,,0
O07404,0,,0
O07397,0,,0
O07400,0,,0
O07396,0,,0
O07403,0,,0
O07399,0,,0
O07394,0,,0
O07402,0,,0
O07398,0,,0
O07401,0,,0
O07395,0,,0
O07410,1,Product mismatch,9
O07411,1,Changed mind,10
O07408,0,,0
O07413,0,,0
O07414,0,,0
O07406,0,,0
O07407,0,,0
O07412,0,,0
O07409,1,Size issue,10
O07418,0,,0
O07420,0,,0
O07415,0,,0
O07416,1,Product mismatch,8
O07417,0,,0
O07419,0,,0
O07428,0,,0
O07423,0,,0
O07425,0,,0
O07430,0,,0
O07426,0,,0
O07427,0,,0
O07429,0,,0
O07431,0,,0
O07421,0,,0
O07424,0,,0
O07422,0,,0
O07437,0,,0
O07441,0,,0
O07436,0,,0
O07443,1,Product mismatch,3
O07438,0,,0
O07434,0,,0
O07433,0,,0
O07440,0,,0
O07442,0,,0
O07439,0,,0
O07435,0,,0
O07432,0,,0
O07460,0,,0
O07459,0,,0
O07451,0,,0
O07455,0,,0
O07454,0,,0
O07453,0,,0
O07452,0,,0
O07450,0,,0
O07445,0,,0
O07446,0,,0
O07448,0,,0
O07447,0,,0
O07457,1,Size issue,3
O07444,0,,0
O07458,0,,0
O07449,0,,0
O07456,0,,0
O07468,1,Damaged product,9
O07471,0,,0
O07461,0,,0
O07465,0,,0
O07470,0,,0
O07467,0,,0
O07469,0,,0
O07463,0,,0
O07472,0,,0
O07464,0,,0
O07462,0,,0
O07466,0,,0
O07473,0,,0
O07474,0,,0
O07477,0,,0
O07476,1,Size issue,14
O07475,0,,0
O07479,0,,0
O07478,0,,0
O07482,0,,0
O07488,0,,0
O07483,0,,0
O07486,0,,0
O07481,0,,0
O07484,1,Size issue,10
O07480,0,,0
O07490,0,,0
O07487,0,,0
O07485,0,,0
O07489,0,,0
O07493,0,,0
O07491,0,,0
O07494,0,,0
O07492,0,,0
O07495,1,Size issue,10
O07496,0,,0
O07497,0,,0
O07503,0,,0
O07504,0,,0
O07501,1,Changed mind,3
O07498,1,Damaged product,12
O07499,0,,0
O07500,1,Size issue,2
O07502,0,,0
O07505,0,,0
O07507,0,,0
O07509,0,,0
O07511,0,,0
O07506,0,,0
O07512,0,,0
O07510,0,,0
O07508,0,,0
O07516,0,,0
O07519,1,Size issue,10
O07518,0,,0
O07525,0,,0
O07517,0,,0
O07523,0,,0
O07522,0,,0
O07527,0,,0
O07514,0,,0
O07526,0,,0
O07529,0,,0
O07528,0,,0
O07520,0,,0
O07515,0,,0
O07521,0,,0
O07524,0,,0
O07513,0,,0
O07533,0,,0
O07535,0,,0
O07539,0,,0
O07540,0,,0
O07541,0,,0
O07537,0,,0
O07531,0,,0
O07532,1,Size issue,3
O07530,0,,0
O07536,0,,0
O07538,0,,0
O07534,0,,0
O07554,0,,0
O07542,0,,0
O07550,0,,0
O07548,0,,0
O07545,0,,0
O07549,0,,0
O07547,0,,0
O07546,0,,0
O07552,0,,0
O07543,0,,0
O07544,0,,0
O07553,0,,0
O07551,0,,0
O07561,0,,0
O07555,0,,0
O07558,0,,0
O07560,0,,0
O07563,0,,0
O07562,0,,0
O07564,0,,0
O07565,0,,0
O07556,0,,0
O07559,0,,0
O07557,1,Product mismatch,5
O07566,0,,0
O07570,0,,0
O07571,0,,0
O07567,0,,0
O07573,1,Size issue,7
O07572,0,,0
O07568,0,,0
O07575,0,,0
O07569,0,,0
O07574,0,,0
O07576,0,,0
O07579,0,,0
O07577,0,,0
O07580,0,,0
O07578,0,,0
O07581,0,,0
O07583,0,,0
O07582,0,,0
O07588,0,,0
O07585,0,,0
O07584,0,,0
O07586,0,,0
O07589,0,,0
O07587,0,,0
O07598,0,,0
O07592,0,,0
O07597,1,Product mismatch,5
O07593,0,,0
O07595,0,,0
O07599,0,,0
O07590,0,,0
O07594,0,,0
O07591,0,,0
O07596,0,,0
O07606,0,,0
O07604,0,,0
O07610,1,Product mismatch,14
O07607,0,,0
O07600,0,,0
O07609,0,,0
O07605,0,,0
O07603,1,Size issue,2
O07601,0,,0
O07608,0,,0
O07602,0,,0
O07617,0,,0
O07612,0,,0
O07613,0,,0
O07616,0,,0
O07615,0,,0
O07611,0,,0
O07614,1,Changed mind,12
O07620,0,,0
O07621,0,,0
O07626,0,,0
O07623,0,,0
O07624,0,,0
O07618,0,,0
O07625,0,,0
O07619,0,,0
O07622,0,,0
O07629,0,,0
O07627,0,,0
O07628,0,,0
O07631,0,,0
O07630,1,Size issue,5
O07633,0,,0
O07632,0,,0
O07638,0,,0
O07640,0,,0
O07643,1,Damaged product,6
O07642,0,,0
O07637,0,,0
O07635,0,,0
O07644,0,,0
O07634,1,Size issue,14
O07636,0,,0
O07639,1,Changed mind,14
O07641,1,Changed mind,2
O07648,0,,0
O07649,0,,0
O07646,0,,0
O07647,1,Damaged product,7
O07645,0,,0
O07657,1,Changed mind,4
O07655,0,,0
O07658,1,Damaged product,11
O07654,1,Product mismatch,12
O07653,0,,0
O07651,0,,0
O07650,0,,0
O07660,0,,0
O07656,0,,0
O07652,0,,0
O07659,0,,0
O07662,1,Size issue,14
O07663,0,,0
O07666,0,,0
O07665,0,,0
O07661,0,,0
O07664,0,,0
O07671,0,,0
O07669,0,,0
O07673,0,,0
O07668,0,,0
O07667,0,,0
O07672,1,Changed mind,13
O07670,0,,0
O07679,0,,0
O07676,0,,0
O07683,0,,0
O07682,0,,0
O07680,0,,0
O07674,0,,0
O07681,0,,0
O07675,0,,0
O07677,0,,0
O07678,0,,0
O07691,0,,0
O07686,0,,0
O07688,0,,0
O07684,0,,0
O07690,0,,0
O07687,1,Changed mind,8
O07685,0,,0
O07689,0,,0
O07693,0,,0
O07696,1,Damaged product,4
O07699,0,,0
O07694,0,,0
O07697,0,,0
O07695,0,,0
O07701,1,Changed mind,6
O07700,1,Damaged product,8
O07698,0,,0
O07692,0,,0
O07704,0,,0
O07710,0,,0
O07707,0,,0
O07708,0,,0
O07706,0,,0
O07709,0,,0
O07702,0,,0
O07705,0,,0
O07711,0,,0
O07703,0,,0
O07715,0,,0
O07719,0,,0
O07712,0,,0
O07723,0,,0
O07720,0,,0
O07717,0,,0
O07716,0,,0
O07718,0,,0
O07722,0,,0
O07714,0,,0
O07721,1,Size issue,13
O07713,0,,0
O07728,0,,0
O07729,0,,0
O07731,0,,0
O07724,0,,0
O07727,0,,0
O07730,0,,0
O07725,1,Size issue,13
O07726,0,,0
O07732,0,,0
O07735,0,,0
O07737,0,,0
O07738,0,,0
O07736,0,,0
O07734,0,,0
O07733,0,,0
O07739,0,,0
O07740,0,,0
O07743,0,,0
O07747,0,,0
O07750,0,,0
O07744,0,,0
O07748,0,,0
O07745,0,,0
O07749,1,Damaged product,11
O07742,0,,0
O07746,0,,0
O07741,0,,0
O07757,1,Changed mind,10
O07760,1,Changed mind,3
O07758,0,,0
O07752,0,,0
O07751,0,,0
O07761,0,,0
O07755,0,,0
O07754,0,,0
O07753,0,,0
O07762,0,,0
O07756,0,,0
O07759,0,,0
O07765,0,,0
O07764,0,,0
O07763,0,,0
O07768,0,,0
O07766,0,,0
O07769,0,,0
O07767,0,,0
O07775,0,,0
O07777,1,Size issue,8
O07780,0,,0
O07770,0,,0
O07772,0,,0
O07776,0,,0
O07778,0,,0
O07779,0,,0
O07774,0,,0
O07771,0,,0
O07773,0,,0
O07785,0,,0
O07781,0,,0
O07790,0,,0
O07788,0,,0
O07784,0,,0
O07787,0,,0
O07786,0,,0
O07782,0,,0
O07789,0,,0
O07783,0,,0
O07794,1,Damaged product,3
O07798,0,,0
O07796,1,Damaged product,9
O07791,1,Changed mind,12
O07792,1,Product mismatch,12
O07795,0,,0
O07793,0,,0
O07797,0,,0
O07805,0,,0
O07799,0,,0
O07806,0,,0
O07802,0,,0
O07803,0,,0
O07800,0,,0
O07801,0,,0
O07807,0,,0
O07804,0,,0
O07818,1,Product mismatch,3
O07817,0,,0
O07816,0,,0
O07815,0,,0
O07814,0,,0
O07809,0,,0
O07819,0,,0
O07810,0,,0
O07808,0,,0
O07813,0,,0
O07811,0,,0
O07812,0,,0
O07820,0,,0
O07822,0,,0
O07823,1,Product mismatch,11
O07821,0,,0
O07824,0,,0
O07827,0,,0
O07836,0,,0
O07828,1,Product mismatch,5
O07832,0,,0
O07830,0,,0
O07835,0,,0
O07831,0,,0
O07829,0,,0
O07826,0,,0
O07825,0,,0
O07837,0,,0
O07833,0,,0
O07834,0,,0
O07841,0,,0
O07840,0,,0
O07839,0,,0
O07845,0,,0
O07844,0,,0
O07842,0,,0
O07838,0,,0
O07843,0,,0
O07847,0,,0
O07846,0,,0
O07851,1,Size issue,14
O07848,0,,0
O07854,0,,0
O07849,0,,0
O07857,0,,0
O07850,0,,0
O07856,0,,0
O07855,0,,0
O07853,0,,0
O07852,0,,0
O07859,0,,0
O07860,1,Changed mind,4
O07861,0,,0
O07863,1,Changed mind,12
O07862,0,,0
O07864,0,,0
O07858,0,,0
O07869,0,,0
O07870,0,,0
O07866,0,,0
O07865,0,,0
O07868,0,,0
O07873,0,,0
O07867,0,,0
O07872,0,,0
O07871,0,,0
O07877,0,,0
O07875,0,,0
O07883,0,,0
O07881,0,,0
O07879,1,Changed mind,7
O07878,0,,0
O07880,0,,0
O07874,0,,0
O07876,0,,0
O07882,0,,0
O07884,1,Damaged product,4
O07888,0,,0
O07889,0,,0
O07887,0,,0
O07886,0,,0
O07885,0,,0
O07890,0,,0
O07893,0,,0
O07900,0,,0
O07901,0,,0
O07894,0,,0
O07898,0,,0
O07895,1,Changed mind,5
O07896,0,,0
O07892,1,Product mismatch,9
O07899,0,,0
O07897,0,,0
O07891,0,,0
O07905,0,,0
O07906,0,,0
O07912,0,,0
O07908,0,,0
O07907,0,,0
O07914,0,,0
O07911,0,,0
O07909,0,,0
O07902,0,,0
O07915,0,,0
O07904,0,,0
O07910,0,,0
O07903,0,,0
O07913,0,,0
O07920,0,,0
O07927,0,,0
O07921,1,Changed mind,10
O07918,0,,0
O07923,0,,0
O07925,0,,0
O07926,0,,0
O07919,0,,0
O07924,0,,0
O07922,0,,0
O07916,0,,0
O07917,0,,0
O07931,0,,0
O07932,0,,0
O07936,0,,0
O07934,0,,0
O07930,0,,0
O07935,0,,0
O07933,0,,0
O07928,0,,0
O07938,0,,0
O07937,0,,0
O07929,1,Size issue,6
O07942,0,,0
O07939,1,Changed mind,12
O07945,0,,0
O07941,0,,0
O07944,0,,0
O07940,0,,0
O07943,0,,0
O07949,1,Changed mind,6
O07950,0,,0
O07953,0,,0
O07952,0,,0
O07957,0,,0
O07947,0,,0
O07956,0,,0
O07946,0,,0
O07948,0,,0
O07955,0,,0
O07951,0,,0
O07954,0,,0
O07959,0,,0
O07961,1,Changed mind,12
O07966,0,,0
O07958,0,,0
O07963,0,,0
O07962,0,,0
O07968,1,Size issue,7
O07965,1,Product mismatch,14
O07960,0,,0
O07967,0,,0
O07964,0,,0
O07970,0,,0
O07974,0,,0
O07972,0,,0
O07979,0,,0
O07976,0,,0
O07978,0,,0
O07971,0,,0
O07977,0,,0
O07975,1,Changed mind,8
O07969,0,,0
O07973,0,,0
O07994,1,Product mismatch,2
O07986,0,,0
O07985,0,,0
O07982,1,Changed mind,6
O07987,0,,0
O07991,0,,0
O07984,1,Damaged product,8
O07980,0,,0
O07989,0,,0
O07993,0,,0
O07990,0,,0
O07992,0,,0
O07983,0,,0
O07988,0,,0
O07981,0,,0
O08000,0,,0
O07999,0,,0
O08002,0,,0
O08010,0,,0
O08008,0,,0
O08006,0,,0
O08009,0,,0
O07997,0,,0
O08001,0,,0
O08005,0,,0
O07995,0,,0
O08004,0,,0
O08011,0,,0
O08007,0,,0
O08003,0,,0
O07998,0,,0
O07996,1,Size issue,6
O08017,0,,0
O08013,0,,0
O08015,0,,0
O08016,0,,0
O08014,0,,0
O08012,0,,0
O08026,1,Size issue,7
O08025,0,,0
O08022,0,,0
O08021,0,,0
O08023,0,,0
O08019,0,,0
O08018,0,,0
O08020,0,,0
O08024,0,,0
O08039,0,,0
O08035,0,,0
O08032,0,,0
O08034,0,,0
O08036,0,,0
O08028,0,,0
O08027,0,,0
O08037,0,,0
O08031,1,Product mismatch,13
O08030,0,,0
O08029,0,,0
O08038,0,,0
O08033,0,,0
O08042,0,,0
O08044,0,,0
O08040,0,,0
O08043,0,,0
O08041,0,,0
O08052,0,,0
O08045,0,,0
O08050,0,,0
O08053,0,,0
O08049,1,Changed mind,12
O08048,0,,0
O08046,0,,0
O08047,0,,0
O08051,0,,0
O08055,0,,0
O08054,0,,0
O08056,0,,0
O08063,1,Size issue,3
O08058,0,,0
O08060,0,,0
O08057,0,,0
O08062,0,,0
O08066,0,,0
O08065,0,,0
O08064,0,,0
O08059,0,,0
O08061,0,,0
O08076,0,,0
O08075,0,,0
O08072,0,,0
O08069,0,,0
O08071,0,,0
O08079,0,,0
O08067,1,Changed mind,9
O08078,0,,0
O08068,0,,0
O08070,0,,0
O08074,1,Product mismatch,2
O08073,0,,0
O08077,0,,0
O08085,0,,0
O08088,0,,0
O08087,0,,0
O08080,0,,0
O08082,0,,0
O08086,0,,0
O08089,1,Damaged product,8
O08084,0,,0
O08081,0,,0
O08083,0,,0
O08092,0,,0
O08091,0,,0
O08094,0,,0
O08095,0,,0
O08093,1,Size issue,8
O08090,1,Damaged product,11
O08099,0,,0
O08101,0,,0
O08098,0,,0
O08103,1,Damaged product,14
O08105,0,,0
O08106,0,,0
O08104,0,,0
O08096,1,Product mismatch,3
O08097,0,,0
O08100,0,,0
O08102,0,,0
O08108,0,,0
O08113,0,,0
O08112,0,,0
O08111,0,,0
O08109,0,,0
O08107,0,,0
O08114,0,,0
O08110,0,,0
O08115,0,,0
O08119,0,,0
O08116,0,,0
O08118,0,,0
O08121,0,,0
O08123,0,,0
O08122,0,,0
O08117,0,,0
O08120,0,,0
O08124,0,,0
O08140,0,,0
O08137,0,,0
O08128,0,,0
O08138,0,,0
O08136,0,,0
O08139,0,,0
O08126,0,,0
O08127,0,,0
O08133,0,,0
O08131,0,,0
O08129,0,,0
O08125,0,,0
O08130,0,,0
O08132,0,,0
O08135,0,,0
O08134,0,,0
O08146,0,,0
O08148,0,,0
O08150,0,,0
O08145,0,,0
O08154,0,,0
O08155,0,,0
O08152,0,,0
O08147,1,Damaged product,2
O08149,0,,0
O08153,1,Product mismatch,9
O08142,0,,0
O08143,0,,0
O08144,0,,0
O08151,0,,0
O08141,0,,0
O08160,0,,0
O08163,0,,0
O08162,0,,0
O08161,1,Changed mind,14
O08165,0,,0
O08159,1,Product mismatch,3
O08157,0,,0
O08164,1,Damaged product,6
O08158,0,,0
O08166,0,,0
O08156,0,,0
O08177,0,,0
O08178,0,,0
O08167,0,,0
O08176,1,Changed mind,8
O08183,0,,0
O08180,0,,0
O08172,0,,0
O08170,0,,0
O08174,0,,0
O08175,0,,0
O08169,0,,0
O08173,0,,0
O08182,0,,0
O08179,0,,0
O08181,0,,0
O08168,0,,0
O08171,0,,0
O08193,0,,0
O08190,0,,0
O08191,1,Size issue,8
O08189,0,,0
O08186,0,,0
O08192,0,,0
O08187,0,,0
O08194,0,,0
O08188,0,,0
O08185,0,,0
O08184,0,,0
O08199,0,,0
O08196,1,Product mismatch,9
O08203,0,,0
O08201,0,,0
O08202,0,,0
O08200,0,,0
O08198,0,,0
O08195,0,,0
O08197,0,,0
O08206,0,,0
O08208,0,,0
O08205,0,,0
O08204,0,,0
O08207,0,,0
O08216,0,,0
O08212,0,,0
O08217,0,,0
O08220,0,,0
O08219,0,,0
O08213,0,,0
O08215,0,,0
O08214,0,,0
O08210,0,,0
O08209,0,,0
O08211,0,,0
O08218,0,,0
O08223,0,,0
O08221,1,Size issue,12
O08224,0,,0
O08222,0,,0
O08226,1,Damaged product,9
O08234,1,Changed mind,8
O08229,0,,0
O08232,0,,0
O08233,0,,0
O08227,0,,0
O08225,0,,0
O08230,0,,0
O08228,0,,0
O08235,0,,0
O08231,0,,0
O08245,0,,0
O08239,0,,0
O08237,1,Damaged product,8
O08244,0,,0
O08240,0,,0
O08247,0,,0
O08242,0,,0
O08246,0,,0
O08243,0,,0
O08236,0,,0
O08248,1,Product mismatch,11
O08238,0,,0
O08241,0,,0
O08249,1,Size issue,6
O08251,0,,0
O08250,0,,0
O08252,0,,0
O08256,0,,0
O08258,0,,0
O08257,0,,0
O08262,0,,0
O08261,0,,0
O08254,0,,0
O08263,0,,0
O08253,0,,0
O08255,0,,0
O08259,0,,0
O08260,0,,0
O08268,0,,0
O08267,0,,0
O08270,0,,0
O08273,0,,0
O08269,1,Damaged product,8
O08271,0,,0
O08264,0,,0
O08266,0,,0
O08265,0,,0
O08272,0,,0
O08278,0,,0
O08281,0,,0
O08277,0,,0
O08280,0,,0
O08279,0,,0
O08275,0,,0
O08276,0,,0
O08282,0,,0
O08274,1,Product mismatch,10
O08283,0,,0
O08293,0,,0
O08289,0,,0
O08295,0,,0
O08296,0,,0
O08292,0,,0
O08290,0,,0
O08299,0,,0
O08287,0,,0
O08291,0,,0
O08297,0,,0
O08284,0,,0
O08286,0,,0
O08298,0,,0
O08285,0,,0
O08294,0,,0
O08288,0,,0
O08303,0,,0
O08304,0,,0
O08302,1,Damaged product,12
O08300,0,,0
O08301,0,,0
O08309,0,,0
O08313,1,Size issue,9
O08307,0,,0
O08312,0,,0
O08308,0,,0
O08310,0,,0
O08311,0,,0
O08306,1,Size issue,14
O08314,1,Changed mind,7
O08305,0,,0
O08316,1,Size issue,13
O08321,0,,0
O08319,0,,0
O08315,0,,0
O08318,0,,0
O08320,1,Size issue,10
O08317,1,Product mismatch,6
O08328,0,,0
O08327,0,,0
O08322,0,,0
O08330,0,,0
O08323,0,,0
O08325,0,,0
O08326,0,,0
O08324,0,,0
O08329,0,,0
O08334,0,,0
O08337,0,,0
O08340,0,,0
O08336,0,,0
O08332,1,Product mismatch,2
O08335,0,,0
O08333,0,,0
O08339,0,,0
O08331,0,,0
O08338,0,,0
O08341,0,,0
O08347,0,,0
O08345,1,Size issue,2
O08343,0,,0
O08346,0,,0
O08344,0,,0
O08342,1,Changed mind,9
O08350,0,,0
O08353,1,Product mismatch,3
O08349,0,,0
O08348,0,,0
O08354,0,,0
O08352,0,,0
O08351,1,Product mismatch,14
O08355,0,,0
O08356,0,,0
O08358,0,,0
O08360,1,Changed mind,10
O08359,0,,0
O08357,0,,0
O08361,0,,0
O08371,0,,0
O08365,0,,0
O08368,0,,0
O08366,0,,0
O08372,0,,0
O08369,0,,0
O08370,0,,0
O08363,0,,0
O08362,0,,0
O08367,0,,0
O08373,0,,0
O08364,0,,0
O08374,0,,0
O08375,0,,0
O08379,0,,0
O08376,0,,0
O08377,0,,0
O08378,0,,0
O08395,0,,0
O08393,0,,0
O08384,0,,0
O08391,0,,0
O08394,0,,0
O08380,0,,0
O08381,1,Changed mind,13
O08382,0,,0
O08387,0,,0
O08383,0,,0
O08392,0,,0
O08388,0,,0
O08390,0,,0
O08389,0,,0
O08385,0,,0
O08386,0,,0
O08406,0,,0
O08396,0,,0
O08397,1,Changed mind,13
O08404,0,,0
O08405,0,,0
O08398,0,,0
O08401,0,,0
O08399,0,,0
O08400,0,,0
O08402,0,,0
O08403,0,,0
O08408,0,,0
O08417,0,,0
O08411,0,,0
O08414,0,,0
O08409,0,,0
O08407,0,,0
O08415,0,,0
O08410,0,,0
O08412,0,,0
O08413,0,,0
O08416,1,Product mismatch,7
O08418,0,,0
O08420,1,Product mismatch,4
O08422,0,,0
O08425,0,,0
O08421,0,,0
O08423,0,,0
O08419,0,,0
O08424,0,,0
O08429,0,,0
O08437,0,,0
O08436,0,,0
O08433,0,,0
O08435,0,,0
O08432,0,,0
O08427,0,,0
O08430,0,,0
O08431,0,,0
O08428,0,,0
O08426,0,,0
O08434,0,,0
O08441,0,,0
O08440,0,,0
O08439,0,,0
O08443,0,,0
O08438,0,,0
O08442,0,,0
O08445,1,Product mismatch,8
O08451,0,,0
O08446,0,,0
O08454,0,,0
O08444,0,,0
O08452,0,,0
O08455,0,,0
O08453,0,,0
O08447,0,,0
O08449,0,,0
O08448,0,,0
O08450,0,,0
O08457,0,,0
O08460,1,Product mismatch,7
O08465,0,,0
O08463,0,,0
O08461,0,,0
O08456,0,,0
O08458,0,,0
O08462,0,,0
O08459,0,,0
O08464,0,,0
O08471,0,,0
O08468,0,,0
O08466,0,,0
O08467,0,,0
O08473,0,,0
O08472,0,,0
O08469,0,,0
O08470,0,,0
O08476,0,,0
O08475,1,Size issue,13
O08481,0,,0
O08480,0,,0
O08479,1,Size issue,2
O08477,0,,0
O08474,0,,0
O08478,1,Size issue,3
O08489,1,Size issue,2
O08482,0,,0
O08488,0,,0
O08495,0,,0
O08491,0,,0
O08493,0,,0
O08492,0,,0
O08490,0,,0
O08494,0,,0
O08486,0,,0
O08485,0,,0
O08483,0,,0
O08487,0,,0
O08484,0,,0
O08503,0,,0
O08498,0,,0
O08500,0,,0
O08496,0,,0
O08497,0,,0
O08502,0,,0
O08501,0,,0
O08499,0,,0
O08507,1,Product mismatch,4
O08522,0,,0
O08521,0,,0
O08505,0,,0
O08512,0,,0
O08520,0,,0
O08510,1,Product mismatch,10
O08508,0,,0
O08511,0,,0
O08506,0,,0
O08517,0,,0
O08509,0,,0
O08519,0,,0
O08518,0,,0
O08504,1,Changed mind,9
O08513,1,Size issue,11
O08515,0,,0
O08514,0,,0
O08516,0,,0
O08527,0,,0
O08523,0,,0
O08528,0,,0
O08526,1,Changed mind,14
O08525,0,,0
O08524,0,,0
O08530,0,,0
O08536,0,,0
O08537,0,,0
O08529,1,Size issue,10
O08534,0,,0
O08539,0,,0
O08531,1,Product mismatch,9
O08532,0,,0
O08535,0,,0
O08533,0,,0
O08538,0,,0
O08540,0,,0
O08547,0,,0
O08546,0,,0
O08544,0,,0
O08543,0,,0
O08548,0,,0
O08541,0,,0
O08545,0,,0
O08542,0,,0
O08561,0,,0
O08552,0,,0
O08559,0,,0
O08553,0,,0
O08557,0,,0
O08551,0,,0
O08562,0,,0
O08555,0,,0
O08549,1,Changed mind,2
O08563,0,,0
O08558,0,,0
O08554,0,,0
O08560,0,,0
O08550,0,,0
O08556,0,,0
O08565,0,,0
O08573,0,,0
O08566,0,,0
O08572,1,Changed mind,11
O08567,0,,0
O08576,0,,0
O08568,0,,0
O08574,0,,0
O08571,0,,0
O08570,0,,0
O08569,0,,0
O08575,0,,0
O08564,0,,0
O08577,0,,0
O08578,0,,0
O08579,1,Product mismatch,14
O08580,1,Changed mind,2
O08582,0,,0
O08581,0,,0
O08583,0,,0
O08584,0,,0
O08585,0,,0
O08586,0,,0
O08588,0,,0
O08587,0,,0
O08597,0,,0
O08602,0,,0
O08592,0,,0
O08591,0,,0
O08596,0,,0
O08589,0,,0
O08595,0,,0
O08598,0,,0
O08590,0,,0
O08594,0,,0
O08599,0,,0
O08600,0,,0
O08593,0,,0
O08601,0,,0
O08606,0,,0
O08605,0,,0
O08607,0,,0
O08609,0,,0
O08610,0,,0
O08604,0,,0
O08608,1,Product mismatch,7
O08603,1,Changed mind,13
O08615,0,,0
O08617,0,,0
O08616,0,,0
O08611,0,,0
O08613,1,Product mismatch,11
O08612,1,Product mismatch,14
O08614,0,,0
O08618,1,Changed mind,9
O08623,1,Changed mind,7
O08620,0,,0
O08628,0,,0
O08626,0,,0
O08622,0,,0
O08619,0,,0
O08629,0,,0
O08627,0,,0
O08624,1,Changed mind,14
O08621,1,Product mismatch,11
O08625,0,,0
O08635,0,,0
O08630,0,,0
O08632,0,,0
O08634,0,,0
O08633,1,Changed mind,4
O08631,1,Changed mind,11
O08639,0,,0
O08645,0,,0
O08643,0,,0
O08641,0,,0
O08640,0,,0
O08642,0,,0
O08637,0,,0
O08644,0,,0
O08638,0,,0
O08636,0,,0
O08646,0,,0
O08648,0,,0
O08650,0,,0
O08652,0,,0
O08653,0,,0
O08651,0,,0
O08647,0,,0
O08649,0,,0
O08656,0,,0
O08660,0,,0
O08655,0,,0
O08659,0,,0
O08657,0,,0
O08654,0,,0
O08658,0,,0
O08662,0,,0
O08674,0,,0
O08664,0,,0
O08671,0,,0
O08675,0,,0
O08670,0,,0
O08667,1,Size issue,7
O08669,0,,0
O08666,0,,0
O08665,0,,0
O08661,0,,0
O08668,0,,0
O08663,0,,0
O08673,0,,0
O08672,0,,0
O08677,0,,0
O08686,0,,0
O08685,1,Size issue,7
O08684,0,,0
O08680,0,,0
O08688,0,,0
O08681,0,,0
O08689,0,,0
O08676,0,,0
O08682,0,,0
O08678,0,,0
O08679,0,,0
O08683,0,,0
O08687,0,,0
O08692,0,,0
O08695,0,,0
O08690,0,,0
O08696,0,,0
O08698,0,,0
O08691,0,,0
O08697,0,,0
O08694,1,Product mismatch,8
O08693,0,,0
O08699,0,,0
O08700,0,,0
O08703,0,,0
O08704,0,,0
O08701,0,,0
O08702,0,,0
O08711,0,,0
O08707,0,,0
O08714,0,,0
O08710,0,,0
O08706,0,,0
O08712,1,Product mismatch,13
O08708,1,Product mismatch,14
O08709,0,,0
O08705,0,,0
O08713,0,,0
O08715,1,Damaged product,4
O08717,0,,0
O08716,0,,0
O08724,0,,0
O08726,0,,0
O08725,0,,0
O08722,0,,0
O08723,0,,0
O08718,0,,0
O08720,0,,0
O08721,0,,0
O08719,0,,0
O08732,0,,0
O08734,0,,0
O08728,0,,0
O08735,0,,0
O08727,0,,0
O08731,0,,0
O08737,0,,0
O08733,0,,0
O08736,0,,0
O08730,0,,0
O08729,0,,0
O08739,1,Product mismatch,5
O08745,0,,0
O08738,0,,0
O08741,0,,0
O08743,0,,0
O08744,1,Product mismatch,12
O08740,0,,0
O08742,0,,0
O08746,0,,0
O08750,0,,0
O08757,0,,0
O08756,0,,0
O08747,0,,0
O08752,0,,0
O08751,0,,0
O08758,0,,0
O08761,1,Changed mind,3
O08749,0,,0
O08753,0,,0
O08759,0,,0
O08754,0,,0
O08755,1,Changed mind,6
O08748,0,,0
O08760,0,,0
O08771,0,,0
O08763,0,,0
O08762,0,,0
O08764,0,,0
O08766,1,Size issue,6
O08770,0,,0
O08772,0,,0
O08765,0,,0
O08767,0,,0
O08768,0,,0
O08769,0,,0
O08778,0,,0
O08779,0,,0
O08777,0,,0
O08776,0,,0
O08773,0,,0
O08774,0,,0
O08775,1,Changed mind,11
O08780,0,,0
O08781,0,,0
O08786,0,,0
O08787,0,,0
O08789,0,,0
O08784,0,,0
O08783,0,,0
O08782,0,,0
O08785,0,,0
O08788,0,,0
O08790,0,,0
O08798,0,,0
O08795,0,,0
O08794,0,,0
O08801,0,,0
O08796,1,Changed mind,14
O08793,0,,0
O08792,1,Changed mind,6
O08791,0,,0
O08800,0,,0
O08799,0,,0
O08802,0,,0
O08797,0,,0
O08805,0,,0
O08807,0,,0
O08809,0,,0
O08810,0,,0
O08804,0,,0
O08803,1,Changed mind,14
O08806,0,,0
O08811,0,,0
O08808,0,,0
O08813,0,,0
O08816,0,,0
O08814,0,,0
O08817,0,,0
O08820,0,,0
O08815,0,,0
O08819,0,,0
O08812,1,Changed mind,13
O08818,0,,0
O08824,0,,0
O08821,0,,0
O08825,0,,0
O08827,1,Product mismatch,4
O08828,0,,0
O08826,1,Changed mind,11
O08823,0,,0
O08822,0,,0
O08835,0,,0
O08832,0,,0
O08833,0,,0
O08839,1,Product mismatch,14
O08836,0,,0
O08837,0,,0
O08830,0,,0
O08838,0,,0
O08831,0,,0
O08840,0,,0
O08834,0,,0
O08829,0,,0
O08846,1,Product mismatch,13
O08841,0,,0
O08843,0,,0
O08842,1,Product mismatch,3
O08847,0,,0
O08845,0,,0
O08844,0,,0
O08850,1,Product mismatch,6
O08857,0,,0
O08851,0,,0
O08852,0,,0
O08849,1,Product mismatch,14
O08856,1,Damaged product,9
O08853,1,Product mismatch,14
O08854,0,,0
O08855,0,,0
O08848,0,,0
O08862,0,,0
O08858,0,,0
O08861,0,,0
O08863,0,,0
O08860,0,,0
O08859,0,,0
O08867,0,,0
O08869,0,,0
O08865,0,,0
O08864,0,,0
O08870,0,,0
O08866,0,,0
O08872,0,,0
O08871,0,,0
O08868,0,,0
O08881,0,,0
O08873,0,,0
O08882,0,,0
O08878,0,,0
O08876,0,,0
O08880,0,,0
O08879,0,,0
O08875,0,,0
O08877,0,,0
O08874,0,,0
O08883,1,Size issue,6
O08891,0,,0
O08889,0,,0
O08884,1,Damaged product,3
O08890,0,,0
O08885,0,,0
O08888,0,,0
O08886,0,,0
O08887,0,,0
O08895,0,,0
O08898,0,,0
O08896,0,,0
O08892,0,,0
O08899,0,,0
O08894,1,Changed mind,3
O08893,0,,0
O08897,1,Product mismatch,4
O08905,0,,0
O08909,0,,0
O08908,0,,0
O08904,0,,0
O08902,0,,0
O08906,0,,0
O08907,0,,0
O08903,0,,0
O08901,0,,0
O08900,1,Product mismatch,5
O08912,0,,0
O08915,0,,0
O08914,1,Product mismatch,4
O08913,0,,0
O08916,1,Product mismatch,12
O08911,0,,0
O08910,0,,0
O08918,0,,0
O08917,1,Size issue,5
O08920,0,,0
O08919,0,,0
O08921,0,,0
O08931,0,,0
O08930,0,,0
O08923,0,,0
O08927,0,,0
O08925,0,,0
O08924,0,,0
O08926,1,Product mismatch,5
O08929,0,,0
O08922,0,,0
O08928,0,,0
O08938,0,,0
O08932,0,,0
O08939,0,,0
O08942,0,,0
O08936,1,Product mismatch,10
O08943,0,,0
O08940,0,,0
O08941,1,Damaged product,3
O08937,0,,0
O08935,0,,0
O08934,1,Changed mind,6
O08933,0,,0
O08953,0,,0
O08948,0,,0
O08954,0,,0
O08950,0,,0
O08947,0,,0
O08951,0,,0
O08949,0,,0
O08952,0,,0
O08944,0,,0
O08945,0,,0
O08946,0,,0
O08959,0,,0
O08965,0,,0
O08956,0,,0
O08961,1,Size issue,9
O08966,0,,0
O08957,0,,0
O08964,0,,0
O08960,1,Damaged product,11
O08963,1,Changed mind,3
O08962,1,Size issue,6
O08955,0,,0
O08958,0,,0
O08973,0,,0
O08967,0,,0
O08968,0,,0
O08971,0,,0
O08976,0,,0
O08972,0,,0
O08970,0,,0
O08969,0,,0
O08974,0,,0
O08975,0,,0
O08983,0,,0
O08981,0,,0
O08982,0,,0
O08984,0,,0
O08977,0,,0
O08978,0,,0
O08979,0,,0
O08980,1,Product mismatch,12
O08986,1,Product mismatch,9
O08989,0,,0
O08991,0,,0
O08990,0,,0
O08985,0,,0
O08988,0,,0
O08987,0,,0
O08992,0,,0
O08999,0,,0
O09000,0,,0
O09003,0,,0
O08994,0,,0
O08995,1,Damaged product,7
O08993,0,,0
O09002,0,,0
O08996,0,,0
O08998,0,,0
O08997,0,,0
O09001,0,,0
O09010,1,Size issue,4
O09016,0,,0
O09005,0,,0
O09004,0,,0
O09014,0,,0
O09012,0,,0
O09013,0,,0
O09011,0,,0
O09008,0,,0
O09009,0,,0
O09015,0,,0
O09006,0,,0
O09007,0,,0
O09018,0,,0
O09020,0,,0
O09017,0,,0
O09022,1,Product mismatch,5
O09019,0,,0
O09025,0,,0
O09023,0,,0
O09026,0,,0
O09021,0,,0
O09027,0,,0
O09024,0,,0
O09035,0,,0
O09036,0,,0
O09038,0,,0
O09039,0,,0
O09032,0,,0
O09031,0,,0
O09029,0,,0
O09034,0,,0
O09033,0,,0
O09037,0,,0
O09030,0,,0
O09028,0,,0
O09041,0,,0
O09047,0,,0
O09040,0,,0
O09044,1,Damaged product,13
O09045,0,,0
O09043,0,,0
O09046,1,Changed mind,13
O09042,0,,0
O09053,0,,0
O09048,0,,0
O09052,1,Size issue,14
O09049,0,,0
O09059,0,,0
O09058,0,,0
O09051,0,,0
O09050,0,,0
O09056,0,,0
O09055,0,,0
O09054,0,,0
O09057,0,,0
O09060,0,,0
O09061,0,,0
O09063,0,,0
O09066,1,Damaged product,6
O09072,0,,0
O09064,0,,0
O09069,0,,0
O09062,0,,0
O09068,0,,0
O09070,0,,0
O09065,0,,0
O09067,0,,0
O09071,0,,0
O09078,0,,0
O09075,0,,0
O09077,0,,0
O09073,0,,0
O09079,0,,0
O09080,0,,0
O09082,1,Size issue,3
O09076,0,,0
O09074,0,,0
O09081,0,,0
O09083,0,,0
O09090,1,Size issue,10
O09086,0,,0
O09092,0,,0
O09087,0,,0
O09084,0,,0
O09093,0,,0
O09089,0,,0
O09085,0,,0
O09091,0,,0
O09088,1,Product mismatch,2
O09095,0,,0
O09103,0,,0
O09097,0,,0
O09100,0,,0
O09096,0,,0
O09102,0,,0
O09105,0,,0
O09099,0,,0
O09094,0,,0
O09101,0,,0
O09104,0,,0
O09098,0,,0
O09107,0,,0
O09106,0,,0
O09115,0,,0
O09109,0,,0
O09108,0,,0
O09116,0,,0
O09111,1,Product mismatch,5
O09110,0,,0
O09117,0,,0
O09112,0,,0
O09114,0,,0
O09113,1,Damaged product,7
O09121,0,,0
O09118,0,,0
O09123,0,,0
O09122,0,,0
O09120,0,,0
O09124,0,,0
O09125,0,,0
O09119,0,,0
O09127,0,,0
O09135,0,,0
O09134,0,,0
O09137,1,Changed mind,5
O09126,0,,0
O09129,0,,0
O09133,0,,0
O09128,0,,0
O09136,0,,0
O09131,0,,0
O09132,0,,0
O09130,1,Size issue,12
O09146,0,,0
O09138,0,,0
O09145,0,,0
O09141,0,,0
O09147,0,,0
O09148,0,,0
O09140,0,,0
O09143,0,,0
O09139,0,,0
O09144,0,,0
O09142,0,,0
O09157,0,,0
O09155,0,,0
O09151,0,,0
O09150,0,,0
O09154,0,,0
O09149,0,,0
O09156,0,,0
O09152,0,,0
O09153,0,,0
O09163,0,,0
O09168,0,,0
O09170,0,,0
O09160,0,,0
O09167,0,,0
O09164,0,,0
O09169,0,,0
O09159,0,,0
O09161,0,,0
O09171,0,,0
O09158,0,,0
O09162,0,,0
O09165,0,,0
O09166,0,,0
O09178,0,,0
O09177,0,,0
O09172,0,,0
O09174,0,,0
O09175,0,,0
O09185,0,,0
O09179,0,,0
O09183,0,,0
O09184,0,,0
O09181,1,Product mismatch,14
O09182,0,,0
O09173,1,Damaged product,2
O09176,0,,0
O09180,0,,0
O09191,0,,0
O09190,0,,0
O09189,0,,0
O09192,0,,0
O09188,0,,0
O09193,1,Damaged product,12
O09195,1,Size issue,12
O09186,0,,0
O09194,1,Product mismatch,7
O09187,1,Product mismatch,10
O09202,0,,0
O09200,0,,0
O09198,0,,0
O09201,1,Changed mind,8
O09203,0,,0
O09197,0,,0
O09204,0,,0
O09196,0,,0
O09205,0,,0
O09199,0,,0
O09212,0,,0
O09208,0,,0
O09210,0,,0
O09207,0,,0
O09206,0,,0
O09213,0,,0
O09209,0,,0
O09211,0,,0
O09215,0,,0
O09214,0,,0
O09218,0,,0
O09219,0,,0
O09220,0,,0
O09216,0,,0
O09217,0,,0
O09223,0,,0
O09224,0,,0
O09226,0,,0
O09225,0,,0
O09222,0,,0
O09221,0,,0
O09228,0,,0
O09233,0,,0
O09229,0,,0
O09227,1,Size issue,12
O09230,0,,0
O09234,0,,0
O09231,0,,0
O09232,0,,0
O09245,0,,0
O09235,0,,0
O09241,0,,0
O09244,0,,0
O09246,0,,0
O09242,0,,0
O09237,1,Size issue,6
O09243,0,,0
O09239,0,,0
O09238,0,,0
O09240,0,,0
O09236,0,,0
O09250,0,,0
O09248,0,,0
O09249,0,,0
O09254,0,,0
O09255,0,,0
O09247,0,,0
O09252,0,,0
O09251,0,,0
O09253,0,,0
O09259,0,,0
O09260,0,,0
O09258,0,,0
O09256,0,,0
O09264,1,Damaged product,4
O09268,0,,0
O09257,0,,0
O09265,0,,0
O09266,0,,0
O09267,0,,0
O09263,0,,0
O09269,0,,0
O09261,0,,0
O09262,0,,0
O09276,0,,0
O09272,0,,0
O09273,0,,0
O09274,0,,0
O09271,0,,0
O09270,1,Changed mind,7
O09278,0,,0
O09277,0,,0
O09275,0,,0
O09279,0,,0
O09285,0,,0
O09290,0,,0
O09282,0,,0
O09283,0,,0
O09291,0,,0
O09293,0,,0
O09292,0,,0
O09288,0,,0
O09287,0,,0
O09289,0,,0
O09280,0,,0
O09286,1,Changed mind,6
O09281,0,,0
O09284,0,,0
O09295,0,,0
O09297,0,,0
O09299,0,,0
O09298,0,,0
O09294,0,,0
O09296,0,,0
O09300,0,,0
O09304,0,,0
O09305,0,,0
O09303,0,,0
O09307,0,,0
O09306,0,,0
O09301,0,,0
O09308,0,,0
O09302,0,,0
O09313,0,,0
O09315,0,,0
O09309,0,,0
O09311,0,,0
O09314,0,,0
O09310,0,,0
O09312,1,Changed mind,9
O09316,0,,0
O09321,0,,0
O09322,0,,0
O09317,0,,0
O09319,1,Changed mind,9
O09318,0,,0
O09320,0,,0
O09324,0,,0
O09323,0,,0
O09325,1,Product mismatch,14
O09328,0,,0
O09331,0,,0
O09327,0,,0
O09329,0,,0
O09326,0,,0
O09330,0,,0
O09333,1,Product mismatch,10
O09335,0,,0
O09332,0,,0
O09334,0,,0
O09336,0,,0
O09338,0,,0
O09340,0,,0
O09337,0,,0
O09344,1,Size issue,12
O09343,0,,0
O09339,0,,0
O09342,0,,0
O09345,1,Size issue,12
O09346,0,,0
O09341,0,,0
O09348,0,,0
O09347,0,,0
O09349,0,,0
O09351,0,,0
O09354,0,,0
O09353,0,,0
O09350,0,,0
O09352,0,,0
O09356,0,,0
O09355,0,,0
O09358,0,,0
O09365,0,,0
O09362,1,Damaged product,12
O09371,0,,0
O09370,0,,0
O09357,0,,0
O09360,1,Damaged product,11
O09361,0,,0
O09359,0,,0
O09368,1,Changed mind,5
O09367,0,,0
O09366,0,,0
O09363,1,Size issue,5
O09364,1,Damaged product,14
O09369,0,,0
O09376,0,,0
O09375,0,,0
O09381,0,,0
O09374,0,,0
O09379,0,,0
O09380,0,,0
O09377,0,,0
O09372,0,,0
O09373,0,,0
O09378,0,,0
O09383,0,,0
O09382,0,,0
O09386,0,,0
O09389,0,,0
O09393,1,Damaged product,5
O09395,0,,0
O09394,0,,0
O09390,1,Product mismatch,14
O09384,0,,0
O09392,0,,0
O09385,0,,0
O09387,1,Product mismatch,5
O09388,1,Changed mind,6
O09391,0,,0
O09407,0,,0
O09402,0,,0
O09399,0,,0
O09409,0,,0
O09410,1,Product mismatch,6
O09401,0,,0
O09397,0,,0
O09396,0,,0
O09400,0,,0
O09408,0,,0
O09398,0,,0
O09404,0,,0
O09403,0,,0
O09406,1,Damaged product,6
O09405,0,,0
O09411,0,,0
O09414,0,,0
O09416,0,,0
O09417,0,,0
O09413,0,,0
O09412,0,,0
O09415,0,,0
O09420,0,,0
O09426,1,Product mismatch,11
O09428,0,,0
O09427,0,,0
O09419,0,,0
O09418,0,,0
O09425,0,,0
O09429,0,,0
O09421,0,,0
O09423,0,,0
O09422,0,,0
O09424,0,,0
O09437,0,,0
O09432,0,,0
O09438,0,,0
O09433,0,,0
O09431,0,,0
O09430,0,,0
O09435,0,,0
O09436,0,,0
O09434,0,,0
O09441,0,,0
O09446,0,,0
O09445,0,,0
O09443,0,,0
O09439,0,,0
O09440,0,,0
O09444,0,,0
O09442,0,,0
O09450,0,,0
O09449,0,,0
O09448,0,,0
O09447,0,,0
O09455,0,,0
O09452,1,Changed mind,2
O09454,0,,0
O09457,0,,0
O09459,1,Product mismatch,4
O09451,0,,0
O09460,1,Product mismatch,7
O09458,0,,0
O09453,0,,0
O09456,0,,0
O09467,0,,0
O09463,0,,0
O09469,1,Changed mind,14
O09472,1,Changed mind,12
O09461,0,,0
O09473,0,,0
O09474,0,,0
O09471,0,,0
O09470,0,,0
O09464,0,,0
O09465,0,,0
O09462,0,,0
O09468,1,Changed mind,8
O09466,1,Product mismatch,5
O09475,0,,0
O09483,0,,0
O09479,0,,0
O09481,0,,0
O09485,0,,0
O09480,0,,0
O09476,0,,0
O09477,0,,0
O09482,0,,0
O09478,0,,0
O09484,0,,0
O09486,0,,0
O09491,0,,0
O09489,0,,0
O09487,0,,0
O09490,0,,0
O09488,0,,0
O09494,0,,0
O09492,0,,0
O09493,0,,0
O09502,0,,0
O09506,0,,0
O09497,0,,0
O09508,0,,0
O09500,0,,0
O09496,0,,0
O09498,0,,0
O09504,0,,0
O09503,0,,0
O09505,0,,0
O09495,1,Damaged product,2
O09499,0,,0
O09507,0,,0
O09501,0,,0
O09517,0,,0
O09515,0,,0
O09519,0,,0
O09514,0,,0
O09513,0,,0
O09516,0,,0
O09512,0,,0
O09511,0,,0
O09520,0,,0
O09509,0,,0
O09510,0,,0
O09518,1,Size issue,2
O09522,0,,0
O09527,0,,0
O09529,0,,0
O09528,0,,0
O09523,0,,0
O09524,0,,0
O09526,0,,0
O09521,0,,0
O09525,0,,0
O09530,0,,0
O09531,1,Changed mind,10
O09532,0,,0
O09533,0,,0
O09534,1,Changed mind,12
O09535,1,Changed mind,12
O09536,0,,0
O09537,0,,0
O09543,0,,0
O09539,0,,0
O09542,0,,0
O09540,0,,0
O09541,0,,0
O09545,0,,0
O09544,0,,0
O09538,1,Product mismatch,10
O09558,0,,0
O09547,0,,0
O09552,0,,0
O09551,0,,0
O09549,0,,0
O09553,1,Damaged product,11
O09548,1,Size issue,3
O09554,0,,0
O09550,1,Product mismatch,3
O09555,0,,0
O09556,0,,0
O09546,0,,0
O09557,0,,0
O09561,1,Product mismatch,11
O09560,0,,0
O09568,0,,0
O09562,0,,0
O09565,0,,0
O09564,0,,0
O09566,1,Size issue,6
O09567,0,,0
O09563,1,Changed mind,7
O09559,0,,0
O09569,0,,0
O09571,0,,0
O09578,0,,0
O09573,0,,0
O09577,0,,0
O09570,0,,0
O09579,0,,0
O09580,0,,0
O09575,0,,0
O09574,1,Product mismatch,5
O09572,0,,0
O09576,1,Changed mind,9
O09582,0,,0
O09585,0,,0
O09584,0,,0
O09587,0,,0
O09589,0,,0
O09583,0,,0
O09586,0,,0
O09588,0,,0
O09591,0,,0
O09581,0,,0
O09590,0,,0
O09592,0,,0
O09600,0,,0
O09599,0,,0
O09595,0,,0
O09596,0,,0
O09593,0,,0
O09594,0,,0
O09597,0,,0
O09598,0,,0
O09609,0,,0
O09603,0,,0
O09601,0,,0
O09606,0,,0
O09604,0,,0
O09612,0,,0
O09610,0,,0
O09607,1,Changed mind,12
O09605,1,Changed mind,2
O09602,0,,0
O09608,0,,0
O09611,0,,0
O09620,1,Changed mind,6
O09618,0,,0
O09625,0,,0
O09615,0,,0
O09621,1,Size issue,5
O09627,0,,0
O09626,0,,0
O09622,0,,0
O09619,0,,0
O09623,0,,0
O09614,0,,0
O09616,0,,0
O09624,0,,0
O09617,0,,0
O09613,0,,0
O09628,0,,0
O09634,0,,0
O09633,0,,0
O09630,0,,0
O09629,0,,0
O09631,1,Changed mind,10
O09632,0,,0
O09639,0,,0
O09636,0,,0
O09637,0,,0
O09638,0,,0
O09640,0,,0
O09635,0,,0
O09642,1,Product mismatch,11
O09641,1,Size issue,10
O09648,0,,0
O09643,0,,0
O09645,0,,0
O09646,0,,0
O09644,0,,0
O09647,0,,0
O09649,0,,0
O09650,0,,0
O09654,0,,0
O09652,0,,0
O09655,0,,0
O09653,0,,0
O09651,1,Damaged product,8
O09656,1,Changed mind,10
O09658,0,,0
O09659,0,,0
O09657,0,,0
O09667,0,,0
O09660,0,,0
O09662,0,,0
O09664,0,,0
O09661,0,,0
O09668,1,Changed mind,5
O09665,0,,0
O09666,0,,0
O09663,0,,0
O09669,0,,0
O09675,1,Changed mind,7
O09676,0,,0
O09673,0,,0
O09671,0,,0
O09672,0,,0
O09674,0,,0
O09670,0,,0
O09681,0,,0
O09682,0,,0
O09685,0,,0
O09679,0,,0
O09680,0,,0
O09678,0,,0
O09677,1,Changed mind,14
O09686,0,,0
O09683,0,,0
O09684,1,Changed mind,14
O09692,0,,0
O09688,0,,0
O09694,0,,0
O09690,0,,0
O09687,0,,0
O09693,0,,0
O09691,0,,0
O09689,0,,0
O09695,0,,0
O09697,0,,0
O09701,0,,0
O09699,0,,0
O09700,0,,0
O09704,0,,0
O09703,0,,0
O09706,0,,0
O09698,0,,0
O09705,0,,0
O09702,1,Product mismatch,13
O09696,1,Product mismatch,13
O09710,1,Product mismatch,2
O09711,0,,0
O09708,0,,0
O09709,0,,0
O09707,0,,0
O09712,1,Damaged product,14
O09722,1,Changed mind,5
O09723,0,,0
O09713,1,Product mismatch,6
O09719,0,,0
O09716,0,,0
O09720,0,,0
O09714,0,,0
O09715,0,,0
O09718,0,,0
O09721,1,Changed mind,4
O09717,0,,0
O09733,0,,0
O09730,0,,0
O09726,0,,0
O09729,0,,0
O09732,0,,0
O09734,1,Product mismatch,12
O09725,0,,0
O09731,0,,0
O09728,0,,0
O09724,0,,0
O09727,0,,0
O09737,1,Changed mind,5
O09740,0,,0
O09736,1,Changed mind,6
O09739,0,,0
O09738,0,,0
O09735,0,,0
O09741,0,,0
O09755,0,,0
O09745,0,,0
O09742,0,,0
O09753,0,,0
O09749,0,,0
O09750,0,,0
O09754,0,,0
O09748,0,,0
O09747,0,,0
O09751,1,Product mismatch,10
O09744,0,,0
O09752,0,,0
O09743,0,,0
O09746,0,,0
O09759,0,,0
O09765,0,,0
O09769,0,,0
O09757,0,,0
O09768,0,,0
O09762,0,,0
O09758,0,,0
O09764,0,,0
O09760,0,,0
O09763,0,,0
O09756,0,,0
O09767,0,,0
O09761,0,,0
O09770,0,,0
O09766,0,,0
O09773,0,,0
O09779,0,,0
O09772,0,,0
O09771,0,,0
O09778,0,,0
O09775,0,,0
O09776,0,,0
O09774,0,,0
O09777,0,,0
O09790,0,,0
O09784,0,,0
O09782,0,,0
O09786,0,,0
O09787,0,,0
O09781,0,,0
O09791,0,,0
O09789,1,Damaged product,12
O09788,0,,0
O09785,0,,0
O09780,0,,0
O09783,0,,0
O09795,1,Changed mind,13
O09800,0,,0
O09794,0,,0
O09792,0,,0
O09796,0,,0
O09799,0,,0
O09798,0,,0
O09793,0,,0
O09797,0,,0
O09801,0,,0
O09806,0,,0
O09803,0,,0
O09807,0,,0
O09805,0,,0
O09802,1,Product mismatch,3
O09804,0,,0
O09809,1,Changed mind,14
O09808,0,,0
O09812,0,,0
O09813,0,,0
O09811,0,,0
O09816,0,,0
O09815,0,,0
O09810,0,,0
O09817,0,,0
O09814,0,,0
O09821,0,,0
O09819,0,,0
O09823,0,,0
O09820,0,,0
O09818,0,,0
O09824,0,,0
O09822,1,Size issue,14
O09825,0,,0
O09829,0,,0
O09827,1,Size issue,10
O09826,0,,0
O09830,0,,0
O09828,0,,0
O09836,1,Changed mind,6
O09831,0,,0
O09833,0,,0
O09839,1,Product mismatch,9
O09838,0,,0
O09835,0,,0
O09832,0,,0
O09834,0,,0
O09837,0,,0
O09840,0,,0
O09841,0,,0
O09858,0,,0
O09851,0,,0
O09856,0,,0
O09850,0,,0
O09852,0,,0
O09847,0,,0
O09845,0,,0
O09843,0,,0
O09842,0,,0
O09853,0,,0
O09857,0,,0
O09849,0,,0
O09848,0,,0
O09855,0,,0
O09854,0,,0
O09844,0,,0
O09846,0,,0
O09869,0,,0
O09872,0,,0
O09867,0,,0
O09870,0,,0
O09862,0,,0
O09864,1,Size issue,14
O09860,0,,0
O09863,1,Product mismatch,13
O09859,0,,0
O09865,0,,0
O09861,0,,0
O09871,0,,0
O09868,0,,0
O09866,0,,0
O09881,0,,0
O09873,0,,0
O09882,0,,0
O09880,0,,0
O09879,0,,0
O09887,0,,0
O09886,0,,0
O09874,0,,0
O09884,0,,0
O09885,0,,0
O09877,1,Changed mind,12
O09883,0,,0
O09875,0,,0
O09876,0,,0
O09878,0,,0
O09892,0,,0
O09894,0,,0
O09891,0,,0
O09888,0,,0
O09889,0,,0
O09893,0,,0
O09890,0,,0
O09901,0,,0
O09899,0,,0
O09897,0,,0
O09900,0,,0
O09896,1,Changed mind,5
O09895,1,Changed mind,3
O09898,0,,0
O09910,0,,0
O09912,1,Damaged product,6
O09907,1,Size issue,2
O09904,0,,0
O09902,0,,0
O09903,0,,0
O09909,0,,0
O09911,0,,0
O09906,0,,0
O09908,0,,0
O09905,0,,0
O09913,0,,0
O09916,0,,0
O09915,0,,0
O09914,0,,0
O09917,1,Changed mind,10
O09923,0,,0
O09919,0,,0
O09921,0,,0
O09918,0,,0
O09920,0,,0
O09922,0,,0
O09925,0,,0
O09927,0,,0
O09924,0,,0
O09929,0,,0
O09932,0,,0
O09928,0,,0
O09931,0,,0
O09930,0,,0
O09926,0,,0
O09933,0,,0
O09937,0,,0
O09936,0,,0
O09934,0,,0
O09935,0,,0
O09941,0,,0
O09938,0,,0
O09939,0,,0
O09940,0,,0
O09950,1,Damaged product,3
O09944,0,,0
O09953,0,,0
O09949,0,,0
O09943,1,Size issue,14
O09948,0,,0
O09945,1,Changed mind,3
O09952,0,,0
O09946,0,,0
O09942,0,,0
O09947,1,Damaged product,4
O09951,0,,0
O09955,0,,0
O09956,0,,0
O09954,0,,0
O09968,0,,0
O09960,0,,0
O09967,0,,0
O09957,0,,0
O09959,0,,0
O09965,0,,0
O09964,0,,0
O09961,0,,0
O09963,1,Product mismatch,14
O09962,0,,0
O09969,0,,0
O09966,0,,0
O09970,0,,0
O09958,0,,0
O09981,0,,0
O09983,0,,0
O09976,0,,0
O09972,0,,0
O09979,0,,0
O09973,0,,0
O09975,0,,0
O09978,0,,0
O09977,0,,0
O09971,0,,0
O09980,0,,0
O09974,0,,0
O09982,0,,0
O09990,0,,0
O09993,0,,0
O09989,0,,0
O09984,0,,0
O09986,1,Product mismatch,13
O09988,0,,0
O09987,0,,0
O09991,0,,0
O09992,0,,0
O09985,0,,0
O09996,0,,0
O09998,0,,0
O09994,0,,0
O09999,0,,0
O09995,0,,0
O10001,0,,0
O10002,0,,0
O10000,0,,0
O09997,1,Changed mind,13
O10003,0,,0
O10004,0,,0
O10009,0,,0
O10008,0,,0
O10007,0,,0
O10010,0,,0
O10005,0,,0
O10006,0,,0
O10011,0,,0
O10018,0,,0
O10021,0,,0
O10012,0,,0
O10019,0,,0
O10013,0,,0
O10015,0,,0
O10017,0,,0
O10014,0,,0
O10020,0,,0
O10016,0,,0
O10023,0,,0
O10029,0,,0
O10038,0,,0
O10026,0,,0
O10031,0,,0
O10036,0,,0
O10022,0,,0
O10035,0,,0
O10025,0,,0
O10032,0,,0
O10024,0,,0
O10028,0,,0
O10027,0,,0
O10033,0,,0
O10034,0,,0
O10030,0,,0
O10037,0,,0
O10048,0,,0
O10052,0,,0
O10040,0,,0
O10046,0,,0
O10050,0,,0
O10045,0,,0
O10049,0,,0
O10041,0,,0
O10042,0,,0
O10047,0,,0
O10051,0,,0
O10039,0,,0
O10053,0,,0
O10044,0,,0
O10043,0,,0
O10065,0,,0
O10059,0,,0
O10063,0,,0
O10064,0,,0
O10057,1,Product mismatch,8
O10058,0,,0
O10062,0,,0
O10061,0,,0
O10056,0,,0
O10054,1,Changed mind,2
O10060,0,,0
O10055,0,,0
O10067,1,Damaged product,3
O10069,0,,0
O10066,0,,0
O10068,0,,0
O10078,0,,0
O10074,1,Changed mind,2
O10070,0,,0
O10075,0,,0
O10076,0,,0
O10077,0,,0
O10071,0,,0
O10073,0,,0
O10072,0,,0
O10084,0,,0
O10082,0,,0
O10080,0,,0
O10081,1,Changed mind,5
O10083,1,Product mismatch,14
O10079,0,,0
O10086,0,,0
O10085,0,,0
O10087,1,Changed mind,5
O10091,0,,0
O10089,0,,0
O10090,0,,0
O10088,0,,0
O10094,1,Product mismatch,4
O10092,0,,0
O10095,0,,0
O10097,0,,0
O10093,0,,0
O10096,0,,0
O10102,0,,0
O10098,0,,0
O10099,0,,0
O10103,0,,0
O10100,0,,0
O10104,0,,0
O10101,0,,0
O10116,0,,0
O10110,0,,0
O10105,0,,0
O10111,0,,0
O10106,0,,0
O10112,0,,0
O10107,0,,0
O10115,0,,0
O10109,0,,0
O10113,0,,0
O10114,0,,0
O10108,0,,0
O10117,0,,0
O10124,0,,0
O10119,0,,0
O10123,0,,0
O10121,1,Product mismatch,8
O10122,0,,0
O10118,0,,0
O10120,0,,0
O10135,0,,0
O10137,0,,0
O10128,0,,0
O10127,0,,0
O10125,0,,0
O10133,0,,0
O10129,0,,0
O10126,0,,0
O10131,0,,0
O10134,0,,0
O10130,0,,0
O10132,0,,0
O10136,0,,0
O10138,0,,0
O10146,1,Product mismatch,7
O10147,0,,0
O10141,0,,0
O10145,1,Size issue,8
O10142,0,,0
O10143,0,,0
O10149,0,,0
O10139,0,,0
O10150,0,,0
O10151,0,,0
O10144,0,,0
O10152,0,,0
O10140,0,,0
O10148,0,,0
O10157,0,,0
O10161,0,,0
O10158,1,Changed mind,5
O10163,0,,0
O10159,0,,0
O10166,0,,0
O10162,0,,0
O10156,0,,0
O10154,0,,0
O10169,0,,0
O10155,0,,0
O10160,0,,0
O10168,0,,0
O10164,0,,0
O10153,1,Product mismatch,6
O10165,1,Product mismatch,9
O10167,0,,0
O10175,1,Product mismatch,7
O10174,0,,0
O10178,0,,0
O10176,0,,0
O10172,0,,0
O10171,0,,0
O10170,0,,0
O10173,0,,0
O10177,0,,0
O10179,0,,0
O10181,0,,0
O10183,0,,0
O10182,0,,0
O10188,1,Changed mind,2
O10187,1,Product mismatch,10
O10186,0,,0
O10180,0,,0
O10184,0,,0
O10185,0,,0
O10195,0,,0
O10192,1,Damaged product,13
O10193,1,Size issue,9
O10189,0,,0
O10194,0,,0
O10190,0,,0
O10191,0,,0
O10197,0,,0
O10198,0,,0
O10202,0,,0
O10201,0,,0
O10196,0,,0
O10199,0,,0
O10203,0,,0
O10200,0,,0
O10209,0,,0
O10213,0,,0
O10205,0,,0
O10212,0,,0
O10214,0,,0
O10206,0,,0
O10211,1,Damaged product,2
O10208,0,,0
O10207,0,,0
O10210,0,,0
O10204,0,,0
O10215,1,Product mismatch,12
O10216,0,,0
O10219,0,,0
O10223,0,,0
O10217,0,,0
O10221,0,,0
O10224,0,,0
O10225,0,,0
O10220,1,Product mismatch,3
O10218,0,,0
O10222,0,,0
O10227,0,,0
O10230,0,,0
O10234,0,,0
O10235,0,,0
O10231,0,,0
O10226,0,,0
O10229,0,,0
O10228,0,,0
O10238,0,,0
O10232,0,,0
O10239,0,,0
O10240,0,,0
O10237,0,,0
O10236,0,,0
O10233,0,,0
O10243,0,,0
O10251,0,,0
O10249,0,,0
O10242,0,,0
O10245,0,,0
O10246,0,,0
O10248,0,,0
O10241,0,,0
O10247,0,,0
O10250,1,Changed mind,4
O10244,0,,0
O10253,0,,0
O10256,0,,0
O10259,0,,0
O10260,0,,0
O10261,0,,0
O10254,0,,0
O10258,0,,0
O10257,0,,0
O10252,0,,0
O10255,0,,0
O10271,1,Product mismatch,11
O10263,0,,0
O10262,0,,0
O10267,0,,0
O10264,0,,0
O10269,0,,0
O10265,0,,0
O10270,0,,0
O10268,0,,0
O10272,0,,0
O10273,0,,0
O10266,0,,0
O10274,0,,0
O10275,0,,0
O10280,0,,0
O10279,1,Product mismatch,11
O10276,0,,0
O10278,0,,0
O10277,0,,0
O10284,0,,0
O10283,0,,0
O10281,0,,0
O10282,0,,0
O10285,0,,0
O10287,1,Damaged product,12
O10288,1,Damaged product,6
O10290,0,,0
O10289,0,,0
O10286,0,,0
O10300,0,,0
O10294,0,,0
O10295,1,Size issue,10
O10293,0,,0
O10297,0,,0
O10291,0,,0
O10292,0,,0
O10301,0,,0
O10299,0,,0
O10296,0,,0
O10298,0,,0
O10308,0,,0
O10304,0,,0
O10305,0,,0
O10307,0,,0
O10303,0,,0
O10306,0,,0
O10309,0,,0
O10302,0,,0
O10313,0,,0
O10312,0,,0
O10310,0,,0
O10311,0,,0
O10314,0,,0
O10319,0,,0
O10316,1,Damaged product,8
O10320,1,Changed mind,11
O10318,0,,0
O10321,0,,0
O10322,0,,0
O10315,0,,0
O10317,0,,0
O10326,0,,0
O10327,0,,0
O10331,0,,0
O10330,0,,0
O10328,0,,0
O10338,0,,0
O10324,0,,0
O10329,0,,0
O10340,0,,0
O10334,0,,0
O10336,1,Damaged product,11
O10333,0,,0
O10339,0,,0
O10341,0,,0
O10332,0,,0
O10337,0,,0
O10323,0,,0
O10335,0,,0
O10325,1,Size issue,4
O10350,0,,0
O10349,0,,0
O10343,1,Product mismatch,2
O10342,0,,0
O10344,0,,0
O10345,0,,0
O10348,0,,0
O10347,0,,0
O10346,0,,0
O10351,0,,0
O10352,0,,0
O10354,0,,0
O10353,1,Changed mind,11
O10355,0,,0
O10356,0,,0
O10359,0,,0
O10357,0,,0
O10358,0,,0
O10369,1,Size issue,4
O10363,0,,0
O10361,0,,0
O10366,0,,0
O10364,0,,0
O10360,0,,0
O10368,0,,0
O10365,0,,0
O10362,0,,0
O10367,0,,0
O10380,0,,0
O10372,0,,0
O10377,0,,0
O10374,0,,0
O10371,0,,0
O10378,0,,0
O10373,0,,0
O10375,0,,0
O10379,1,Product mismatch,12
O10376,0,,0
O10370,1,Product mismatch,2
O10395,0,,0
O10394,1,Product mismatch,10
O10396,0,,0
O10382,0,,0
O10392,0,,0
O10384,0,,0
O10393,0,,0
O10398,0,,0
O10390,0,,0
O10386,0,,0
O10385,0,,0
O10399,0,,0
O10381,0,,0
O10389,0,,0
O10388,0,,0
O10387,0,,0
O10397,0,,0
O10391,0,,0
O10383,0,,0
O10403,0,,0
O10405,0,,0
O10400,0,,0
O10406,0,,0
O10402,0,,0
O10407,0,,0
O10404,0,,0
O10410,0,,0
O10408,0,,0
O10411,0,,0
O10401,0,,0
O10409,0,,0
O10418,0,,0
O10416,0,,0
O10413,0,,0
O10417,0,,0
O10420,0,,0
O10419,0,,0
O10412,0,,0
O10415,0,,0
O10414,0,,0
O10421,0,,0
O10426,0,,0
O10423,0,,0
O10428,0,,0
O10431,0,,0
O10429,0,,0
O10432,0,,0
O10424,0,,0
O10430,0,,0
O10433,0,,0
O10427,0,,0
O10425,0,,0
O10422,0,,0
O10434,0,,0
O10443,0,,0
O10436,0,,0
O10440,0,,0
O10442,0,,0
O10439,0,,0
O10441,0,,0
O10437,0,,0
O10435,1,Product mismatch,11
O10438,0,,0
O10451,0,,0
O10450,0,,0
O10449,1,Product mismatch,7
O10448,0,,0
O10445,0,,0
O10452,0,,0
O10444,0,,0
O10446,0,,0
O10447,0,,0
O10454,1,Changed mind,13
O10456,0,,0
O10457,0,,0
O10461,0,,0
O10460,0,,0
O10464,0,,0
O10465,0,,0
O10458,0,,0
O10453,0,,0
O10462,0,,0
O10459,0,,0
O10463,0,,0
O10455,0,,0
O10470,0,,0
O10475,0,,0
O10468,0,,0
O10473,0,,0
O10476,0,,0
O10474,0,,0
O10469,0,,0
O10467,1,Product mismatch,8
O10471,1,Size issue,9
O10472,1,Size issue,7
O10466,0,,0
O10479,0,,0
O10480,1,Damaged product,12
O10478,0,,0
O10481,0,,0
O10477,0,,0
O10482,0,,0
O10491,0,,0
O10492,0,,0
O10490,0,,0
O10485,0,,0
O10487,0,,0
O10486,0,,0
O10489,0,,0
O10488,0,,0
O10484,0,,0
O10483,0,,0
O10493,0,,0
O10494,0,,0
O10497,0,,0
O10495,0,,0
O10496,0,,0
O10498,0,,0
O10499,0,,0
O10507,0,,0
O10500,0,,0
O10505,0,,0
O10506,0,,0
O10503,1,Changed mind,5
O10504,0,,0
O10501,0,,0
O10502,0,,0
O10516,0,,0
O10519,0,,0
O10513,0,,0
O10520,0,,0
O10518,1,Damaged product,5
O10512,0,,0
O10508,0,,0
O10517,0,,0
O10515,0,,0
O10514,0,,0
O10509,0,,0
O10511,1,Changed mind,14
O10510,0,,0
O10521,0,,0
O10526,0,,0
O10527,0,,0
O10530,0,,0
O10528,0,,0
O10525,0,,0
O10523,0,,0
O10529,0,,0
O10522,1,Product mismatch,4
O10524,0,,0
O10531,0,,0
O10537,0,,0
O10533,0,,0
O10532,0,,0
O10539,1,Size issue,13
O10535,0,,0
O10538,0,,0
O10534,1,Changed mind,2
O10536,1,Changed mind,13
O10546,1,Changed mind,3
O10540,0,,0
O10544,1,Product mismatch,13
O10541,0,,0
O10542,0,,0
O10545,0,,0
O10543,0,,0
O10547,0,,0
O10557,0,,0
O10554,0,,0
O10558,0,,0
O10551,0,,0
O10552,0,,0
O10556,0,,0
O10550,1,Changed mind,10
O10548,0,,0
O10549,1,Changed mind,12
O10553,0,,0
O10555,0,,0
O10564,0,,0
O10566,0,,0
O10567,0,,0
O10561,0,,0
O10562,0,,0
O10568,0,,0
O10565,1,Changed mind,5
O10563,0,,0
O10570,0,,0
O10569,0,,0
O10560,0,,0
O10559,0,,0
O10579,0,,0
O10571,0,,0
O10577,0,,0
O10572,0,,0
O10576,0,,0
O10580,1,Size issue,14
O10574,0,,0
O10581,0,,0
O10578,0,,0
O10573,0,,0
O10575,0,,0
O10582,0,,0
O10585,0,,0
O10584,0,,0
O10586,0,,0
O10583,0,,0
O10588,0,,0
O10587,0,,0
O10590,0,,0
O10595,0,,0
O10596,0,,0
O10594,1,Damaged product,4
O10592,0,,0
O10593,0,,0
O10597,0,,0
O10591,0,,0
O10589,0,,0
O10603,0,,0
O10602,0,,0
O10600,0,,0
O10599,0,,0
O10604,0,,0
O10601,0,,0
O10598,0,,0
O10611,0,,0
O10609,0,,0
O10606,0,,0
O10610,0,,0
O10613,0,,0
O10612,0,,0
O10605,1,Size issue,11
O10608,0,,0
O10607,0,,0
O10619,0,,0
O10614,0,,0
O10615,0,,0
O10616,0,,0
O10617,0,,0
O10618,1,Changed mind,9
O10623,0,,0
O10628,1,Product mismatch,2
O10627,0,,0
O10622,0,,0
O10626,0,,0
O10620,0,,0
O10624,0,,0
O10625,0,,0
O10621,0,,0
O10639,0,,0
O10631,0,,0
O10629,0,,0
O10636,0,,0
O10633,0,,0
O10632,0,,0
O10637,0,,0
O10638,1,Product mismatch,5
O10634,0,,0
O10635,0,,0
O10630,1,Size issue,5
O10643,0,,0
O10648,0,,0
O10642,0,,0
O10645,0,,0
O10650,1,Product mismatch,12
O10641,0,,0
O10646,0,,0
O10647,0,,0
O10644,1,Product mismatch,12
O10649,0,,0
O10640,0,,0
O10657,0,,0
O10654,0,,0
O10653,0,,0
O10655,0,,0
O10652,0,,0
O10658,0,,0
O10651,0,,0
O10656,1,Product mismatch,3
O10659,0,,0
O10665,0,,0
O10667,0,,0
O10660,0,,0
O10661,0,,0
O10666,0,,0
O10663,0,,0
O10669,0,,0
O10664,0,,0
O10668,1,Product mismatch,10
O10662,0,,0
O10674,0,,0
O10673,0,,0
O10678,0,,0
O10670,0,,0
O10672,0,,0
O10671,0,,0
O10677,0,,0
O10676,0,,0
O10675,0,,0
O10689,1,Changed mind,2
O10687,0,,0
O10682,0,,0
O10680,0,,0
O10683,0,,0
O10681,0,,0
O10679,0,,0
O10688,0,,0
O10685,0,,0
O10686,0,,0
O10684,0,,0
O10692,0,,0
O10695,0,,0
O10691,0,,0
O10690,0,,0
O10696,0,,0
O10693,0,,0
O10694,1,Changed mind,4
O10697,0,,0
O10701,0,,0
O10698,0,,0
O10700,0,,0
O10702,0,,0
O10699,0,,0
O10711,0,,0
O10714,0,,0
O10705,0,,0
O10713,0,,0
O10716,0,,0
O10709,1,Changed mind,7
O10707,0,,0
O10715,0,,0
O10704,1,Changed mind,10
O10703,0,,0
O10712,0,,0
O10717,0,,0
O10710,0,,0
O10708,0,,0
O10706,1,Damaged product,9
O10723,0,,0
O10719,0,,0
O10720,0,,0
O10718,0,,0
O10722,0,,0
O10725,0,,0
O10721,0,,0
O10724,0,,0
O10733,0,,0
O10726,0,,0
O10727,0,,0
O10729,0,,0
O10728,0,,0
O10730,0,,0
O10732,0,,0
O10731,0,,0
O10743,1,Changed mind,11
O10735,0,,0
O10734,0,,0
O10740,0,,0
O10742,0,,0
O10739,1,Size issue,7
O10736,0,,0
O10746,0,,0
O10745,0,,0
O10737,0,,0
O10744,1,Changed mind,12
O10741,1,Changed mind,4
O10738,0,,0
O10759,0,,0
O10751,0,,0
O10748,0,,0
O10757,0,,0
O10753,0,,0
O10750,0,,0
O10756,0,,0
O10747,0,,0
O10755,0,,0
O10754,0,,0
O10752,0,,0
O10749,0,,0
O10758,0,,0
O10761,0,,0
O10765,0,,0
O10766,0,,0
O10763,0,,0
O10767,0,,0
O10760,0,,0
O10764,0,,0
O10762,0,,0
O10771,0,,0
O10772,0,,0
O10770,0,,0
O10768,0,,0
O10769,0,,0
O10773,0,,0
O10779,0,,0
O10776,0,,0
O10774,0,,0
O10777,0,,0
O10778,0,,0
O10775,0,,0
O10780,0,,0
O10785,0,,0
O10781,0,,0
O10784,1,Changed mind,4
O10782,0,,0
O10787,0,,0
O10783,0,,0
O10786,0,,0
O10792,0,,0
O10789,0,,0
O10797,0,,0
O10795,0,,0
O10793,0,,0
O10799,0,,0
O10798,0,,0
O10791,0,,0
O10796,1,Changed mind,6
O10788,0,,0
O10790,0,,0
O10794,1,Changed mind,8
O10811,0,,0
O10801,0,,0
O10809,0,,0
O10802,0,,0
O10800,0,,0
O10807,0,,0
O10804,0,,0
O10808,0,,0
O10810,0,,0
O10806,0,,0
O10805,0,,0
O10803,0,,0
O10815,0,,0
O10816,0,,0
O10818,0,,0
O10813,0,,0
O10814,0,,0
O10817,0,,0
O10812,0,,0
O10819,1,Damaged product,12
O10827,0,,0
O10826,0,,0
O10825,0,,0
O10822,1,Size issue,6
O10823,0,,0
O10831,0,,0
O10821,0,,0
O10829,0,,0
O10828,0,,0
O10830,0,,0
O10824,0,,0
O10820,0,,0
O10833,0,,0
O10836,0,,0
O10835,0,,0
O10838,0,,0
O10837,0,,0
O10834,0,,0
O10832,0,,0
O10839,0,,0
O10840,0,,0
O10841,0,,0
O10843,0,,0
O10842,1,Size issue,5
O10844,0,,0
O10858,0,,0
O10856,0,,0
O10853,0,,0
O10860,0,,0
O10849,0,,0
O10852,0,,0
O10859,0,,0
O10851,0,,0
O10847,0,,0
O10855,1,Damaged product,12
O10845,0,,0
O10854,0,,0
O10848,0,,0
O10846,1,Changed mind,13
O10850,0,,0
O10857,0,,0
O10862,0,,0
O10863,0,,0
O10867,0,,0
O10870,0,,0
O10869,0,,0
O10873,0,,0
O10866,0,,0
O10865,0,,0
O10864,0,,0
O10868,0,,0
O10872,0,,0
O10871,0,,0
O10861,0,,0
O10882,0,,0
O10880,0,,0
O10875,0,,0
O10883,0,,0
O10877,0,,0
O10879,0,,0
O10874,0,,0
O10884,0,,0
O10878,0,,0
O10876,0,,0
O10886,0,,0
O10885,1,Product mismatch,6
O10881,0,,0
O10890,0,,0
O10897,0,,0
O10892,0,,0
O10888,0,,0
O10889,0,,0
O10894,0,,0
O10895,0,,0
O10887,0,,0
O10896,0,,0
O10898,0,,0
O10893,0,,0
O10891,1,Product mismatch,2
O10899,0,,0
O10907,0,,0
O10903,0,,0
O10902,0,,0
O10901,0,,0
O10905,0,,0
O10900,0,,0
O10904,0,,0
O10906,0,,0
O10909,0,,0
O10914,0,,0
O10908,0,,0
O10912,0,,0
O10917,0,,0
O10916,0,,0
O10915,0,,0
O10910,0,,0
O10913,0,,0
O10911,0,,0
O10920,0,,0
O10922,0,,0
O10919,0,,0
O10918,0,,0
O10923,0,,0
O10921,0,,0
O10926,0,,0
O10924,0,,0
O10928,0,,0
O10927,0,,0
O10925,0,,0
O10944,0,,0
O10934,0,,0
O10936,0,,0
O10940,0,,0
O10939,1,Size issue,9
O10941,0,,0
O10937,0,,0
O10932,0,,0
O10930,0,,0
O10943,0,,0
O10942,0,,0
O10935,0,,0
O10929,1,Damaged product,5
O10931,0,,0
O10933,0,,0
O10938,0,,0
O10953,0,,0
O10957,0,,0
O10951,0,,0
O10949,0,,0
O10946,0,,0
O10952,0,,0
O10956,0,,0
O10947,0,,0
O10948,0,,0
O10955,0,,0
O10954,0,,0
O10950,0,,0
O10958,0,,0
O10945,0,,0
O10960,0,,0
O10963,0,,0
O10961,0,,0
O10962,1,Product mismatch,9
O10965,0,,0
O10967,1,Size issue,4
O10964,0,,0
O10959,0,,0
O10966,0,,0
O10968,1,Size issue,4
O10976,0,,0
O10975,0,,0
O10974,0,,0
O10979,0,,0
O10977,1,Size issue,10
O10969,0,,0
O10978,0,,0
O10973,0,,0
O10972,0,,0
O10970,0,,0
O10971,0,,0
O10982,0,,0
O10980,0,,0
O10989,0,,0
O10987,0,,0
O10981,0,,0
O10990,0,,0
O10984,0,,0
O10988,0,,0
O10986,0,,0
O10983,0,,0
O10985,0,,0
O10996,0,,0
O10998,0,,0
O10992,0,,0
O10999,0,,0
O10993,0,,0
O11000,0,,0
O10995,0,,0
O10991,0,,0
O10997,0,,0
O10994,0,,0
O11001,0,,0
O11005,0,,0
O11002,0,,0
O11007,0,,0
O11009,0,,0
O11004,0,,0
O11008,0,,0
O11006,0,,0
O11003,0,,0
O11019,1,Changed mind,10
O11016,0,,0
O11018,0,,0
O11012,0,,0
O11015,0,,0
O11013,0,,0
O11017,0,,0
O11010,0,,0
O11011,0,,0
O11020,0,,0
O11014,0,,0
O11029,0,,0
O11024,0,,0
O11022,0,,0
O11027,0,,0
O11021,0,,0
O11026,0,,0
O11025,1,Product mismatch,2
O11023,0,,0
O11028,0,,0
O11033,0,,0
O11041,0,,0
O11038,1,Changed mind,6
O11037,1,Damaged product,4
O11035,1,Changed mind,11
O11030,0,,0
O11040,0,,0
O11031,0,,0
O11032,0,,0
O11034,0,,0
O11036,0,,0
O11039,0,,0
O11044,0,,0
O11049,0,,0
O11050,0,,0
O11046,0,,0
O11048,0,,0
O11045,0,,0
O11042,0,,0
O11047,0,,0
O11043,0,,0
O11053,1,Damaged product,12
O11056,0,,0
O11054,0,,0
O11061,0,,0
O11059,0,,0
O11051,0,,0
O11052,0,,0
O11058,0,,0
O11057,0,,0
O11060,0,,0
O11055,0,,0
O11065,0,,0
O11063,0,,0
O11062,0,,0
O11067,1,Size issue,2
O11066,0,,0
O11069,0,,0
O11064,0,,0
O11068,0,,0
O11074,0,,0
O11080,0,,0
O11077,0,,0
O11079,0,,0
O11070,1,Product mismatch,4
O11081,0,,0
O11072,0,,0
O11073,0,,0
O11076,0,,0
O11075,1,Product mismatch,8
O11071,0,,0
O11078,0,,0
O11084,0,,0
O11087,0,,0
O11086,0,,0
O11083,0,,0
O11082,0,,0
O11088,0,,0
O11085,1,Product mismatch,5
O11089,0,,0
O11096,0,,0
O11094,0,,0
O11102,0,,0
O11093,0,,0
O11095,0,,0
O11101,0,,0
O11091,0,,0
O11097,0,,0
O11100,0,,0
O11099,0,,0
O11090,1,Size issue,13
O11098,0,,0
O11103,0,,0
O11092,0,,0
O11104,0,,0
O11111,0,,0
O11105,0,,0
O11109,0,,0
O11106,0,,0
O11107,0,,0
O11110,0,,0
O11112,0,,0
O11108,0,,0
O11120,0,,0
O11125,0,,0
O11124,0,,0
O11123,0,,0
O11115,1,Product mismatch,2
O11117,0,,0
O11127,1,Product mismatch,9
O11122,0,,0
O11113,0,,0
O11126,0,,0
O11116,0,,0
O11121,0,,0
O11119,0,,0
O11118,0,,0
O11114,0,,0
O11130,0,,0
O11138,0,,0
O11134,0,,0
O11139,1,Damaged product,6
O11129,1,Damaged product,10
O11132,0,,0
O11136,0,,0
O11133,0,,0
O11128,0,,0
O11135,0,,0
O11137,0,,0
O11131,0,,0
O11141,0,,0
O11156,0,,0
O11144,0,,0
O11142,0,,0
O11151,0,,0
O11153,0,,0
O11149,0,,0
O11147,0,,0
O11150,0,,0
O11140,0,,0
O11155,0,,0
O11154,0,,0
O11152,0,,0
O11158,0,,0
O11143,0,,0
O11146,0,,0
O11145,0,,0
O11148,1,Product mismatch,4
O11157,0,,0
O11164,0,,0
O11162,0,,0
O11165,0,,0
O11159,0,,0
O11168,0,,0
O11169,0,,0
O11167,0,,0
O11170,0,,0
O11160,0,,0
O11161,1,Changed mind,11
O11166,0,,0
O11163,0,,0
O11182,0,,0
O11177,0,,0
O11176,0,,0
O11178,0,,0
O11171,0,,0
O11179,1,Changed mind,14
O11181,0,,0
O11174,0,,0
O11180,0,,0
O11172,0,,0
O11173,0,,0
O11175,0,,0
O11185,0,,0
O11192,0,,0
O11188,0,,0
O11191,0,,0
O11187,0,,0
O11184,1,Product mismatch,14
O11186,0,,0
O11183,0,,0
O11190,0,,0
O11193,0,,0
O11189,1,Size issue,4
O11195,0,,0
O11196,0,,0
O11198,1,Product mismatch,12
O11194,0,,0
O11199,0,,0
O11197,0,,0
O11205,0,,0
O11200,0,,0
O11203,0,,0
O11209,0,,0
O11204,0,,0
O11202,0,,0
O11201,0,,0
O11208,0,,0
O11206,0,,0
O11207,0,,0
O11211,0,,0
O11214,0,,0
O11215,0,,0
O11212,0,,0
O11210,0,,0
O11213,0,,0
O11216,0,,0
O11224,0,,0
O11218,0,,0
O11217,0,,0
O11222,0,,0
O11220,0,,0
O11219,0,,0
O11223,0,,0
O11221,0,,0
O11226,0,,0
O11229,1,Size issue,8
O11225,0,,0
O11227,0,,0
O11228,0,,0
O11243,0,,0
O11241,1,Changed mind,6
O11230,1,Changed mind,11
O11235,0,,0
O11231,0,,0
O11239,0,,0
O11242,0,,0
O11232,0,,0
O11236,0,,0
O11233,1,Changed mind,14
O11234,0,,0
O11238,0,,0
O11237,0,,0
O11240,0,,0
O11251,0,,0
O11252,0,,0
O11246,0,,0
O11248,0,,0
O11249,0,,0
O11250,0,,0
O11247,0,,0
O11244,0,,0
O11245,0,,0
O11257,0,,0
O11258,0,,0
O11256,0,,0
O11253,0,,0
O11255,0,,0
O11259,1,Size issue,5
O11254,0,,0
O11267,0,,0
O11261,0,,0
O11265,1,Product mismatch,8
O11268,0,,0
O11266,0,,0
O11263,0,,0
O11264,0,,0
O11262,1,Product mismatch,4
O11260,0,,0
O11269,0,,0
O11273,0,,0
O11272,0,,0
O11270,0,,0
O11271,1,Product mismatch,2
O11274,0,,0
O11277,0,,0
O11284,0,,0
O11280,0,,0
O11278,0,,0
O11275,0,,0
O11286,0,,0
O11279,0,,0
O11285,0,,0
O11276,1,Size issue,4
O11282,0,,0
O11283,0,,0
O11281,0,,0
O11291,0,,0
O11293,0,,0
O11289,0,,0
O11287,0,,0
O11292,1,Product mismatch,10
O11288,0,,0
O11290,0,,0
O11295,0,,0
O11304,0,,0
O11296,0,,0
O11301,0,,0
O11294,0,,0
O11300,0,,0
O11307,0,,0
O11303,0,,0
O11298,1,Product mismatch,8
O11305,0,,0
O11299,0,,0
O11302,0,,0
O11306,0,,0
O11308,0,,0
O11297,0,,0
O11314,0,,0
O11313,0,,0
O11315,1,Changed mind,4
O11312,0,,0
O11309,0,,0
O11310,0,,0
O11317,0,,0
O11318,0,,0
O11316,0,,0
O11311,0,,0
O11321,0,,0
O11326,1,Size issue,2
O11323,0,,0
O11324,0,,0
O11319,0,,0
O11325,0,,0
O11322,1,Product mismatch,5
O11320,0,,0
O11333,0,,0
O11332,0,,0
O11335,0,,0
O11330,0,,0
O11337,0,,0
O11331,0,,0
O11328,0,,0
O11329,0,,0
O11336,0,,0
O11334,0,,0
O11327,0,,0
O11342,0,,0
O11341,1,Damaged product,4
O11338,1,Product mismatch,13
O11339,1,Changed mind,3
O11340,0,,0
O11351,1,Product mismatch,8
O11354,0,,0
O11349,0,,0
O11344,0,,0
O11348,1,Changed mind,7
O11347,0,,0
O11352,0,,0
O11350,0,,0
O11346,1,Size issue,4
O11343,0,,0
O11345,0,,0
O11353,0,,0
O11363,0,,0
O11357,0,,0
O11362,0,,0
O11364,0,,0
O11361,0,,0
O11355,0,,0
O11356,0,,0
O11360,0,,0
O11358,0,,0
O11365,0,,0
O11359,0,,0
O11368,0,,0
O11374,0,,0
O11378,0,,0
O11372,0,,0
O11371,0,,0
O11379,0,,0
O11367,1,Product mismatch,4
O11376,0,,0
O11370,0,,0
O11375,0,,0
O11373,0,,0
O11366,0,,0
O11377,0,,0
O11369,0,,0
O11380,0,,0
O11382,0,,0
O11384,0,,0
O11383,0,,0
O11385,0,,0
O11387,0,,0
O11381,0,,0
O11386,0,,0
O11394,0,,0
O11395,0,,0
O11396,1,Product mismatch,3
O11388,0,,0
O11391,0,,0
O11389,0,,0
O11392,0,,0
O11390,0,,0
O11393,1,Size issue,6
O11406,1,Size issue,13
O11403,0,,0
O11405,0,,0
O11402,0,,0
O11407,0,,0
O11404,1,Product mismatch,10
O11398,1,Product mismatch,14
O11401,1,Changed mind,13
O11397,0,,0
O11409,1,Product mismatch,13
O11400,0,,0
O11399,0,,0
O11408,0,,0
O11420,0,,0
O11410,0,,0
O11413,0,,0
O11419,0,,0
O11411,0,,0
O11418,1,Changed mind,12
O11421,0,,0
O11417,0,,0
O11415,0,,0
O11414,0,,0
O11416,0,,0
O11422,0,,0
O11412,0,,0
O11438,0,,0
O11423,0,,0
O11437,0,,0
O11432,0,,0
O11426,0,,0
O11429,0,,0
O11436,0,,0
O11430,0,,0
O11427,0,,0
O11434,0,,0
O11424,0,,0
O11428,0,,0
O11431,0,,0
O11433,0,,0
O11435,0,,0
O11425,0,,0
O11442,0,,0
O11447,0,,0
O11445,0,,0
O11439,0,,0
O11444,0,,0
O11441,0,,0
O11443,0,,0
O11440,0,,0
O11446,0,,0
O11448,0,,0
O11451,0,,0
O11452,0,,0
O11449,0,,0
O11450,0,,0
O11457,0,,0
O11461,0,,0
O11459,0,,0
O11455,0,,0
O11453,0,,0
O11454,0,,0
O11458,0,,0
O11456,0,,0
O11460,0,,0
O11469,1,Size issue,6
O11462,1,Changed mind,14
O11463,0,,0
O11467,0,,0
O11465,0,,0
O11466,1,Changed mind,11
O11464,0,,0
O11468,0,,0
O11470,0,,0
O11471,0,,0
O11475,0,,0
O11474,0,,0
O11472,0,,0
O11473,0,,0
O11479,0,,0
O11480,0,,0
O11481,0,,0
O11478,0,,0
O11476,0,,0
O11483,0,,0
O11482,0,,0
O11477,0,,0
O11491,0,,0
O11485,0,,0
O11489,0,,0
O11488,0,,0
O11484,0,,0
O11487,0,,0
O11490,0,,0
O11486,0,,0
O11492,0,,0
O11507,0,,0
O11494,0,,0
O11500,1,Size issue,6
O11506,0,,0
O11501,0,,0
O11502,0,,0
O11497,0,,0
O11498,0,,0
O11499,0,,0
O11496,0,,0
O11495,0,,0
O11493,0,,0
O11505,0,,0
O11503,0,,0
O11504,0,,0
O11511,1,Product mismatch,6
O11508,0,,0
O11512,0,,0
O11509,0,,0
O11510,0,,0
O11513,0,,0
O11516,0,,0
O11521,0,,0
O11520,0,,0
O11515,0,,0
O11514,0,,0
O11517,1,Size issue,8
O11518,0,,0
O11519,0,,0
O11527,1,Changed mind,9
O11528,0,,0
O11524,0,,0
O11526,0,,0
O11525,0,,0
O11531,0,,0
O11522,0,,0
O11532,0,,0
O11523,0,,0
O11529,0,,0
O11530,0,,0
O11534,1,Changed mind,13
O11536,0,,0
O11541,0,,0
O11535,0,,0
O11542,0,,0
O11537,0,,0
O11533,0,,0
O11539,0,,0
O11538,0,,0
O11540,0,,0
O11548,0,,0
O11549,0,,0
O11545,1,Damaged product,8
O11552,0,,0
O11553,1,Product mismatch,8
O11544,0,,0
O11551,0,,0
O11546,0,,0
O11547,0,,0
O11550,0,,0
O11543,0,,0
O11561,0,,0
O11554,0,,0
O11564,1,Product mismatch,11
O11555,0,,0
O11563,0,,0
O11560,0,,0
O11557,0,,0
O11559,0,,0
O11565,0,,0
O11558,0,,0
O11562,0,,0
O11556,0,,0
O11571,0,,0
O11568,0,,0
O11567,0,,0
O11570,0,,0
O11572,0,,0
O11569,0,,0
O11566,0,,0
O11576,0,,0
O11583,1,Product mismatch,4
O11579,0,,0
O11582,0,,0
O11581,0,,0
O11575,0,,0
O11580,0,,0
O11578,0,,0
O11577,0,,0
O11574,0,,0
O11573,0,,0
O11584,0,,0
O11594,0,,0
O11598,0,,0
O11589,0,,0
O11586,0,,0
O11588,1,Changed mind,14
O11593,0,,0
O11592,0,,0
O11595,0,,0
O11590,0,,0
O11596,0,,0
O11587,0,,0
O11585,0,,0
O11591,0,,0
O11597,0,,0
O11603,0,,0
O11604,1,Changed mind,11
O11611,0,,0
O11601,0,,0
O11602,1,Changed mind,6
O11599,0,,0
O11605,0,,0
O11609,1,Changed mind,8
O11600,0,,0
O11606,0,,0
O11612,0,,0
O11607,0,,0
O11608,0,,0
O11610,1,Product mismatch,13
O11628,0,,0
O11624,0,,0
O11622,0,,0
O11616,0,,0
O11617,0,,0
O11626,0,,0
O11619,0,,0
O11625,1,Product mismatch,7
O11615,0,,0
O11623,0,,0
O11618,0,,0
O11621,0,,0
O11613,0,,0
O11620,0,,0
O11614,0,,0
O11627,0,,0
O11631,0,,0
O11629,0,,0
O11632,0,,0
O11633,1,Product mismatch,12
O11630,0,,0
O11638,0,,0
O11636,0,,0
O11635,0,,0
O11642,0,,0
O11634,0,,0
O11640,0,,0
O11639,0,,0
O11637,0,,0
O11641,0,,0
O11644,0,,0
O11643,0,,0
O11645,0,,0
O11655,0,,0
O11648,0,,0
O11652,0,,0
O11653,0,,0
O11654,0,,0
O11650,0,,0
O11649,0,,0
O11647,0,,0
O11656,0,,0
O11651,0,,0
O11657,0,,0
O11646,0,,0
O11660,0,,0
O11665,0,,0
O11662,0,,0
O11659,1,Damaged product,12
O11661,0,,0
O11664,0,,0
O11663,0,,0
O11658,1,Damaged product,5
O11667,0,,0
O11674,0,,0
O11673,0,,0
O11671,1,Damaged product,3
O11666,0,,0
O11672,0,,0
O11670,0,,0
O11668,0,,0
O11669,0,,0
O11675,0,,0
O11676,0,,0
O11677,0,,0
O11681,0,,0
O11678,0,,0
O11680,0,,0
O11679,0,,0
O11685,0,,0
O11688,0,,0
O11691,0,,0
O11694,0,,0
O11689,0,,0
O11687,0,,0
O11692,0,,0
O11686,0,,0
O11683,0,,0
O11690,0,,0
O11696,1,Damaged product,12
O11684,1,Product mismatch,9
O11693,1,Product mismatch,6
O11682,0,,0
O11695,0,,0
O11697,0,,0
O11698,0,,0
O11700,0,,0
O11699,1,Product mismatch,12
O11706,0,,0
O11708,1,Size issue,8
O11705,0,,0
O11702,0,,0
O11701,0,,0
O11704,0,,0
O11703,1,Product mismatch,6
O11707,0,,0
O11714,0,,0
O11713,0,,0
O11716,1,Changed mind,13
O11715,0,,0
O11710,0,,0
O11712,0,,0
O11709,0,,0
O11711,0,,0
O11720,0,,0
O11724,0,,0
O11718,1,Changed mind,11
O11723,0,,0
O11722,0,,0
O11717,0,,0
O11719,0,,0
O11721,0,,0
O11731,0,,0
O11726,0,,0
O11730,0,,0
O11729,0,,0
O11725,0,,0
O11727,0,,0
O11728,0,,0
O11743,1,Size issue,10
O11741,1,Damaged product,11
O11740,0,,0
O11744,0,,0
O11735,1,Product mismatch,10
O11745,0,,0
O11734,0,,0
O11747,1,Size issue,4
O11739,0,,0
O11746,0,,0
O11742,0,,0
O11736,1,Size issue,2
O11733,1,Damaged product,2
O11737,1,Changed mind,11
O11738,0,,0
O11732,0,,0
O11751,0,,0
O11756,1,Changed mind,6
O11749,0,,0
O11753,0,,0
O11754,0,,0
O11755,0,,0
O11752,0,,0
O11748,0,,0
O11758,0,,0
O11760,0,,0
O11759,0,,0
O11750,0,,0
O11757,0,,0
O11761,0,,0
O11769,1,Damaged product,7
O11763,0,,0
O11766,0,,0
O11767,0,,0
O11768,0,,0
O11770,0,,0
O11764,0,,0
O11762,0,,0
O11765,0,,0
O11779,0,,0
O11771,0,,0
O11773,0,,0
O11775,0,,0
O11774,0,,0
O11776,1,Product mismatch,14
O11772,0,,0
O11778,0,,0
O11777,0,,0
O11789,0,,0
O11783,0,,0
O11782,1,Product mismatch,13
O11781,0,,0
O11780,1,Changed mind,11
O11784,0,,0
O11785,0,,0
O11786,0,,0
O11788,0,,0
O11787,0,,0
O11794,1,Changed mind,9
O11795,0,,0
O11793,0,,0
O11791,0,,0
O11792,0,,0
O11796,0,,0
O11790,0,,0
O11799,0,,0
O11801,0,,0
O11803,0,,0
O11798,0,,0
O11802,0,,0
O11806,0,,0
O11805,0,,0
O11804,0,,0
O11797,0,,0
O11800,0,,0
O11813,0,,0
O11817,0,,0
O11809,0,,0
O11810,0,,0
O11815,0,,0
O11807,0,,0
O11812,1,Product mismatch,8
O11808,0,,0
O11816,0,,0
O11818,1,Changed mind,9
O11811,0,,0
O11814,0,,0
O11821,0,,0
O11820,0,,0
O11825,0,,0
O11824,1,Product mismatch,12
O11822,0,,0
O11819,0,,0
O11823,0,,0
O11826,1,Size issue,2
O11832,0,,0
O11833,0,,0
O11834,0,,0
O11827,0,,0
O11829,1,Changed mind,7
O11828,0,,0
O11830,0,,0
O11831,0,,0
O11835,0,,0
O11837,0,,0
O11842,0,,0
O11838,0,,0
O11841,1,Product mismatch,14
O11836,0,,0
O11843,0,,0
O11840,0,,0
O11839,0,,0
O11853,0,,0
O11855,0,,0
O11851,0,,0
O11846,0,,0
O11847,0,,0
O11844,0,,0
O11845,0,,0
O11852,0,,0
O11849,0,,0
O11850,0,,0
O11848,0,,0
O11854,1,Changed mind,7
O11863,0,,0
O11859,0,,0
O11861,1,Changed mind,7
O11864,0,,0
O11862,0,,0
O11865,1,Changed mind,12
O11857,0,,0
O11858,0,,0
O11856,0,,0
O11860,0,,0
O11868,0,,0
O11871,0,,0
O11869,0,,0
O11873,0,,0
O11867,0,,0
O11872,0,,0
O11866,0,,0
O11870,0,,0
O11875,1,Product mismatch,13
O11882,0,,0
O11884,0,,0
O11883,0,,0
O11879,0,,0
O11885,0,,0
O11878,0,,0
O11881,0,,0
O11880,0,,0
O11874,1,Changed mind,12
O11876,0,,0
O11877,0,,0
O11892,0,,0
O11886,0,,0
O11888,0,,0
O11887,0,,0
O11890,0,,0
O11893,0,,0
O11889,1,Changed mind,8
O11891,0,,0
O11896,0,,0
O11897,1,Changed mind,5
O11901,0,,0
O11895,0,,0
O11900,0,,0
O11894,0,,0
O11899,0,,0
O11898,0,,0
O11906,0,,0
O11903,0,,0
O11907,0,,0
O11905,0,,0
O11904,0,,0
O11902,0,,0
O11908,0,,0
O11916,0,,0
O11913,0,,0
O11918,0,,0
O11914,0,,0
O11920,0,,0
O11911,0,,0
O11909,0,,0
O11917,1,Damaged product,2
O11912,1,Changed mind,12
O11915,0,,0
O11919,0,,0
O11910,1,Product mismatch,13
O11933,0,,0
O11924,0,,0
O11925,0,,0
O11929,0,,0
O11934,1,Damaged product,11
O11926,0,,0
O11923,0,,0
O11930,0,,0
O11922,0,,0
O11931,0,,0
O11921,0,,0
O11932,0,,0
O11927,0,,0
O11928,0,,0
O11938,0,,0
O11944,1,Damaged product,4
O11942,0,,0
O11943,0,,0
O11935,0,,0
O11937,0,,0
O11946,0,,0
O11945,0,,0
O11940,0,,0
O11941,0,,0
O11939,0,,0
O11936,0,,0
O11952,0,,0
O11950,1,Size issue,7
O11953,0,,0
O11948,0,,0
O11951,1,Product mismatch,3
O11947,0,,0
O11949,0,,0
O11954,0,,0
O11962,0,,0
O11955,0,,0
O11956,0,,0
O11960,0,,0
O11963,0,,0
O11958,0,,0
O11961,0,,0
O11959,0,,0
O11957,0,,0
O11970,0,,0
O11975,0,,0
O11973,0,,0
O11966,0,,0
O11968,0,,0
O11972,0,,0
O11965,0,,0
O11969,0,,0
O11974,1,Product mismatch,14
O11967,0,,0
O11971,0,,0
O11964,0,,0
O11976,0,,0
O11984,0,,0
O11982,0,,0
O11986,0,,0
O11987,0,,0
O11979,0,,0
O11978,1,Product mismatch,8
O11977,0,,0
O11981,0,,0
O11988,0,,0
O11985,0,,0
O11983,0,,0
O11980,0,,0
O12004,0,,0
O11998,0,,0
O11990,0,,0
O11997,0,,0
O12002,0,,0
O12001,0,,0
O12005,0,,0
O11996,0,,0
O11992,0,,0
O11989,0,,0
O12003,0,,0
O11993,0,,0
O11991,0,,0
O11994,1,Product mismatch,3
O12000,0,,0
O11995,0,,0
O11999,0,,0
O12013,0,,0
O12009,0,,0
O12012,0,,0
O12011,0,,0
O12010,0,,0
O12007,0,,0
O12008,0,,0
O12006,0,,0
O12022,0,,0
O12015,0,,0
O12020,0,,0
O12019,0,,0
O12014,0,,0
O12023,0,,0
O12017,1,Product mismatch,12
O12018,0,,0
O12021,0,,0
O12016,0,,0
O12030,0,,0
O12032,0,,0
O12031,0,,0
O12028,0,,0
O12033,0,,0
O12026,1,Product mismatch,12
O12029,0,,0
O12025,0,,0
O12027,0,,0
O12024,0,,0
O12035,1,Size issue,9
O12040,0,,0
O12037,0,,0
O12036,0,,0
O12034,0,,0
O12038,0,,0
O12039,0,,0
O12041,0,,0
O12042,0,,0
O12046,0,,0
O12045,0,,0
O12043,0,,0
O12047,0,,0
O12048,0,,0
O12044,0,,0
O12049,0,,0
O12055,0,,0
O12052,0,,0
O12050,0,,0
O12051,0,,0
O12053,0,,0
O12054,0,,0
O12057,0,,0
O12061,0,,0
O12062,0,,0
O12060,0,,0
O12059,0,,0
O12056,0,,0
O12058,0,,0
O12069,0,,0
O12066,0,,0
O12067,0,,0
O12068,0,,0
O12063,0,,0
O12065,0,,0
O12064,0,,0
O12071,1,Size issue,14
O12072,0,,0
O12077,0,,0
O12074,0,,0
O12073,0,,0
O12076,0,,0
O12070,0,,0
O12079,0,,0
O12081,0,,0
O12075,0,,0
O12078,1,Product mismatch,13
O12080,0,,0
O12091,0,,0
O12084,1,Changed mind,14
O12085,0,,0
O12087,1,Product mismatch,2
O12088,0,,0
O12090,0,,0
O12083,0,,0
O12082,1,Product mismatch,14
O12089,1,Changed mind,2
O12086,0,,0
O12092,0,,0
O12096,0,,0
O12094,0,,0
O12093,0,,0
O12095,0,,0
O12101,0,,0
O12097,0,,0
O12102,0,,0
O12103,0,,0
O12098,0,,0
O12104,0,,0
O12100,0,,0
O12099,0,,0
O12113,0,,0
O12107,0,,0
O12109,0,,0
O12106,0,,0
O12110,0,,0
O12105,0,,0
O12111,0,,0
O12108,0,,0
O12112,0,,0
O12114,0,,0
O12120,0,,0
O12124,0,,0
O12121,0,,0
O12118,1,Product mismatch,7
O12123,0,,0
O12116,0,,0
O12119,0,,0
O12122,0,,0
O12117,0,,0
O12115,1,Size issue,7
O12126,0,,0
O12125,0,,0
O12127,0,,0
O12132,0,,0
O12131,0,,0
O12130,0,,0
O12129,0,,0
O12128,0,,0
O12133,0,,0
O12136,0,,0
O12137,0,,0
O12135,0,,0
O12134,0,,0
O12143,0,,0
O12138,1,Changed mind,3
O12148,0,,0
O12139,0,,0
O12147,1,Product mismatch,3
O12144,0,,0
O12141,0,,0
O12142,0,,0
O12149,0,,0
O12150,0,,0
O12145,0,,0
O12140,0,,0
O12146,0,,0
O12154,0,,0
O12153,0,,0
O12157,0,,0
O12155,0,,0
O12151,0,,0
O12156,0,,0
O12152,0,,0
O12165,0,,0
O12162,0,,0
O12160,0,,0
O12159,0,,0
O12158,1,Size issue,5
O12161,0,,0
O12163,0,,0
O12166,0,,0
O12164,0,,0
O12172,1,Size issue,3
O12171,1,Changed mind,6
O12173,1,Product mismatch,12
O12175,0,,0
O12176,0,,0
O12167,0,,0
O12170,0,,0
O12177,0,,0
O12178,0,,0
O12168,0,,0
O12174,0,,0
O12169,0,,0
O12179,0,,0
O12185,1,Changed mind,7
O12184,0,,0
O12183,0,,0
O12187,0,,0
O12181,0,,0
O12182,0,,0
O12180,0,,0
O12186,0,,0
O12189,0,,0
O12190,0,,0
O12191,0,,0
O12188,0,,0
O12192,0,,0
O12193,0,,0
O12194,1,Product mismatch,11
O12196,0,,0
O12195,0,,0
O12198,0,,0
O12201,0,,0
O12199,0,,0
O12204,0,,0
O12197,0,,0
O12200,0,,0
O12206,0,,0
O12203,0,,0
O12202,0,,0
O12207,1,Product mismatch,9
O12205,0,,0
O12215,1,Changed mind,12
O12210,0,,0
O12220,0,,0
O12214,0,,0
O12213,0,,0
O12211,0,,0
O12209,1,Damaged product,8
O12217,0,,0
O12216,1,Changed mind,10
O12208,0,,0
O12218,0,,0
O12219,0,,0
O12212,0,,0
O12223,0,,0
O12227,1,Product mismatch,5
O12224,0,,0
O12229,0,,0
O12228,0,,0
O12225,0,,0
O12221,0,,0
O12226,0,,0
O12222,1,Product mismatch,11
O12232,1,Product mismatch,5
O12230,0,,0
O12237,0,,0
O12234,0,,0
O12231,0,,0
O12238,0,,0
O12233,0,,0
O12235,0,,0
O12236,0,,0
O12243,0,,0
O12239,0,,0
O12245,0,,0
O12250,1,Product mismatch,8
O12241,0,,0
O12247,0,,0
O12249,0,,0
O12248,0,,0
O12244,1,Product mismatch,2
O12240,0,,0
O12242,0,,0
O12246,0,,0
O12257,0,,0
O12261,0,,0
O12253,0,,0
O12263,0,,0
O12265,1,Size issue,12
O12260,0,,0
O12256,1,Changed mind,8
O12258,1,Product mismatch,13
O12267,0,,0
O12262,0,,0
O12254,0,,0
O12255,0,,0
O12252,0,,0
O12264,1,Product mismatch,3
O12266,0,,0
O12268,0,,0
O12251,0,,0
O12259,0,,0
O12273,0,,0
O12271,0,,0
O12275,0,,0
O12272,0,,0
O12270,0,,0
O12278,0,,0
O12277,0,,0
O12276,0,,0
O12274,0,,0
O12279,0,,0
O12269,0,,0
O12295,0,,0
O12283,0,,0
O12291,0,,0
O12288,0,,0
O12286,0,,0
O12287,0,,0
O12293,0,,0
O12284,0,,0
O12294,0,,0
O12289,0,,0
O12285,1,Product mismatch,13
O12280,0,,0
O12282,0,,0
O12290,0,,0
O12281,0,,0
O12292,0,,0
O12298,0,,0
O12300,0,,0
O12296,0,,0
O12303,0,,0
O12302,0,,0
O12297,0,,0
O12299,0,,0
O12301,0,,0
O12307,0,,0
O12304,1,Damaged product,6
O12308,0,,0
O12306,0,,0
O12305,0,,0
O12314,0,,0
O12311,0,,0
O12316,0,,0
O12315,0,,0
O12319,0,,0
O12313,0,,0
O12312,0,,0
O12310,0,,0
O12309,0,,0
O12320,1,Product mismatch,10
O12317,0,,0
O12318,0,,0
O12321,0,,0
O12333,0,,0
O12327,0,,0
O12330,0,,0
O12322,0,,0
O12331,0,,0
O12326,0,,0
O12324,0,,0
O12332,0,,0
O12328,0,,0
O12329,1,Size issue,7
O12325,1,Damaged product,2
O12323,0,,0
O12347,0,,0
O12346,0,,0
O12334,1,Size issue,13
O12336,0,,0
O12343,0,,0
O12344,1,Size issue,2
O12339,0,,0
O12335,0,,0
O12342,0,,0
O12341,0,,0
O12338,0,,0
O12340,1,Damaged product,14
O12345,0,,0
O12348,1,Changed mind,6
O12337,0,,0
O12352,0,,0
O12350,0,,0
O12351,0,,0
O12353,0,,0
O12349,0,,0
O12358,0,,0
O12354,0,,0
O12356,0,,0
O12357,0,,0
O12360,0,,0
O12359,0,,0
O12355,0,,0
O12371,0,,0
O12363,0,,0
O12368,0,,0
O12362,0,,0
O12369,0,,0
O12364,0,,0
O12366,1,Changed mind,7
O12361,0,,0
O12370,1,Product mismatch,14
O12365,0,,0
O12367,0,,0
O12372,0,,0
O12376,0,,0
O12380,0,,0
O12377,0,,0
O12379,0,,0
O12374,1,Size issue,5
O12373,1,Changed mind,6
O12375,0,,0
O12378,0,,0
O12383,0,,0
O12385,0,,0
O12387,0,,0
O12382,0,,0
O12388,0,,0
O12386,0,,0
O12384,0,,0
O12381,1,Size issue,13
O12391,0,,0
O12389,0,,0
O12392,0,,0
O12390,0,,0
O12393,0,,0
O12404,0,,0
O12395,0,,0
O12394,0,,0
O12399,0,,0
O12396,0,,0
O12400,1,Product mismatch,3
O12403,1,Product mismatch,2
O12405,0,,0
O12402,0,,0
O12401,0,,0
O12397,0,,0
O12398,0,,0
O12414,0,,0
O12417,0,,0
O12412,0,,0
O12411,1,Product mismatch,13
O12416,0,,0
O12413,0,,0
O12409,0,,0
O12407,0,,0
O12406,0,,0
O12410,0,,0
O12415,0,,0
O12408,0,,0
O12421,0,,0
O12418,0,,0
O12419,0,,0
O12425,0,,0
O12426,0,,0
O12423,0,,0
O12422,0,,0
O12420,0,,0
O12424,0,,0
O12427,0,,0
O12429,0,,0
O12434,0,,0
O12432,0,,0
O12428,0,,0
O12433,0,,0
O12431,0,,0
O12430,0,,0
O12437,0,,0
O12436,0,,0
O12439,0,,0
O12442,0,,0
O12435,0,,0
O12438,0,,0
O12444,0,,0
O12441,0,,0
O12443,0,,0
O12440,0,,0
O12445,0,,0
O12449,0,,0
O12452,1,Product mismatch,11
O12448,0,,0
O12447,0,,0
O12453,0,,0
O12451,0,,0
O12446,0,,0
O12450,0,,0
O12458,1,Changed mind,14
O12459,0,,0
O12454,0,,0
O12457,0,,0
O12455,0,,0
O12456,1,Product mismatch,13
O12461,1,Damaged product,11
O12463,0,,0
O12466,1,Product mismatch,6
O12460,0,,0
O12464,0,,0
O12465,0,,0
O12462,0,,0
O12477,0,,0
O12476,0,,0
O12474,0,,0
O12470,1,Product mismatch,7
O12472,0,,0
O12478,0,,0
O12479,1,Size issue,7
O12469,0,,0
O12471,1,Changed mind,4
O12475,0,,0
O12467,0,,0
O12468,0,,0
O12473,0,,0
O12489,0,,0
O12483,0,,0
O12487,0,,0
O12491,0,,0
O12490,0,,0
O12492,0,,0
O12484,0,,0
O12482,0,,0
O12486,0,,0
O12488,0,,0
O12493,1,Product mismatch,9
O12485,0,,0
O12480,1,Changed mind,3
O12481,0,,0
O12497,1,Product mismatch,2
O12503,0,,0
O12501,0,,0
O12502,0,,0
O12498,0,,0
O12496,0,,0
O12500,0,,0
O12494,1,Damaged product,13
O12504,0,,0
O12495,0,,0
O12499,0,,0
O12505,0,,0
O12509,0,,0
O12519,0,,0
O12513,0,,0
O12515,0,,0
O12516,0,,0
O12508,0,,0
O12518,0,,0
O12514,0,,0
O12511,1,Changed mind,5
O12512,0,,0
O12517,1,Changed mind,11
O12510,0,,0
O12506,0,,0
O12507,0,,0
O12526,0,,0
O12527,0,,0
O12521,0,,0
O12523,0,,0
O12522,0,,0
O12524,0,,0
O12520,0,,0
O12525,0,,0
O12531,1,Damaged product,3
O12528,0,,0
O12530,0,,0
O12529,0,,0
O12532,0,,0
O12536,0,,0
O12538,0,,0
O12533,0,,0
O12535,0,,0
O12546,0,,0
O12534,0,,0
O12542,0,,0
O12547,0,,0
O12544,0,,0
O12539,0,,0
O12543,0,,0
O12540,0,,0
O12537,0,,0
O12541,1,Size issue,5
O12545,0,,0
O12555,0,,0
O12553,0,,0
O12554,0,,0
O12549,0,,0
O12552,1,Changed mind,6
O12548,0,,0
O12551,0,,0
O12550,0,,0
O12558,0,,0
O12559,0,,0
O12565,0,,0
O12556,0,,0
O12557,0,,0
O12561,0,,0
O12560,0,,0
O12562,0,,0
O12563,0,,0
O12564,0,,0
O12571,0,,0
O12570,0,,0
O12573,0,,0
O12566,0,,0
O12567,0,,0
O12569,0,,0
O12568,0,,0
O12572,0,,0
O12574,0,,0
O12578,0,,0
O12575,0,,0
O12576,0,,0
O12577,0,,0
O12579,0,,0
O12580,0,,0
O12591,0,,0
O12586,0,,0
O12590,1,Product mismatch,6
O12583,0,,0
O12588,0,,0
O12589,0,,0
O12592,0,,0
O12587,0,,0
O12581,0,,0
O12582,0,,0
O12585,0,,0
O12584,0,,0
O12599,0,,0
O12600,0,,0
O12598,0,,0
O12594,0,,0
O12593,1,Changed mind,9
O12596,1,Product mismatch,5
O12595,0,,0
O12597,0,,0
O12601,0,,0
O12603,0,,0
O12602,0,,0
O12604,0,,0
O12607,0,,0
O12606,0,,0
O12605,0,,0
O12617,0,,0
O12612,1,Changed mind,6
O12611,0,,0
O12616,0,,0
O12610,0,,0
O12614,0,,0
O12618,0,,0
O12608,0,,0
O12609,0,,0
O12615,0,,0
O12613,0,,0
O12619,0,,0
O12622,0,,0
O12623,0,,0
O12624,0,,0
O12620,0,,0
O12621,0,,0
O12631,0,,0
O12628,0,,0
O12629,0,,0
O12625,0,,0
O12627,0,,0
O12630,0,,0
O12626,0,,0
O12639,0,,0
O12635,0,,0
O12640,0,,0
O12641,0,,0
O12633,0,,0
O12638,0,,0
O12634,0,,0
O12636,0,,0
O12637,0,,0
O12632,0,,0
O12645,0,,0
O12644,0,,0
O12652,0,,0
O12650,0,,0
O12642,0,,0
O12647,0,,0
O12646,0,,0
O12649,0,,0
O12648,0,,0
O12643,0,,0
O12651,0,,0
O12654,0,,0
O12655,0,,0
O12658,0,,0
O12656,0,,0
O12657,0,,0
O12653,0,,0
O12663,0,,0
O12662,0,,0
O12665,0,,0
O12660,0,,0
O12659,0,,0
O12664,0,,0
O12661,0,,0
O12666,0,,0
O12671,0,,0
O12672,0,,0
O12679,0,,0
O12669,0,,0
O12675,0,,0
O12670,1,Damaged product,14
O12677,0,,0
O12674,0,,0
O12667,0,,0
O12673,0,,0
O12676,0,,0
O12678,0,,0
O12668,0,,0
O12688,0,,0
O12681,0,,0
O12686,0,,0
O12682,0,,0
O12680,0,,0
O12683,0,,0
O12684,0,,0
O12685,0,,0
O12687,0,,0
O12691,0,,0
O12696,0,,0
O12697,0,,0
O12692,0,,0
O12695,0,,0
O12694,0,,0
O12705,0,,0
O12704,0,,0
O12703,0,,0
O12700,0,,0
O12701,0,,0
O12689,0,,0
O12698,0,,0
O12702,0,,0
O12699,0,,0
O12693,0,,0
O12690,0,,0
O12708,1,Size issue,9
O12711,0,,0
O12710,0,,0
O12709,0,,0
O12707,1,Changed mind,14
O12706,0,,0
O12712,0,,0
O12719,0,,0
O12714,0,,0
O12717,0,,0
O12720,0,,0
O12716,0,,0
O12713,0,,0
O12715,0,,0
O12721,0,,0
O12718,0,,0
O12735,0,,0
O12728,0,,0
O12729,0,,0
O12734,0,,0
O12724,0,,0
O12733,0,,0
O12722,0,,0
O12723,0,,0
O12731,0,,0
O12730,0,,0
O12732,0,,0
O12725,0,,0
O12726,0,,0
O12727,0,,0
O12744,1,Damaged product,11
O12750,0,,0
O12743,0,,0
O12741,0,,0
O12739,0,,0
O12746,0,,0
O12747,1,Changed mind,9
O12745,0,,0
O12737,0,,0
O12748,0,,0
O12749,0,,0
O12742,0,,0
O12738,0,,0
O12736,1,Changed mind,12
O12740,0,,0
O12759,0,,0
O12753,0,,0
O12760,0,,0
O12752,0,,0
O12762,0,,0
O12754,0,,0
O12755,1,Product mismatch,9
O12763,0,,0
O12764,0,,0
O12761,0,,0
O12758,0,,0
O12751,0,,0
O12757,0,,0
O12756,1,Product mismatch,2
O12770,1,Size issue,5
O12771,0,,0
O12769,0,,0
O12765,0,,0
O12775,0,,0
O12768,0,,0
O12767,0,,0
O12773,0,,0
O12774,0,,0
O12766,0,,0
O12772,0,,0
O12785,0,,0
O12777,1,Changed mind,3
O12779,0,,0
O12776,0,,0
O12782,1,Product mismatch,6
O12784,0,,0
O12778,0,,0
O12780,1,Product mismatch,13
O12781,0,,0
O12783,0,,0
O12786,0,,0
O12787,0,,0
O12799,0,,0
O12793,0,,0
O12794,0,,0
O12795,0,,0
O12800,0,,0
O12788,0,,0
O12804,1,Changed mind,4
O12798,0,,0
O12790,0,,0
O12803,0,,0
O12791,0,,0
O12802,1,Changed mind,11
O12789,0,,0
O12797,0,,0
O12801,0,,0
O12792,0,,0
O12796,0,,0
O12805,0,,0
O12808,0,,0
O12807,0,,0
O12809,0,,0
O12810,0,,0
O12811,0,,0
O12806,0,,0
O12815,0,,0
O12813,0,,0
O12822,0,,0
O12820,0,,0
O12812,0,,0
O12817,0,,0
O12816,0,,0
O12821,1,Changed mind,3
O12819,0,,0
O12818,0,,0
O12814,0,,0
O12823,0,,0
O12825,0,,0
O12824,1,Damaged product,12
O12830,0,,0
O12833,0,,0
O12828,1,Size issue,3
O12837,0,,0
O12838,0,,0
O12829,0,,0
O12834,0,,0
O12827,1,Product mismatch,8
O12839,0,,0
O12836,0,,0
O12841,0,,0
O12831,0,,0
O12840,1,Changed mind,14
O12835,0,,0
O12832,0,,0
O12826,0,,0
O12847,0,,0
O12846,0,,0
O12844,0,,0
O12851,0,,0
O12850,1,Product mismatch,7
O12853,0,,0
O12845,0,,0
O12842,0,,0
O12848,0,,0
O12849,0,,0
O12843,0,,0
O12852,0,,0
O12860,0,,0
O12855,0,,0
O12859,0,,0
O12858,0,,0
O12856,0,,0
O12857,1,Changed mind,9
O12854,0,,0
O12861,0,,0
O12863,0,,0
O12865,0,,0
O12862,0,,0
O12866,0,,0
O12864,0,,0
O12872,0,,0
O12870,0,,0
O12871,0,,0
O12873,0,,0
O12868,0,,0
O12867,0,,0
O12869,0,,0
O12874,0,,0
O12884,0,,0
O12878,0,,0
O12880,0,,0
O12885,0,,0
O12875,0,,0
O12881,0,,0
O12879,0,,0
O12876,0,,0
O12882,1,Product mismatch,3
O12883,0,,0
O12877,0,,0
O12888,1,Damaged product,7
O12894,0,,0
O12886,1,Product mismatch,8
O12889,0,,0
O12892,0,,0
O12891,0,,0
O12893,0,,0
O12890,0,,0
O12887,0,,0
O12901,0,,0
O12897,1,Changed mind,11
O12899,0,,0
O12898,0,,0
O12902,0,,0
O12896,0,,0
O12895,0,,0
O12903,0,,0
O12900,0,,0
O12904,0,,0
O12905,0,,0
O12907,0,,0
O12912,0,,0
O12911,1,Size issue,12
O12914,0,,0
O12909,1,Changed mind,3
O12913,0,,0
O12908,0,,0
O12906,0,,0
O12910,1,Damaged product,9
O12929,0,,0
O12926,0,,0
O12915,0,,0
O12924,0,,0
O12920,0,,0
O12923,0,,0
O12925,0,,0
O12928,0,,0
O12919,0,,0
O12916,0,,0
O12927,0,,0
O12921,0,,0
O12918,0,,0
O12922,0,,0
O12930,0,,0
O12917,1,Product mismatch,9
O12932,0,,0
O12931,0,,0
O12933,0,,0
O12936,1,Product mismatch,8
O12937,0,,0
O12934,0,,0
O12935,0,,0
O12938,0,,0
O12939,0,,0
O12941,0,,0
O12942,1,Size issue,8
O12940,0,,0
O12943,0,,0
O12951,0,,0
O12952,0,,0
O12944,1,Changed mind,7
O12947,0,,0
O12945,0,,0
O12950,0,,0
O12948,1,Size issue,4
O12949,0,,0
O12946,0,,0
O12955,0,,0
O12958,0,,0
O12960,0,,0
O12953,0,,0
O12961,0,,0
O12959,0,,0
O12956,0,,0
O12957,0,,0
O12954,0,,0
O12962,0,,0
O12964,0,,0
O12969,0,,0
O12968,0,,0
O12972,0,,0
O12963,0,,0
O12965,0,,0
O12973,1,Size issue,5
O12967,0,,0
O12976,0,,0
O12966,0,,0
O12975,1,Product mismatch,7
O12970,0,,0
O12971,0,,0
O12974,0,,0
O12983,0,,0
O12982,0,,0
O12980,0,,0
O12981,0,,0
O12977,0,,0
O12979,0,,0
O12978,0,,0
O12987,0,,0
O12993,0,,0
O12991,0,,0
O12985,0,,0
O12986,0,,0
O12988,0,,0
O12990,0,,0
O12989,0,,0
O12984,0,,0
O12992,0,,0
O12994,0,,0
O13005,0,,0
O13006,0,,0
O12999,0,,0
O12996,0,,0
O13008,0,,0
O13007,0,,0
O12998,0,,0
O13001,0,,0
O12995,0,,0
O13000,0,,0
O12997,0,,0
O13003,0,,0
O13002,0,,0
O13004,0,,0
O13012,0,,0
O13013,0,,0
O13009,0,,0
O13014,0,,0
O13011,0,,0
O13010,1,Changed mind,10
O13015,0,,0
O13025,0,,0
O13022,0,,0
O13023,0,,0
O13019,0,,0
O13026,0,,0
O13018,0,,0
O13017,0,,0
O13024,0,,0
O13020,0,,0
O13021,0,,0
O13016,0,,0
O13035,0,,0
O13031,1,Changed mind,11
O13030,0,,0
O13032,0,,0
O13027,1,Damaged product,11
O13028,0,,0
O13029,0,,0
O13034,0,,0
O13033,0,,0
O13043,0,,0
O13042,0,,0
O13038,0,,0
O13040,0,,0
O13036,0,,0
O13041,0,,0
O13039,0,,0
O13037,0,,0
O13048,0,,0
O13049,0,,0
O13053,0,,0
O13055,0,,0
O13051,0,,0
O13052,0,,0
O13050,0,,0
O13045,0,,0
O13054,0,,0
O13044,0,,0
O13046,0,,0
O13047,0,,0
O13061,1,Product mismatch,2
O13057,0,,0
O13058,0,,0
O13056,0,,0
O13066,1,Product mismatch,7
O13060,1,Size issue,9
O13063,0,,0
O13065,0,,0
O13064,0,,0
O13062,0,,0
O13059,0,,0
O13072,0,,0
O13068,0,,0
O13067,0,,0
O13074,1,Changed mind,6
O13076,0,,0
O13070,0,,0
O13075,0,,0
O13073,0,,0
O13069,1,Product mismatch,2
O13071,0,,0
O13077,0,,0
O13078,0,,0
O13083,0,,0
O13085,0,,0
O13084,0,,0
O13087,0,,0
O13079,0,,0
O13081,1,Size issue,6
O13086,0,,0
O13088,0,,0
O13082,0,,0
O13080,0,,0
O13095,0,,0
O13092,0,,0
O13089,0,,0
O13091,0,,0
O13094,1,Product mismatch,7
O13090,0,,0
O13097,0,,0
O13093,1,Changed mind,9
O13096,1,Product mismatch,4
O13098,0,,0
O13102,0,,0
O13104,0,,0
O13101,0,,0
O13100,0,,0
O13099,0,,0
O13103,0,,0
O13113,0,,0
O13112,0,,0
O13107,0,,0
O13111,0,,0
O13110,0,,0
O13117,0,,0
O13114,0,,0
O13108,0,,0
O13105,0,,0
O13115,0,,0
O13116,1,Product mismatch,13
O13109,1,Changed mind,12
O13106,0,,0
O13121,0,,0
O13123,0,,0
O13119,0,,0
O13125,0,,0
O13120,0,,0
O13122,0,,0
O13124,0,,0
O13118,0,,0
O13130,0,,0
O13127,0,,0
O13126,0,,0
O13128,0,,0
O13129,1,Product mismatch,12
O13131,0,,0
O13133,0,,0
O13132,0,,0
O13135,0,,0
O13136,0,,0
O13143,0,,0
O13138,0,,0
O13141,0,,0
O13139,0,,0
O13140,0,,0
O13134,0,,0
O13137,0,,0
O13142,0,,0
O13148,0,,0
O13152,0,,0
O13149,0,,0
O13147,0,,0
O13144,0,,0
O13146,0,,0
O13151,0,,0
O13145,0,,0
O13150,0,,0
O13153,0,,0
O13159,0,,0
O13155,0,,0
O13156,0,,0
O13160,0,,0
O13154,0,,0
O13157,0,,0
O13158,0,,0
O13168,0,,0
O13165,0,,0
O13161,0,,0
O13171,0,,0
O13162,0,,0
O13172,0,,0
O13166,0,,0
O13163,0,,0
O13169,0,,0
O13164,0,,0
O13167,0,,0
O13170,0,,0
O13177,0,,0
O13180,1,Size issue,12
O13190,0,,0
O13186,0,,0
O13175,0,,0
O13179,0,,0
O13182,0,,0
O13187,0,,0
O13191,0,,0
O13185,0,,0
O13174,0,,0
O13188,1,Size issue,11
O13183,0,,0
O13181,0,,0
O13178,1,Changed mind,5
O13184,0,,0
O13176,0,,0
O13173,0,,0
O13189,0,,0
O13194,0,,0
O13195,0,,0
O13192,0,,0
O13196,0,,0
O13198,0,,0
O13193,1,Changed mind,4
O13197,0,,0
O13206,1,Product mismatch,10
O13208,0,,0
O13205,0,,0
O13199,1,Product mismatch,5
O13203,0,,0
O13207,0,,0
O13201,0,,0
O13200,0,,0
O13204,0,,0
O13202,0,,0
O13215,0,,0
O13218,0,,0
O13217,0,,0
O13222,0,,0
O13220,0,,0
O13219,0,,0
O13210,1,Product mismatch,10
O13209,0,,0
O13213,0,,0
O13214,0,,0
O13216,0,,0
O13211,0,,0
O13212,0,,0
O13221,0,,0
O13231,0,,0
O13232,0,,0
O13229,0,,0
O13225,0,,0
O13226,0,,0
O13227,0,,0
O13230,0,,0
O13224,0,,0
O13223,0,,0
O13233,0,,0
O13228,0,,0
O13241,1,Size issue,11
O13237,1,Changed mind,12
O13235,0,,0
O13240,0,,0
O13238,0,,0
O13234,0,,0
O13239,0,,0
O13236,0,,0
O13242,1,Size issue,2
O13245,0,,0
O13252,0,,0
O13250,0,,0
O13249,0,,0
O13248,0,,0
O13247,0,,0
O13243,0,,0
O13246,0,,0
O13253,0,,0
O13244,1,Changed mind,9
O13251,0,,0
O13261,0,,0
O13260,0,,0
O13258,1,Product mismatch,11
O13255,0,,0
O13256,0,,0
O13254,0,,0
O13259,0,,0
O13257,0,,0
O13264,0,,0
O13265,0,,0
O13268,0,,0
O13262,0,,0
O13266,0,,0
O13267,0,,0
O13263,1,Size issue,10
O13281,0,,0
O13275,0,,0
O13269,0,,0
O13276,0,,0
O13271,0,,0
O13274,1,Product mismatch,4
O13278,0,,0
O13280,0,,0
O13270,0,,0
O13272,0,,0
O13279,0,,0
O13273,0,,0
O13277,0,,0
O13289,0,,0
O13285,0,,0
O13288,0,,0
O13291,0,,0
O13283,0,,0
O13292,0,,0
O13287,1,Product mismatch,3
O13286,0,,0
O13284,0,,0
O13282,0,,0
O13290,1,Size issue,14
O13295,0,,0
O13294,0,,0
O13299,0,,0
O13300,0,,0
O13296,0,,0
O13297,0,,0
O13293,0,,0
O13298,0,,0
O13310,0,,0
O13309,0,,0
O13308,0,,0
O13311,0,,0
O13302,0,,0
O13303,0,,0
O13306,0,,0
O13304,0,,0
O13305,0,,0
O13301,1,Product mismatch,8
O13307,0,,0
O13312,0,,0
O13315,0,,0
O13320,1,Changed mind,4
O13316,0,,0
O13317,0,,0
O13321,0,,0
O13322,0,,0
O13323,0,,0
O13313,0,,0
O13319,0,,0
O13314,0,,0
O13318,0,,0
O13334,0,,0
O13333,1,Product mismatch,8
O13331,0,,0
O13325,0,,0
O13326,0,,0
O13324,0,,0
O13329,0,,0
O13327,0,,0
O13335,0,,0
O13328,0,,0
O13330,0,,0
O13332,0,,0
O13338,0,,0
O13342,0,,0
O13343,0,,0
O13340,0,,0
O13339,0,,0
O13341,0,,0
O13337,0,,0
O13336,1,Changed mind,12
O13346,0,,0
O13352,0,,0
O13350,0,,0
O13349,0,,0
O13351,0,,0
O13348,0,,0
O13344,0,,0
O13347,0,,0
O13345,0,,0
O13355,0,,0
O13353,0,,0
O13356,0,,0
O13361,0,,0
O13362,0,,0
O13357,0,,0
O13354,0,,0
O13359,0,,0
O13358,0,,0
O13360,0,,0
O13370,0,,0
O13371,0,,0
O13369,1,Product mismatch,10
O13363,0,,0
O13372,0,,0
O13368,0,,0
O13374,0,,0
O13373,0,,0
O13364,0,,0
O13367,0,,0
O13366,1,Changed mind,11
O13365,0,,0
O13382,0,,0
O13381,1,Product mismatch,11
O13380,0,,0
O13384,0,,0
O13383,0,,0
O13385,1,Changed mind,9
O13375,0,,0
O13386,0,,0
O13387,0,,0
O13377,1,Product mismatch,9
O13376,0,,0
O13378,0,,0
O13379,0,,0
O13395,0,,0
O13394,0,,0
O13391,0,,0
O13388,0,,0
O13393,0,,0
O13397,1,Damaged product,12
O13389,1,Product mismatch,9
O13392,0,,0
O13396,0,,0
O13390,0,,0
O13400,0,,0
O13398,0,,0
O13401,0,,0
O13402,0,,0
O13399,0,,0
O13403,0,,0
O13416,1,Changed mind,11
O13414,0,,0
O13408,0,,0
O13409,0,,0
O13413,0,,0
O13415,0,,0
O13404,0,,0
O13407,1,Changed mind,9
O13412,0,,0
O13406,0,,0
O13405,0,,0
O13410,0,,0
O13411,0,,0
O13421,1,Damaged product,8
O13419,0,,0
O13422,0,,0
O13420,1,Changed mind,2
O13417,0,,0
O13418,0,,0
O13423,1,Size issue,6
O13426,0,,0
O13434,1,Size issue,9
O13430,0,,0
O13435,0,,0
O13424,0,,0
O13428,0,,0
O13431,0,,0
O13432,0,,0
O13427,1,Product mismatch,7
O13429,0,,0
O13433,0,,0
O13425,0,,0
O13437,0,,0
O13448,0,,0
O13447,0,,0
O13436,0,,0
O13441,0,,0
O13438,0,,0
O13443,0,,0
O13446,0,,0
O13449,0,,0
O13442,0,,0
O13445,0,,0
O13440,0,,0
O13439,0,,0
O13444,0,,0
O13455,0,,0
O13458,0,,0
O13451,0,,0
O13459,0,,0
O13453,0,,0
O13457,0,,0
O13450,0,,0
O13454,0,,0
O13452,0,,0
O13456,0,,0
O13462,1,Changed mind,10
O13464,0,,0
O13461,0,,0
O13468,0,,0
O13463,0,,0
O13460,0,,0
O13467,0,,0
O13465,0,,0
O13466,1,Product mismatch,2
O13469,0,,0
O13471,0,,0
O13470,0,,0
O13480,1,Changed mind,10
O13479,0,,0
O13477,0,,0
O13478,0,,0
O13473,0,,0
O13472,0,,0
O13475,0,,0
O13474,0,,0
O13476,1,Changed mind,8
O13489,0,,0
O13482,0,,0
O13485,0,,0
O13488,0,,0
O13486,0,,0
O13487,0,,0
O13483,0,,0
O13481,0,,0
O13484,0,,0
O13491,0,,0
O13494,0,,0
O13492,0,,0
O13490,0,,0
O13493,0,,0
O13495,0,,0
O13496,0,,0
O13499,0,,0
O13497,0,,0
O13501,0,,0
O13498,0,,0
O13500,0,,0
O13504,0,,0
O13507,1,Changed mind,2
O13503,0,,0
O13505,0,,0
O13508,0,,0
O13502,0,,0
O13506,0,,0
O13514,1,Damaged product,13
O13517,1,Changed mind,7
O13522,0,,0
O13510,0,,0
O13518,0,,0
O13511,0,,0
O13515,0,,0
O13521,0,,0
O13516,0,,0
O13512,0,,0
O13513,0,,0
O13519,0,,0
O13520,0,,0
O13509,1,Damaged product,14
O13527,1,Changed mind,6
O13525,0,,0
O13531,1,Damaged product,11
O13529,0,,0
O13528,0,,0
O13530,0,,0
O13526,0,,0
O13524,0,,0
O13523,0,,0
O13536,1,Changed mind,8
O13534,0,,0
O13538,0,,0
O13539,0,,0
O13537,0,,0
O13533,0,,0
O13532,0,,0
O13535,0,,0
O13545,0,,0
O13542,0,,0
O13540,0,,0
O13544,0,,0
O13543,1,Size issue,6
O13541,1,Damaged product,14
O13553,0,,0
O13550,1,Product mismatch,11
O13546,0,,0
O13554,0,,0
O13551,0,,0
O13548,0,,0
O13547,0,,0
O13552,0,,0
O13549,1,Product mismatch,7
O13569,0,,0
O13564,0,,0
O13565,0,,0
O13555,0,,0
O13567,0,,0
O13556,1,Size issue,6
O13561,0,,0
O13562,0,,0
O13558,0,,0
O13568,0,,0
O13560,1,Size issue,7
O13559,0,,0
O13557,0,,0
O13563,0,,0
O13566,0,,0
O13580,0,,0
O13586,0,,0
O13575,0,,0
O13582,1,Product mismatch,5
O13574,0,,0
O13579,1,Product mismatch,9
O13576,0,,0
O13585,0,,0
O13588,0,,0
O13572,0,,0
O13578,0,,0
O13587,1,Size issue,7
O13584,0,,0
O13571,0,,0
O13581,0,,0
O13583,0,,0
O13577,0,,0
O13573,0,,0
O13570,0,,0
O13590,1,Damaged product,13
O13592,1,Changed mind,12
O13598,0,,0
O13599,0,,0
O13593,0,,0
O13597,1,Product mismatch,7
O13589,0,,0
O13591,0,,0
O13594,0,,0
O13595,0,,0
O13596,0,,0
O13604,0,,0
O13608,1,Changed mind,8
O13612,0,,0
O13607,0,,0
O13606,0,,0
O13616,0,,0
O13605,0,,0
O13617,0,,0
O13601,0,,0
O13614,0,,0
O13611,0,,0
O13600,0,,0
O13609,0,,0
O13615,0,,0
O13610,0,,0
O13603,0,,0
O13602,0,,0
O13613,0,,0
O13620,0,,0
O13626,0,,0
O13629,0,,0
O13625,0,,0
O13623,0,,0
O13624,0,,0
O13618,0,,0
O13619,0,,0
O13622,0,,0
O13621,0,,0
O13630,0,,0
O13628,0,,0
O13627,0,,0
O13636,0,,0
O13638,0,,0
O13634,1,Changed mind,14
O13635,0,,0
O13640,0,,0
O13632,1,Changed mind,10
O13631,0,,0
O13637,0,,0
O13639,0,,0
O13633,0,,0
O13651,0,,0
O13646,0,,0
O13643,0,,0
O13641,0,,0
O13654,0,,0
O13645,0,,0
O13650,0,,0
O13648,1,Changed mind,13
O13642,0,,0
O13653,1,Size issue,7
O13647,0,,0
O13652,0,,0
O13644,0,,0
O13649,0,,0
O13665,0,,0
O13659,0,,0
O13661,0,,0
O13662,0,,0
O13655,0,,0
O13656,1,Size issue,13
O13660,0,,0
O13663,0,,0
O13664,0,,0
O13658,0,,0
O13657,0,,0
O13676,0,,0
O13678,0,,0
O13672,0,,0
O13671,0,,0
O13675,0,,0
O13669,0,,0
O13677,0,,0
O13666,0,,0
O13674,0,,0
O13667,0,,0
O13673,0,,0
O13668,0,,0
O13670,0,,0
O13680,0,,0
O13681,1,Product mismatch,6
O13679,0,,0
O13683,0,,0
O13684,0,,0
O13682,0,,0
O13693,0,,0
O13690,1,Changed mind,7
O13692,0,,0
O13695,0,,0
O13685,0,,0
O13691,0,,0
O13688,0,,0
O13689,0,,0
O13687,0,,0
O13696,1,Product mismatch,12
O13694,0,,0
O13686,0,,0
O13697,0,,0
O13701,0,,0
O13703,0,,0
O13704,0,,0
O13698,0,,0
O13700,0,,0
O13707,0,,0
O13702,0,,0
O13706,0,,0
O13699,0,,0
O13705,0,,0
O13716,0,,0
O13715,0,,0
O13722,0,,0
O13719,0,,0
O13720,0,,0
O13708,0,,0
O13711,0,,0
O13713,0,,0
O13717,0,,0
O13721,0,,0
O13718,0,,0
O13714,0,,0
O13712,0,,0
O13709,0,,0
O13710,0,,0
O13725,0,,0
O13732,0,,0
O13727,1,Product mismatch,7
O13728,0,,0
O13731,1,Changed mind,8
O13730,1,Changed mind,9
O13723,0,,0
O13726,0,,0
O13729,0,,0
O13724,0,,0
O13743,0,,0
O13741,0,,0
O13742,1,Product mismatch,5
O13740,0,,0
O13737,0,,0
O13735,0,,0
O13738,0,,0
O13734,0,,0
O13744,0,,0
O13736,1,Changed mind,4
O13739,1,Changed mind,4
O13733,0,,0
O13749,0,,0
O13745,0,,0
O13754,0,,0
O13756,0,,0
O13750,1,Damaged product,5
O13752,0,,0
O13753,0,,0
O13747,0,,0
O13755,0,,0
O13746,0,,0
O13751,0,,0
O13748,0,,0
O13757,0,,0
O13760,0,,0
O13758,0,,0
O13762,0,,0
O13759,0,,0
O13761,0,,0
O13770,1,Changed mind,10
O13767,0,,0
O13764,0,,0
O13763,0,,0
O13765,0,,0
O13769,0,,0
O13768,0,,0
O13766,0,,0
O13782,0,,0
O13784,0,,0
O13777,0,,0
O13772,0,,0
O13771,0,,0
O13775,0,,0
O13779,0,,0
O13781,0,,0
O13776,0,,0
O13774,0,,0
O13778,0,,0
O13780,0,,0
O13783,0,,0
O13773,0,,0
O13790,1,Changed mind,5
O13793,0,,0
O13791,0,,0
O13787,0,,0
O13792,0,,0
O13794,0,,0
O13788,0,,0
O13789,0,,0
O13785,0,,0
O13786,0,,0
O13799,1,Changed mind,10
O13802,0,,0
O13797,1,Damaged product,7
O13800,0,,0
O13795,0,,0
O13796,0,,0
O13798,1,Damaged product,3
O13801,1,Product mismatch,11
O13803,0,,0
O13807,0,,0
O13804,0,,0
O13806,1,Size issue,5
O13805,0,,0
O13808,0,,0
O13809,1,Changed mind,7
O13817,0,,0
O13812,0,,0
O13814,0,,0
O13816,1,Changed mind,12
O13815,0,,0
O13811,0,,0
O13813,0,,0
O13810,0,,0
O13819,1,Size issue,2
O13820,0,,0
O13825,0,,0
O13823,0,,0
O13826,0,,0
O13818,0,,0
O13821,0,,0
O13824,1,Size issue,10
O13822,0,,0
O13830,0,,0
O13829,0,,0
O13834,0,,0
O13832,0,,0
O13827,0,,0
O13828,0,,0
O13831,0,,0
O13833,0,,0
O13835,0,,0
O13837,0,,0
O13845,0,,0
O13842,1,Product mismatch,12
O13836,1,Size issue,12
O13843,0,,0
O13839,0,,0
O13844,0,,0
O13838,0,,0
O13841,0,,0
O13840,0,,0
O13854,0,,0
O13856,0,,0
O13853,0,,0
O13846,0,,0
O13847,0,,0
O13851,0,,0
O13848,0,,0
O13849,0,,0
O13850,1,Product mismatch,13
O13855,1,Size issue,13
O13852,0,,0
O13858,0,,0
O13857,0,,0
O13862,0,,0
O13860,0,,0
O13863,0,,0
O13859,0,,0
O13861,0,,0
O13864,0,,0
O13867,0,,0
O13865,0,,0
O13868,0,,0
O13866,0,,0
O13870,1,Size issue,14
O13872,0,,0
O13871,0,,0
O13869,0,,0
O13876,0,,0
O13878,0,,0
O13875,0,,0
O13874,0,,0
O13877,0,,0
O13879,1,Damaged product,4
O13873,0,,0
O13880,1,Damaged product,6
O13892,1,Product mismatch,13
O13884,0,,0
O13882,0,,0
O13886,0,,0
O13893,0,,0
O13887,1,Size issue,10
O13889,0,,0
O13885,1,Changed mind,6
O13888,0,,0
O13891,0,,0
O13881,0,,0
O13890,0,,0
O13883,0,,0
O13898,0,,0
O13896,0,,0
O13901,1,Size issue,13
O13897,0,,0
O13900,0,,0
O13895,0,,0
O13902,0,,0
O13903,0,,0
O13899,0,,0
O13894,1,Product mismatch,14
O13908,1,Changed mind,11
O13905,0,,0
O13910,0,,0
O13904,0,,0
O13909,0,,0
O13906,0,,0
O13907,0,,0
O13923,0,,0
O13911,0,,0
O13919,0,,0
O13912,0,,0
O13916,0,,0
O13922,0,,0
O13914,0,,0
O13917,0,,0
O13921,1,Product mismatch,13
O13913,0,,0
O13920,1,Changed mind,9
O13915,0,,0
O13918,0,,0
O13929,0,,0
O13937,0,,0
O13926,0,,0
O13928,0,,0
O13927,0,,0
O13924,0,,0
O13935,0,,0
O13931,0,,0
O13925,0,,0
O13939,0,,0
O13932,0,,0
O13933,0,,0
O13930,0,,0
O13936,0,,0
O13941,0,,0
O13940,0,,0
O13934,0,,0
O13942,0,,0
O13938,1,Product mismatch,13
O13953,0,,0
O13952,0,,0
O13945,0,,0
O13950,0,,0
O13944,0,,0
O13951,0,,0
O13949,0,,0
O13954,0,,0
O13943,0,,0
O13946,0,,0
O13948,0,,0
O13947,0,,0
O13955,1,Changed mind,7
O13959,1,Product mismatch,3
O13958,1,Changed mind,10
O13961,0,,0
O13956,0,,0
O13957,0,,0
O13960,0,,0
O13968,0,,0
O13963,0,,0
O13966,0,,0
O13965,0,,0
O13962,0,,0
O13967,0,,0
O13969,0,,0
O13964,1,Damaged product,3
O13974,0,,0
O13979,0,,0
O13982,0,,0
O13978,0,,0
O13971,0,,0
O13980,0,,0
O13977,0,,0
O13970,0,,0
O13981,0,,0
O13976,0,,0
O13972,0,,0
O13975,0,,0
O13973,0,,0
O13991,0,,0
O13990,0,,0
O13989,0,,0
O13986,1,Changed mind,5
O13996,0,,0
O13985,0,,0
O13988,0,,0
O13987,0,,0
O13992,0,,0
O13994,0,,0
O13993,1,Product mismatch,2
O13983,0,,0
O13995,0,,0
O13984,0,,0
O14002,1,Product mismatch,3
O14004,0,,0
O14005,0,,0
O14006,1,Size issue,3
O14001,0,,0
O13999,0,,0
O13997,1,Product mismatch,14
O13998,0,,0
O14003,0,,0
O14000,0,,0
O14007,0,,0
O14013,0,,0
O14014,0,,0
O14010,0,,0
O14016,0,,0
O14015,0,,0
O14008,0,,0
O14009,0,,0
O14011,0,,0
O14012,0,,0
O14017,1,Product mismatch,8
O14022,0,,0
O14027,0,,0
O14024,0,,0
O14025,0,,0
O14021,0,,0
O14023,0,,0
O14026,0,,0
O14018,1,Changed mind,2
O14020,0,,0
O14019,0,,0
O14028,0,,0
O14036,0,,0
O14035,0,,0
O14038,0,,0
O14031,0,,0
O14041,0,,0
O14043,0,,0
O14039,0,,0
O14040,0,,0
O14037,0,,0
O14034,0,,0
O14033,0,,0
O14042,0,,0
O14030,0,,0
O14032,0,,0
O14029,1,Product mismatch,5
O14055,0,,0
O14045,0,,0
O14053,0,,0
O14051,0,,0
O14056,0,,0
O14054,0,,0
O14052,0,,0
O14048,0,,0
O14047,0,,0
O14046,0,,0
O14044,0,,0
O14049,1,Changed mind,8
O14050,1,Product mismatch,3
O14057,0,,0
O14065,0,,0
O14063,0,,0
O14062,0,,0
O14058,0,,0
O14060,0,,0
O14059,0,,0
O14061,0,,0
O14064,0,,0
O14072,0,,0
O14080,0,,0
O14076,0,,0
O14073,0,,0
O14069,0,,0
O14075,0,,0
O14077,0,,0
O14070,0,,0
O14079,0,,0
O14071,0,,0
O14068,0,,0
O14078,0,,0
O14067,0,,0
O14066,0,,0
O14074,0,,0
O14085,0,,0
O14088,0,,0
O14090,0,,0
O14086,0,,0
O14087,0,,0
O14081,0,,0
O14082,0,,0
O14083,0,,0
O14089,1,Product mismatch,10
O14084,0,,0
O14101,0,,0
O14099,0,,0
O14102,0,,0
O14094,0,,0
O14097,0,,0
O14100,0,,0
O14092,0,,0
O14095,0,,0
O14096,0,,0
O14091,0,,0
O14093,1,Changed mind,9
O14098,0,,0
O14110,0,,0
O14106,0,,0
O14108,0,,0
O14107,0,,0
O14104,0,,0
O14103,0,,0
O14109,0,,0
O14105,0,,0
O14116,0,,0
O14111,0,,0
O14115,0,,0
O14112,1,Size issue,8
O14114,0,,0
O14113,0,,0
O14117,0,,0
O14118,0,,0
O14125,1,Damaged product,2
O14126,0,,0
O14123,0,,0
O14130,1,Changed mind,6
O14119,0,,0
O14129,0,,0
O14120,0,,0
O14124,0,,0
O14122,0,,0
O14127,0,,0
O14121,0,,0
O14128,1,Product mismatch,3
O14142,0,,0
O14145,0,,0
O14139,0,,0
O14141,0,,0
O14134,0,,0
O14135,0,,0
O14143,0,,0
O14138,0,,0
O14137,0,,0
O14144,0,,0
O14146,0,,0
O14132,0,,0
O14133,0,,0
O14136,0,,0
O14131,0,,0
O14140,0,,0
O14159,0,,0
O14156,0,,0
O14152,1,Damaged product,13
O14147,0,,0
O14148,1,Changed mind,4
O14150,0,,0
O14155,0,,0
O14154,0,,0
O14149,0,,0
O14158,0,,0
O14153,0,,0
O14157,0,,0
O14151,0,,0
O14167,0,,0
O14170,0,,0
O14163,0,,0
O14160,0,,0
O14166,0,,0
O14169,0,,0
O14162,0,,0
O14165,0,,0
O14168,1,Changed mind,13
O14164,1,Product mismatch,7
O14161,0,,0
O14173,0,,0
O14174,0,,0
O14175,1,Product mismatch,12
O14177,0,,0
O14171,0,,0
O14176,0,,0
O14179,1,Changed mind,2
O14178,0,,0
O14172,0,,0
O14192,0,,0
O14180,1,Changed mind,11
O14191,0,,0
O14183,0,,0
O14186,0,,0
O14181,0,,0
O14187,0,,0
O14189,0,,0
O14190,0,,0
O14184,0,,0
O14182,0,,0
O14188,0,,0
O14185,0,,0
O14193,0,,0
O14200,0,,0
O14194,1,Product mismatch,13
O14197,0,,0
O14199,0,,0
O14195,0,,0
O14198,0,,0
O14196,1,Product mismatch,12
O14202,0,,0
O14201,1,Product mismatch,10
O14205,0,,0
O14206,0,,0
O14204,0,,0
O14203,0,,0
O14207,1,Changed mind,4
O14211,0,,0
O14210,0,,0
O14215,1,Product mismatch,3
O14208,0,,0
O14212,1,Size issue,14
O14209,0,,0
O14214,0,,0
O14213,0,,0
O14219,0,,0
O14221,0,,0
O14220,0,,0
O14217,0,,0
O14216,0,,0
O14223,0,,0
O14218,0,,0
O14222,0,,0
O14230,1,Product mismatch,8
O14227,1,Product mismatch,11
O14224,0,,0
O14226,1,Size issue,5
O14225,0,,0
O14229,1,Size issue,7
O14228,1,Damaged product,10
O14236,0,,0
O14231,0,,0
O14238,0,,0
O14234,0,,0
O14233,0,,0
O14235,0,,0
O14232,0,,0
O14237,0,,0
O14243,0,,0
O14246,0,,0
O14241,0,,0
O14242,0,,0
O14239,0,,0
O14245,0,,0
O14240,0,,0
O14244,0,,0
O14248,0,,0
O14253,0,,0
O14247,0,,0
O14255,0,,0
O14254,0,,0
O14249,0,,0
O14250,0,,0
O14252,0,,0
O14251,0,,0
O14259,0,,0
O14261,0,,0
O14258,0,,0
O14260,0,,0
O14264,0,,0
O14263,0,,0
O14262,0,,0
O14257,0,,0
O14256,0,,0
O14274,0,,0
O14276,1,Changed mind,6
O14269,0,,0
O14268,0,,0
O14270,0,,0
O14271,0,,0
O14267,0,,0
O14266,1,Product mismatch,13
O14275,0,,0
O14273,0,,0
O14265,0,,0
O14272,0,,0
O14277,0,,0
O14281,0,,0
O14285,0,,0
O14278,0,,0
O14287,0,,0
O14283,0,,0
O14280,1,Product mismatch,3
O14284,0,,0
O14286,0,,0
O14288,0,,0
O14282,0,,0
O14279,0,,0
O14296,0,,0
O14292,0,,0
O14297,1,Changed mind,14
O14293,0,,0
O14298,0,,0
O14289,0,,0
O14300,0,,0
O14295,0,,0
O14299,0,,0
O14290,0,,0
O14302,0,,0
O14294,0,,0
O14291,0,,0
O14301,0,,0
O14308,0,,0
O14304,1,Product mismatch,7
O14305,0,,0
O14307,0,,0
O14303,0,,0
O14306,1,Product mismatch,9
O14315,0,,0
O14313,0,,0
O14312,0,,0
O14314,0,,0
O14309,0,,0
O14319,0,,0
O14318,0,,0
O14311,0,,0
O14317,0,,0
O14316,0,,0
O14310,0,,0
O14320,0,,0
O14326,0,,0
O14325,0,,0
O14327,1,Product mismatch,2
O14324,1,Product mismatch,8
O14323,0,,0
O14322,0,,0
O14328,0,,0
O14321,0,,0
O14333,0,,0
O14330,1,Changed mind,3
O14329,0,,0
O14335,0,,0
O14332,0,,0
O14334,0,,0
O14331,0,,0
O14339,0,,0
O14343,0,,0
O14338,0,,0
O14340,0,,0
O14346,0,,0
O14337,0,,0
O14336,0,,0
O14345,0,,0
O14342,0,,0
O14341,0,,0
O14344,0,,0
O14361,0,,0
O14349,1,Size issue,13
O14359,0,,0
O14356,0,,0
O14360,0,,0
O14352,0,,0
O14354,0,,0
O14351,1,Damaged product,6
O14348,0,,0
O14358,0,,0
O14357,0,,0
O14350,0,,0
O14347,0,,0
O14355,0,,0
O14353,0,,0
O14366,0,,0
O14368,0,,0
O14363,0,,0
O14362,0,,0
O14364,0,,0
O14367,0,,0
O14365,0,,0
O14374,1,Changed mind,2
O14370,0,,0
O14369,0,,0
O14373,0,,0
O14371,0,,0
O14375,0,,0
O14372,1,Product mismatch,12
O14383,0,,0
O14385,0,,0
O14381,0,,0
O14382,0,,0
O14386,0,,0
O14377,0,,0
O14380,0,,0
O14376,0,,0
O14378,0,,0
O14384,0,,0
O14379,0,,0
O14387,0,,0
O14389,0,,0
O14388,0,,0
O14390,0,,0
O14391,0,,0
O14392,0,,0
O14393,0,,0
O14394,1,Product mismatch,10
O14399,0,,0
O14403,0,,0
O14405,0,,0
O14408,0,,0
O14402,0,,0
O14407,0,,0
O14401,0,,0
O14398,0,,0
O14404,1,Changed mind,9
O14395,0,,0
O14400,0,,0
O14396,0,,0
O14397,0,,0
O14406,0,,0
O14409,0,,0
O14411,0,,0
O14412,0,,0
O14414,0,,0
O14413,0,,0
O14416,0,,0
O14417,0,,0
O14410,0,,0
O14415,0,,0
O14419,0,,0
O14428,0,,0
O14427,0,,0
O14422,1,Changed mind,4
O14424,0,,0
O14425,0,,0
O14420,1,Changed mind,10
O14421,0,,0
O14423,0,,0
O14429,0,,0
O14418,0,,0
O14426,0,,0
O14430,0,,0
O14433,0,,0
O14439,0,,0
O14438,0,,0
O14432,0,,0
O14436,0,,0
O14431,0,,0
O14434,1,Size issue,2
O14437,0,,0
O14435,0,,0
O14441,0,,0
O14440,0,,0
O14442,0,,0
O14448,0,,0
O14443,0,,0
O14449,0,,0
O14447,0,,0
O14444,0,,0
O14446,0,,0
O14445,0,,0
O14452,0,,0
O14454,1,Changed mind,3
O14450,0,,0
O14453,0,,0
O14456,0,,0
O14457,0,,0
O14455,0,,0
O14451,0,,0
O14464,0,,0
O14465,0,,0
O14458,0,,0
O14466,0,,0
O14462,0,,0
O14459,0,,0
O14460,0,,0
O14463,1,Product mismatch,8
O14461,0,,0
O14476,0,,0
O14470,0,,0
O14469,0,,0
O14477,1,Changed mind,14
O14467,0,,0
O14468,0,,0
O14475,0,,0
O14473,0,,0
O14472,0,,0
O14471,0,,0
O14474,0,,0
O14481,0,,0
O14483,0,,0
O14486,0,,0
O14485,0,,0
O14488,0,,0
O14482,0,,0
O14478,0,,0
O14487,0,,0
O14479,1,Changed mind,13
O14480,0,,0
O14490,0,,0
O14489,0,,0
O14484,0,,0
O14495,0,,0
O14496,0,,0
O14493,0,,0
O14497,0,,0
O14498,0,,0
O14491,0,,0
O14492,0,,0
O14494,0,,0
O14499,0,,0
O14506,0,,0
O14503,0,,0
O14500,0,,0
O14502,0,,0
O14505,1,Changed mind,10
O14508,0,,0
O14507,0,,0
O14504,0,,0
O14501,0,,0
O14509,0,,0
O14513,0,,0
O14517,0,,0
O14514,0,,0
O14510,1,Product mismatch,9
O14516,0,,0
O14511,0,,0
O14519,0,,0
O14512,0,,0
O14515,0,,0
O14518,0,,0
O14525,0,,0
O14522,0,,0
O14520,0,,0
O14527,0,,0
O14524,0,,0
O14528,0,,0
O14523,0,,0
O14521,0,,0
O14526,0,,0
O14541,0,,0
O14540,0,,0
O14535,0,,0
O14534,0,,0
O14539,0,,0
O14537,0,,0
O14530,0,,0
O14532,0,,0
O14529,0,,0
O14533,0,,0
O14536,0,,0
O14538,0,,0
O14531,0,,0
O14557,0,,0
O14552,0,,0
O14556,0,,0
O14545,0,,0
O14548,0,,0
O14544,0,,0
O14555,1,Product mismatch,3
O14547,0,,0
O14542,0,,0
O14549,0,,0
O14543,0,,0
O14554,0,,0
O14553,0,,0
O14551,0,,0
O14550,0,,0
O14546,0,,0
O14569,0,,0
O14571,0,,0
O14568,0,,0
O14567,0,,0
O14563,0,,0
O14561,0,,0
O14564,0,,0
O14562,0,,0
O14566,0,,0
O14565,1,Product mismatch,4
O14558,1,Changed mind,4
O14559,1,Changed mind,11
O14570,0,,0
O14560,0,,0
O14577,0,,0
O14581,0,,0
O14575,0,,0
O14576,0,,0
O14579,0,,0
O14580,0,,0
O14578,0,,0
O14573,0,,0
O14574,1,Size issue,13
O14572,0,,0
O14585,0,,0
O14588,0,,0
O14586,0,,0
O14590,0,,0
O14589,0,,0
O14583,0,,0
O14591,0,,0
O14587,0,,0
O14582,0,,0
O14584,0,,0
O14596,0,,0
O14600,0,,0
O14593,1,Product mismatch,12
O14595,0,,0
O14598,1,Product mismatch,8
O14602,0,,0
O14592,0,,0
O14597,0,,0
O14601,1,Product mismatch,4
O14599,0,,0
O14594,0,,0
O14603,0,,0
O14612,0,,0
O14611,0,,0
O14604,0,,0
O14605,0,,0
O14610,0,,0
O14608,0,,0
O14609,0,,0
O14607,0,,0
O14606,0,,0
O14613,0,,0
O14622,0,,0
O14614,0,,0
O14626,0,,0
O14623,0,,0
O14616,0,,0
O14621,0,,0
O14617,0,,0
O14627,0,,0
O14628,0,,0
O14615,0,,0
O14625,0,,0
O14624,1,Size issue,7
O14620,0,,0
O14618,0,,0
O14619,1,Changed mind,7
O14631,0,,0
O14632,0,,0
O14630,0,,0
O14633,0,,0
O14629,0,,0
O14636,0,,0
O14640,0,,0
O14634,0,,0
O14637,0,,0
O14644,0,,0
O14643,0,,0
O14638,0,,0
O14635,0,,0
O14641,1,Product mismatch,7
O14642,0,,0
O14639,0,,0
O14651,0,,0
O14645,0,,0
O14646,0,,0
O14650,0,,0
O14648,0,,0
O14647,0,,0
O14649,0,,0
O14654,0,,0
O14652,1,Damaged product,10
O14665,0,,0
O14653,0,,0
O14659,0,,0
O14655,0,,0
O14661,0,,0
O14663,0,,0
O14660,0,,0
O14658,0,,0
O14656,0,,0
O14657,1,Product mismatch,6
O14662,0,,0
O14664,0,,0
O14671,0,,0
O14667,0,,0
O14668,0,,0
O14670,0,,0
O14666,0,,0
O14669,0,,0
O14677,0,,0
O14672,0,,0
O14675,0,,0
O14676,0,,0
O14673,0,,0
O14674,0,,0
O14678,1,Product mismatch,2
O14680,0,,0
O14679,0,,0
O14687,1,Size issue,3
O14683,0,,0
O14682,1,Changed mind,6
O14681,0,,0
O14685,0,,0
O14686,0,,0
O14684,0,,0
O14690,0,,0
O14693,0,,0
O14698,0,,0
O14697,1,Product mismatch,14
O14696,0,,0
O14691,0,,0
O14695,0,,0
O14700,0,,0
O14689,0,,0
O14692,0,,0
O14699,0,,0
O14688,0,,0
O14694,1,Size issue,7
O14705,0,,0
O14703,0,,0
O14702,0,,0
O14704,0,,0
O14707,0,,0
O14701,1,Damaged product,2
O14706,0,,0
O14712,0,,0
O14713,0,,0
O14717,0,,0
O14714,0,,0
O14718,0,,0
O14716,0,,0
O14710,0,,0
O14715,0,,0
O14708,0,,0
O14711,0,,0
O14709,0,,0
O14723,0,,0
O14727,1,Product mismatch,5
O14719,0,,0
O14729,0,,0
O14724,0,,0
O14721,0,,0
O14726,0,,0
O14722,0,,0
O14720,0,,0
O14725,0,,0
O14728,0,,0
O14745,0,,0
O14743,0,,0
O14742,0,,0
O14736,0,,0
O14732,0,,0
O14737,0,,0
O14744,0,,0
O14740,1,Changed mind,13
O14741,0,,0
O14746,0,,0
O14733,0,,0
O14731,0,,0
O14735,0,,0
O14739,0,,0
O14738,0,,0
O14734,0,,0
O14730,0,,0
O14747,0,,0
O14749,0,,0
O14751,0,,0
O14748,0,,0
O14750,0,,0
O14754,1,Damaged product,11
O14752,0,,0
O14753,0,,0
O14759,0,,0
O14757,0,,0
O14761,0,,0
O14756,0,,0
O14758,1,Changed mind,2
O14760,0,,0
O14755,0,,0
O14762,0,,0
O14764,0,,0
O14766,0,,0
O14770,0,,0
O14767,0,,0
O14769,0,,0
O14765,0,,0
O14768,0,,0
O14763,0,,0
O14773,0,,0
O14771,0,,0
O14779,0,,0
O14782,0,,0
O14780,0,,0
O14775,0,,0
O14778,1,Changed mind,6
O14781,0,,0
O14783,0,,0
O14774,0,,0
O14776,0,,0
O14772,0,,0
O14777,0,,0
O14784,0,,0
O14792,0,,0
O14785,1,Changed mind,11
O14786,0,,0
O14793,1,Size issue,9
O14794,1,Changed mind,5
O14790,1,Damaged product,13
O14787,0,,0
O14788,1,Product mismatch,3
O14791,0,,0
O14789,0,,0
O14796,0,,0
O14799,0,,0
O14798,0,,0
O14800,0,,0
O14804,0,,0
O14795,0,,0
O14805,0,,0
O14802,0,,0
O14801,0,,0
O14803,0,,0
O14797,0,,0
O14806,0,,0
O14807,0,,0
O14810,0,,0
O14811,1,Changed mind,9
O14809,0,,0
O14808,0,,0
O14818,0,,0
O14812,0,,0
O14813,0,,0
O14814,0,,0
O14815,0,,0
O14817,0,,0
O14816,1,Size issue,11
O14828,0,,0
O14819,0,,0
O14829,0,,0
O14822,1,Size issue,9
O14825,1,Changed mind,12
O14821,0,,0
O14827,0,,0
O14824,0,,0
O14823,0,,0
O14826,0,,0
O14820,0,,0
O14831,0,,0
O14832,0,,0
O14830,1,Size issue,2
O14841,0,,0
O14836,0,,0
O14834,0,,0
O14833,0,,0
O14842,0,,0
O14839,0,,0
O14835,0,,0
O14840,0,,0
O14838,0,,0
O14837,0,,0
O14846,0,,0
O14847,0,,0
O14845,0,,0
O14850,1,Changed mind,4
O14851,0,,0
O14849,0,,0
O14844,1,Changed mind,3
O14843,0,,0
O14848,0,,0
O14858,0,,0
O14860,0,,0
O14852,0,,0
O14856,0,,0
O14854,0,,0
O14859,1,Product mismatch,5
O14857,0,,0
O14853,0,,0
O14855,0,,0
O14869,0,,0
O14872,0,,0
O14861,0,,0
O14865,0,,0
O14867,0,,0
O14870,0,,0
O14868,0,,0
O14862,0,,0
O14864,0,,0
O14863,0,,0
O14866,0,,0
O14871,0,,0
O14879,0,,0
O14880,0,,0
O14881,0,,0
O14873,0,,0
O14874,0,,0
O14882,0,,0
O14878,0,,0
O14877,0,,0
O14876,0,,0
O14875,0,,0
O14883,0,,0
O14884,0,,0
O14885,0,,0
O14892,0,,0
O14898,1,Changed mind,13
O14888,0,,0
O14897,0,,0
O14890,0,,0
O14893,0,,0
O14899,0,,0
O14894,0,,0
O14887,0,,0
O14889,0,,0
O14895,0,,0
O14896,0,,0
O14886,0,,0
O14891,1,Product mismatch,8
O14902,0,,0
O14909,0,,0
O14910,0,,0
O14906,0,,0
O14901,0,,0
O14905,0,,0
O14903,0,,0
O14900,0,,0
O14912,0,,0
O14907,0,,0
O14908,0,,0
O14911,0,,0
O14904,0,,0
O14915,0,,0
O14917,0,,0
O14919,0,,0
O14913,0,,0
O14918,0,,0
O14916,0,,0
O14914,0,,0
O14925,0,,0
O14927,0,,0
O14932,0,,0
O14926,0,,0
O14923,0,,0
O14929,0,,0
O14921,0,,0
O14924,0,,0
O14930,0,,0
O14920,0,,0
O14928,0,,0
O14933,1,Size issue,12
O14922,0,,0
O14931,0,,0
O14937,1,Changed mind,12
O14935,0,,0
O14940,1,Damaged product,6
O14946,0,,0
O14947,0,,0
O14945,0,,0
O14944,1,Changed mind,8
O14948,0,,0
O14941,0,,0
O14934,0,,0
O14942,0,,0
O14939,0,,0
O14943,1,Size issue,6
O14938,0,,0
O14936,0,,0
O14950,0,,0
O14955,0,,0
O14949,0,,0
O14954,0,,0
O14957,0,,0
O14951,0,,0
O14952,0,,0
O14958,0,,0
O14953,0,,0
O14956,0,,0
O14959,0,,0
O14966,0,,0
O14965,0,,0
O14968,0,,0
O14967,0,,0
O14960,0,,0
O14974,0,,0
O14962,0,,0
O14969,0,,0
O14972,0,,0
O14973,0,,0
O14971,0,,0
O14970,0,,0
O14964,0,,0
O14963,0,,0
O14975,0,,0
O14961,1,Damaged product,2
O14976,1,Product mismatch,11
O14977,0,,0
O14978,0,,0
O14986,0,,0
O14983,0,,0
O14980,1,Changed mind,7
O14987,0,,0
O14985,0,,0
O14979,0,,0
O14981,0,,0
O14982,0,,0
O14984,1,Product mismatch,11
O14996,0,,0
O14988,1,Size issue,5
O14995,0,,0
O14993,0,,0
O14989,0,,0
O14992,0,,0
O14991,0,,0
O14994,0,,0
O14990,0,,0
O15002,0,,0
O14998,0,,0
O15008,0,,0
O15000,0,,0
O15001,0,,0
O15005,0,,0
O14999,0,,0
O15007,1,Product mismatch,9
O14997,0,,0
O15006,0,,0
O15003,0,,0
O15004,1,Damaged product,6
O15010,0,,0
O15014,0,,0
O15016,0,,0
O15009,0,,0
O15017,1,Size issue,10
O15013,0,,0
O15015,0,,0
O15018,0,,0
O15012,1,Damaged product,2
O15011,0,,0
O15021,0,,0
O15024,0,,0
O15026,0,,0
O15020,0,,0
O15022,0,,0
O15025,0,,0
O15019,1,Product mismatch,4
O15023,1,Changed mind,11
O15034,0,,0
O15029,0,,0
O15031,0,,0
O15030,0,,0
O15033,0,,0
O15035,0,,0
O15027,0,,0
O15028,1,Size issue,7
O15032,0,,0
O15037,0,,0
O15036,0,,0
O15043,0,,0
O15041,0,,0
O15042,1,Changed mind,6
O15039,0,,0
O15044,0,,0
O15045,0,,0
O15040,1,Product mismatch,7
O15038,0,,0
O15053,0,,0
O15046,0,,0
O15048,0,,0
O15052,1,Size issue,3
O15047,1,Product mismatch,8
O15055,0,,0
O15049,0,,0
O15054,0,,0
O15051,0,,0
O15050,0,,0
O15056,0,,0
O15059,0,,0
O15058,0,,0
O15060,0,,0
O15062,0,,0
O15057,1,Changed mind,14
O15061,0,,0
O15068,0,,0
O15070,1,Product mismatch,2
O15066,0,,0
O15065,0,,0
O15072,0,,0
O15064,0,,0
O15067,0,,0
O15063,0,,0
O15071,0,,0
O15069,0,,0
O15084,1,Changed mind,10
O15082,0,,0
O15078,0,,0
O15073,0,,0
O15085,0,,0
O15087,0,,0
O15079,0,,0
O15083,0,,0
O15077,0,,0
O15080,1,Product mismatch,8
O15086,0,,0
O15076,0,,0
O15075,0,,0
O15081,0,,0
O15074,0,,0
O15095,0,,0
O15096,0,,0
O15100,0,,0
O15101,0,,0
O15093,0,,0
O15098,0,,0
O15099,0,,0
O15089,0,,0
O15097,0,,0
O15094,0,,0
O15090,0,,0
O15092,0,,0
O15091,0,,0
O15088,0,,0
O15104,0,,0
O15102,0,,0
O15103,1,Changed mind,4
O15107,0,,0
O15108,0,,0
O15105,0,,0
O15106,0,,0
O15109,0,,0
O15110,0,,0
O15112,0,,0
O15113,0,,0
O15114,0,,0
O15115,0,,0
O15111,1,Damaged product,8
O15128,0,,0
O15131,0,,0
O15123,0,,0
O15127,0,,0
O15129,0,,0
O15120,0,,0
O15130,0,,0
O15119,0,,0
O15116,1,Damaged product,7
O15126,0,,0
O15124,0,,0
O15121,0,,0
O15125,0,,0
O15118,0,,0
O15117,0,,0
O15122,0,,0
O15138,0,,0
O15133,0,,0
O15136,0,,0
O15139,0,,0
O15135,0,,0
O15132,0,,0
O15137,0,,0
O15134,0,,0
O15147,0,,0
O15145,0,,0
O15143,0,,0
O15149,0,,0
O15140,0,,0
O15144,0,,0
O15148,0,,0
O15146,0,,0
O15141,0,,0
O15142,0,,0
O15151,0,,0
O15150,0,,0
O15153,0,,0
O15152,0,,0
O15155,0,,0
O15156,0,,0
O15154,0,,0
O15162,0,,0
O15165,0,,0
O15158,0,,0
O15166,0,,0
O15159,0,,0
O15164,0,,0
O15157,0,,0
O15169,0,,0
O15163,0,,0
O15168,0,,0
O15161,1,Damaged product,8
O15167,1,Size issue,7
O15160,0,,0
O15177,0,,0
O15172,0,,0
O15171,0,,0
O15180,0,,0
O15173,0,,0
O15179,0,,0
O15176,0,,0
O15178,0,,0
O15175,0,,0
O15170,0,,0
O15174,0,,0
O15192,0,,0
O15191,0,,0
O15190,0,,0
O15194,0,,0
O15189,1,Product mismatch,12
O15193,0,,0
O15196,0,,0
O15183,0,,0
O15186,0,,0
O15184,0,,0
O15185,0,,0
O15188,0,,0
O15195,0,,0
O15182,0,,0
O15181,0,,0
O15197,0,,0
O15187,0,,0
O15199,1,Changed mind,5
O15208,0,,0
O15200,0,,0
O15198,0,,0
O15205,0,,0
O15206,1,Changed mind,14
O15203,0,,0
O15202,0,,0
O15201,0,,0
O15207,0,,0
O15204,1,Changed mind,9
O15213,0,,0
O15214,0,,0
O15210,0,,0
O15215,0,,0
O15212,1,Changed mind,7
O15209,0,,0
O15211,0,,0
O15220,0,,0
O15219,0,,0
O15223,0,,0
O15221,0,,0
O15224,1,Changed mind,6
O15218,0,,0
O15217,0,,0
O15222,0,,0
O15216,0,,0
O15227,0,,0
O15228,0,,0
O15229,0,,0
O15231,0,,0
O15234,0,,0
O15233,0,,0
O15230,1,Product mismatch,6
O15226,0,,0
O15235,0,,0
O15232,0,,0
O15225,0,,0
O15238,0,,0
O15241,0,,0
O15239,0,,0
O15236,0,,0
O15242,0,,0
O15240,0,,0
O15237,0,,0
O15249,0,,0
O15247,0,,0
O15254,1,Changed mind,4
O15248,0,,0
O15246,0,,0
O15245,0,,0
O15251,0,,0
O15256,0,,0
O15244,0,,0
O15255,0,,0
O15250,0,,0
O15252,0,,0
O15243,1,Damaged product,9
O15253,0,,0
O15260,0,,0
O15259,0,,0
O15258,0,,0
O15257,0,,0
O15262,0,,0
O15261,0,,0
O15263,0,,0
O15271,0,,0
O15264,0,,0
O15276,0,,0
O15268,0,,0
O15265,0,,0
O15272,0,,0
O15266,0,,0
O15267,0,,0
O15275,0,,0
O15274,0,,0
O15270,0,,0
O15277,0,,0
O15269,0,,0
O15273,0,,0
O15281,0,,0
O15284,0,,0
O15278,0,,0
O15282,0,,0
O15283,0,,0
O15280,0,,0
O15279,0,,0
O15287,0,,0
O15290,0,,0
O15289,0,,0
O15295,0,,0
O15292,0,,0
O15285,0,,0
O15296,0,,0
O15294,0,,0
O15286,0,,0
O15288,0,,0
O15291,0,,0
O15293,0,,0
O15297,0,,0
O15298,0,,0
O15308,0,,0
O15301,0,,0
O15300,0,,0
O15307,0,,0
O15304,0,,0
O15302,0,,0
O15306,0,,0
O15305,0,,0
O15303,0,,0
O15299,0,,0
O15310,0,,0
O15311,0,,0
O15312,0,,0
O15309,0,,0
O15314,0,,0
O15313,0,,0
O15317,1,Product mismatch,5
O15320,0,,0
O15316,0,,0
O15315,0,,0
O15318,0,,0
O15319,0,,0
O15326,0,,0
O15322,0,,0
O15324,0,,0
O15325,0,,0
O15323,0,,0
O15321,0,,0
O15333,0,,0
O15327,0,,0
O15329,0,,0
O15331,0,,0
O15332,0,,0
O15330,0,,0
O15328,0,,0
O15334,0,,0
O15343,0,,0
O15337,0,,0
O15335,0,,0
O15336,0,,0
O15342,0,,0
O15341,0,,0
O15340,0,,0
O15338,1,Changed mind,12
O15339,0,,0
O15345,0,,0
O15348,0,,0
O15347,0,,0
O15346,0,,0
O15344,0,,0
O15349,0,,0
O15355,0,,0
O15361,0,,0
O15359,0,,0
O15353,0,,0
O15354,0,,0
O15352,1,Product mismatch,5
O15350,0,,0
O15358,0,,0
O15351,0,,0
O15360,0,,0
O15356,0,,0
O15357,0,,0
O15364,1,Changed mind,12
O15368,0,,0
O15365,0,,0
O15377,0,,0
O15375,0,,0
O15376,0,,0
O15362,0,,0
O15370,0,,0
O15371,0,,0
O15369,0,,0
O15372,0,,0
O15374,0,,0
O15366,0,,0
O15373,1,Size issue,3
O15363,0,,0
O15367,0,,0
O15382,0,,0
O15380,0,,0
O15379,0,,0
O15381,0,,0
O15378,0,,0
O15383,0,,0
O15387,0,,0
O15389,0,,0
O15394,0,,0
O15392,0,,0
O15385,0,,0
O15393,0,,0
O15386,0,,0
O15384,0,,0
O15388,0,,0
O15390,0,,0
O15391,0,,0
O15395,0,,0
O15401,1,Damaged product,9
O15399,0,,0
O15397,0,,0
O15400,0,,0
O15398,0,,0
O15396,1,Changed mind,7
O15407,0,,0
O15408,0,,0
O15405,0,,0
O15406,0,,0
O15403,0,,0
O15404,1,Changed mind,6
O15402,0,,0
O15419,0,,0
O15423,0,,0
O15415,0,,0
O15420,0,,0
O15409,1,Changed mind,10
O15422,0,,0
O15412,0,,0
O15416,0,,0
O15413,0,,0
O15417,0,,0
O15418,0,,0
O15421,0,,0
O15410,0,,0
O15414,0,,0
O15411,0,,0
O15424,0,,0
O15427,0,,0
O15425,0,,0
O15426,0,,0
O15437,0,,0
O15431,0,,0
O15436,0,,0
O15428,0,,0
O15435,0,,0
O15433,0,,0
O15432,0,,0
O15438,0,,0
O15430,0,,0
O15429,0,,0
O15434,0,,0
O15449,0,,0
O15444,0,,0
O15446,0,,0
O15447,1,Damaged product,8
O15442,0,,0
O15443,0,,0
O15439,0,,0
O15445,0,,0
O15448,0,,0
O15441,0,,0
O15450,0,,0
O15440,0,,0
O15461,0,,0
O15467,0,,0
O15457,1,Size issue,8
O15464,0,,0
O15462,0,,0
O15451,0,,0
O15466,1,Changed mind,13
O15453,0,,0
O15465,0,,0
O15458,0,,0
O15468,0,,0
O15456,0,,0
O15455,0,,0
O15463,0,,0
O15454,0,,0
O15460,1,Product mismatch,12
O15459,0,,0
O15452,0,,0
O15476,0,,0
O15477,0,,0
O15473,0,,0
O15470,1,Damaged product,14
O15471,0,,0
O15472,0,,0
O15474,0,,0
O15475,0,,0
O15469,0,,0
O15478,0,,0
O15485,0,,0
O15482,1,Product mismatch,11
O15484,0,,0
O15486,0,,0
O15481,0,,0
O15487,0,,0
O15480,0,,0
O15483,0,,0
O15479,0,,0
O15489,0,,0
O15498,0,,0
O15493,0,,0
O15491,0,,0
O15497,1,Changed mind,3
O15495,0,,0
O15492,0,,0
O15490,0,,0
O15488,0,,0
O15496,0,,0
O15494,0,,0
O15499,0,,0
O15506,1,Product mismatch,2
O15500,0,,0
O15502,0,,0
O15503,1,Product mismatch,5
O15508,0,,0
O15501,0,,0
O15507,0,,0
O15505,0,,0
O15504,0,,0
O15510,0,,0
O15516,0,,0
O15514,0,,0
O15517,0,,0
O15513,1,Changed mind,6
O15515,0,,0
O15511,0,,0
O15512,0,,0
O15509,0,,0
O15526,0,,0
O15522,0,,0
O15519,0,,0
O15525,0,,0
O15521,0,,0
O15518,0,,0
O15524,0,,0
O15528,0,,0
O15520,0,,0
O15527,0,,0
O15523,0,,0
O15533,0,,0
O15536,0,,0
O15537,0,,0
O15529,0,,0
O15532,0,,0
O15535,0,,0
O15531,1,Size issue,5
O15530,0,,0
O15534,0,,0
O15541,0,,0
O15546,0,,0
O15543,0,,0
O15544,0,,0
O15542,0,,0
O15548,0,,0
O15539,0,,0
O15547,0,,0
O15545,0,,0
O15538,0,,0
O15540,0,,0
O15550,0,,0
O15556,0,,0
O15555,0,,0
O15551,0,,0
O15549,0,,0
O15558,0,,0
O15562,0,,0
O15553,0,,0
O15552,0,,0
O15557,0,,0
O15561,0,,0
O15560,0,,0
O15559,0,,0
O15554,0,,0
O15565,0,,0
O15567,0,,0
O15574,0,,0
O15572,0,,0
O15570,0,,0
O15579,0,,0
O15566,0,,0
O15563,0,,0
O15577,0,,0
O15578,0,,0
O15568,0,,0
O15573,1,Changed mind,9
O15571,0,,0
O15569,0,,0
O15564,0,,0
O15575,0,,0
O15576,0,,0
O15580,0,,0
O15587,0,,0
O15585,0,,0
O15582,0,,0
O15586,0,,0
O15581,0,,0
O15584,0,,0
O15583,0,,0
O15589,0,,0
O15594,0,,0
O15592,0,,0
O15590,0,,0
O15593,0,,0
O15588,0,,0
O15591,0,,0
O15597,0,,0
O15602,0,,0
O15600,0,,0
O15601,0,,0
O15599,0,,0
O15596,0,,0
O15598,0,,0
O15595,0,,0
O15606,0,,0
O15603,1,Product mismatch,7
O15608,0,,0
O15610,0,,0
O15605,0,,0
O15609,0,,0
O15604,0,,0
O15607,1,Damaged product,12
O15615,0,,0
O15613,0,,0
O15618,0,,0
O15617,0,,0
O15612,0,,0
O15619,0,,0
O15611,0,,0
O15616,0,,0
O15614,0,,0
O15626,1,Product mismatch,13
O15623,0,,0
O15630,0,,0
O15621,0,,0
O15625,0,,0
O15627,0,,0
O15629,0,,0
O15628,1,Size issue,9
O15631,0,,0
O15622,0,,0
O15620,0,,0
O15624,0,,0
O15634,0,,0
O15638,0,,0
O15635,0,,0
O15640,0,,0
O15643,0,,0
O15637,0,,0
O15641,0,,0
O15636,0,,0
O15632,0,,0
O15642,0,,0
O15639,0,,0
O15633,0,,0
O15644,0,,0
O15646,0,,0
O15650,0,,0
O15647,0,,0
O15652,0,,0
O15651,0,,0
O15648,0,,0
O15649,0,,0
O15645,0,,0
O15655,0,,0
O15656,0,,0
O15659,0,,0
O15653,0,,0
O15658,0,,0
O15657,0,,0
O15654,0,,0
O15660,0,,0
O15666,0,,0
O15664,0,,0
O15663,0,,0
O15662,1,Product mismatch,3
O15661,0,,0
O15665,0,,0
O15667,1,Changed mind,10
O15671,0,,0
O15672,0,,0
O15669,1,Product mismatch,2
O15670,0,,0
O15668,0,,0
O15673,0,,0
O15681,0,,0
O15676,0,,0
O15683,0,,0
O15677,0,,0
O15684,0,,0
O15675,0,,0
O15679,0,,0
O15680,1,Product mismatch,4
O15678,0,,0
O15674,0,,0
O15682,0,,0
O15686,0,,0
O15687,0,,0
O15692,1,Size issue,12
O15691,0,,0
O15689,0,,0
O15688,0,,0
O15685,0,,0
O15690,0,,0
O15698,0,,0
O15693,0,,0
O15696,0,,0
O15700,0,,0
O15695,0,,0
O15699,0,,0
O15694,0,,0
O15697,0,,0
O15702,0,,0
O15713,0,,0
O15706,0,,0
O15709,0,,0
O15703,0,,0
O15710,0,,0
O15711,1,Changed mind,12
O15705,0,,0
O15707,0,,0
O15708,0,,0
O15714,0,,0
O15712,0,,0
O15704,0,,0
O15701,0,,0
O15716,0,,0
O15715,0,,0
O15719,1,Changed mind,12
O15718,0,,0
O15717,0,,0
O15724,0,,0
O15720,0,,0
O15729,0,,0
O15723,0,,0
O15721,0,,0
O15725,0,,0
O15731,0,,0
O15727,0,,0
O15726,0,,0
O15730,0,,0
O15732,0,,0
O15734,0,,0
O15733,0,,0
O15728,0,,0
O15722,0,,0
O15736,0,,0
O15740,0,,0
O15739,0,,0
O15738,0,,0
O15735,0,,0
O15737,0,,0
O15749,0,,0
O15743,0,,0
O15745,0,,0
O15747,0,,0
O15741,0,,0
O15746,0,,0
O15748,0,,0
O15742,0,,0
O15744,0,,0
O15753,0,,0
O15755,0,,0
O15758,0,,0
O15754,0,,0
O15756,0,,0
O15757,0,,0
O15750,0,,0
O15752,0,,0
O15751,0,,0
O15767,0,,0
O15761,0,,0
O15764,0,,0
O15766,1,Size issue,14
O15759,0,,0
O15760,0,,0
O15765,0,,0
O15763,1,Damaged product,10
O15762,0,,0
O15776,0,,0
O15775,0,,0
O15777,0,,0
O15774,0,,0
O15780,0,,0
O15772,0,,0
O15769,0,,0
O15773,0,,0
O15771,0,,0
O15770,0,,0
O15778,0,,0
O15779,0,,0
O15768,0,,0
O15782,0,,0
O15786,0,,0
O15784,0,,0
O15781,0,,0
O15783,0,,0
O15785,1,Size issue,6
O15800,0,,0
O15798,0,,0
O15799,0,,0
O15797,0,,0
O15795,0,,0
O15790,0,,0
O15796,0,,0
O15794,0,,0
O15791,1,Product mismatch,2
O15792,0,,0
O15789,0,,0
O15787,0,,0
O15788,0,,0
O15793,0,,0
O15804,0,,0
O15807,0,,0
O15808,0,,0
O15803,0,,0
O15802,1,Product mismatch,2
O15806,0,,0
O15805,0,,0
O15801,0,,0
O15812,0,,0
O15809,1,Changed mind,14
O15811,0,,0
O15810,0,,0
O15813,0,,0
O15819,0,,0
O15814,0,,0
O15820,0,,0
O15818,0,,0
O15815,0,,0
O15821,0,,0
O15816,0,,0
O15817,0,,0
O15828,1,Product mismatch,5
O15823,0,,0
O15827,0,,0
O15824,0,,0
O15829,0,,0
O15825,0,,0
O15831,0,,0
O15826,0,,0
O15822,0,,0
O15830,0,,0
O15832,0,,0
O15843,0,,0
O15841,0,,0
O15833,0,,0
O15836,1,Size issue,5
O15837,0,,0
O15838,0,,0
O15839,0,,0
O15840,0,,0
O15835,0,,0
O15842,0,,0
O15834,0,,0
O15848,0,,0
O15845,0,,0
O15852,0,,0
O15846,0,,0
O15855,1,Size issue,3
O15847,0,,0
O15853,0,,0
O15844,0,,0
O15851,0,,0
O15850,0,,0
O15849,0,,0
O15854,0,,0
O15857,0,,0
O15858,0,,0
O15856,0,,0
O15860,0,,0
O15859,0,,0
O15861,0,,0
O15862,0,,0
O15864,0,,0
O15874,0,,0
O15868,1,Product mismatch,10
O15865,0,,0
O15871,0,,0
O15870,0,,0
O15866,0,,0
O15872,0,,0
O15867,0,,0
O15873,0,,0
O15869,1,Product mismatch,8
O15863,1,Size issue,10
O15881,0,,0
O15875,0,,0
O15888,0,,0
O15879,0,,0
O15877,0,,0
O15882,0,,0
O15887,0,,0
O15878,0,,0
O15889,0,,0
O15886,0,,0
O15890,0,,0
O15876,0,,0
O15885,0,,0
O15883,0,,0
O15884,0,,0
O15880,0,,0
O15892,1,Changed mind,11
O15891,0,,0
O15893,0,,0
O15896,0,,0
O15894,1,Size issue,9
O15895,0,,0
O15898,0,,0
O15897,0,,0
O15899,0,,0
O15901,0,,0
O15905,0,,0
O15906,0,,0
O15904,0,,0
O15903,1,Changed mind,14
O15902,0,,0
O15900,1,Changed mind,12
O15911,0,,0
O15913,0,,0
O15909,0,,0
O15915,0,,0
O15910,0,,0
O15907,0,,0
O15912,0,,0
O15908,0,,0
O15916,0,,0
O15914,0,,0
O15918,0,,0
O15920,0,,0
O15926,1,Product mismatch,6
O15923,0,,0
O15919,0,,0
O15922,1,Size issue,8
O15925,1,Changed mind,13
O15924,0,,0
O15917,1,Changed mind,13
O15921,1,Changed mind,8
O15929,0,,0
O15935,1,Damaged product,12
O15930,0,,0
O15932,0,,0
O15933,0,,0
O15928,0,,0
O15934,1,Size issue,13
O15931,0,,0
O15927,0,,0
O15938,0,,0
O15949,0,,0
O15945,0,,0
O15940,0,,0
O15944,0,,0
O15936,0,,0
O15946,1,Product mismatch,13
O15939,0,,0
O15947,0,,0
O15937,0,,0
O15941,0,,0
O15943,0,,0
O15948,0,,0
O15942,0,,0
O15952,0,,0
O15953,0,,0
O15951,0,,0
O15955,0,,0
O15956,0,,0
O15954,0,,0
O15950,1,Changed mind,7
O15965,0,,0
O15962,0,,0
O15964,0,,0
O15963,0,,0
O15957,1,Changed mind,6
O15959,0,,0
O15958,0,,0
O15967,1,Damaged product,14
O15966,0,,0
O15961,0,,0
O15960,0,,0
O15975,0,,0
O15968,0,,0
O15980,1,Damaged product,12
O15977,1,Size issue,8
O15974,0,,0
O15973,0,,0
O15978,0,,0
O15970,0,,0
O15971,0,,0
O15976,0,,0
O15979,0,,0
O15972,0,,0
O15969,0,,0
O15981,0,,0
O15989,0,,0
O15986,0,,0
O15990,0,,0
O15984,0,,0
O15988,0,,0
O15985,0,,0
O15982,0,,0
O15987,0,,0
O15983,0,,0
O15998,0,,0
O15995,0,,0
O16003,0,,0
O15992,0,,0
O15996,0,,0
O16001,0,,0
O16002,0,,0
O16000,0,,0
O15999,0,,0
O15994,0,,0
O15991,0,,0
O16004,0,,0
O15993,1,Changed mind,6
O15997,0,,0
O16005,0,,0
O16009,0,,0
O16006,0,,0
O16010,0,,0
O16008,0,,0
O16007,0,,0
O16018,0,,0
O16013,0,,0
O16014,0,,0
O16015,0,,0
O16019,0,,0
O16017,0,,0
O16020,0,,0
O16011,0,,0
O16012,0,,0
O16016,1,Size issue,5
O16031,0,,0
O16028,1,Damaged product,5
O16033,0,,0
O16029,0,,0
O16024,0,,0
O16025,0,,0
O16034,1,Size issue,11
O16026,0,,0
O16021,0,,0
O16032,1,Product mismatch,2
O16027,0,,0
O16022,0,,0
O16035,1,Size issue,5
O16030,0,,0
O16023,0,,0
O16040,0,,0
O16036,0,,0
O16043,0,,0
O16041,0,,0
O16039,0,,0
O16037,0,,0
O16042,0,,0
O16038,0,,0
O16050,0,,0
O16045,0,,0
O16044,0,,0
O16051,0,,0
O16052,1,Damaged product,8
O16046,0,,0
O16049,0,,0
O16048,0,,0
O16047,0,,0
O16056,0,,0
O16059,0,,0
O16066,0,,0
O16062,0,,0
O16057,0,,0
O16058,0,,0
O16054,0,,0
O16063,0,,0
O16055,0,,0
O16065,0,,0
O16060,0,,0
O16061,0,,0
O16064,0,,0
O16053,0,,0
O16075,1,Changed mind,4
O16071,0,,0
O16069,0,,0
O16074,0,,0
O16067,0,,0
O16068,0,,0
O16078,0,,0
O16073,0,,0
O16081,1,Product mismatch,4
O16080,0,,0
O16070,0,,0
O16077,0,,0
O16072,0,,0
O16079,0,,0
O16076,0,,0
O16088,0,,0
O16085,0,,0
O16090,0,,0
O16086,1,Changed mind,12
O16094,0,,0
O16087,0,,0
O16084,0,,0
O16095,0,,0
O16089,1,Product mismatch,6
O16082,0,,0
O16093,0,,0
O16092,0,,0
O16083,0,,0
O16091,1,Product mismatch,3
O16096,0,,0
O16099,0,,0
O16098,0,,0
O16097,0,,0
O16104,0,,0
O16100,0,,0
O16101,0,,0
O16103,0,,0
O16102,0,,0
O16105,0,,0
O16106,1,Product mismatch,5
O16107,0,,0
O16111,1,Product mismatch,8
O16109,0,,0
O16108,0,,0
O16110,0,,0
O16116,0,,0
O16122,0,,0
O16118,0,,0
O16112,1,Size issue,5
O16113,0,,0
O16117,0,,0
O16125,0,,0
O16114,0,,0
O16120,0,,0
O16119,0,,0
O16124,0,,0
O16123,0,,0
O16115,0,,0
O16121,0,,0
O16133,0,,0
O16128,0,,0
O16131,0,,0
O16126,0,,0
O16127,0,,0
O16132,0,,0
O16134,0,,0
O16130,0,,0
O16129,0,,0
O16142,0,,0
O16136,1,Size issue,14
O16138,0,,0
O16137,0,,0
O16140,0,,0
O16141,0,,0
O16139,0,,0
O16135,0,,0
O16143,0,,0
O16144,0,,0
O16150,0,,0
O16152,0,,0
O16151,0,,0
O16148,0,,0
O16147,0,,0
O16149,0,,0
O16145,1,Size issue,12
O16146,0,,0
O16160,0,,0
O16153,1,Product mismatch,14
O16159,0,,0
O16157,0,,0
O16154,0,,0
O16161,0,,0
O16156,0,,0
O16158,0,,0
O16155,0,,0
O16162,0,,0
O16167,0,,0
O16163,0,,0
O16168,0,,0
O16170,0,,0
O16164,0,,0
O16166,0,,0
O16165,0,,0
O16169,0,,0
O16178,0,,0
O16173,0,,0
O16176,0,,0
O16172,0,,0
O16171,0,,0
O16177,0,,0
O16174,0,,0
O16175,0,,0
O16185,0,,0
O16189,0,,0
O16188,0,,0
O16183,0,,0
O16184,0,,0
O16187,0,,0
O16180,0,,0
O16191,0,,0
O16182,0,,0
O16190,0,,0
O16179,0,,0
O16181,0,,0
O16186,0,,0
O16192,0,,0
O16198,0,,0
O16193,0,,0
O16194,0,,0
O16197,0,,0
O16199,0,,0
O16196,0,,0
O16195,0,,0
O16207,0,,0
O16200,0,,0
O16203,0,,0
O16204,0,,0
O16205,0,,0
O16202,1,Product mismatch,2
O16206,0,,0
O16201,0,,0
O16210,0,,0
O16209,0,,0
O16208,0,,0
O16212,1,Changed mind,3
O16211,0,,0
O16219,0,,0
O16215,0,,0
O16220,0,,0
O16216,1,Product mismatch,11
O16214,0,,0
O16217,0,,0
O16213,0,,0
O16218,0,,0
O16223,0,,0
O16221,0,,0
O16227,0,,0
O16230,0,,0
O16226,0,,0
O16225,0,,0
O16228,0,,0
O16222,0,,0
O16231,0,,0
O16229,0,,0
O16233,1,Product mismatch,3
O16232,0,,0
O16224,0,,0
O16238,0,,0
O16235,1,Damaged product,13
O16234,0,,0
O16237,0,,0
O16240,0,,0
O16241,0,,0
O16239,0,,0
O16236,0,,0
O16245,0,,0
O16246,0,,0
O16247,0,,0
O16242,0,,0
O16243,0,,0
O16248,0,,0
O16244,1,Size issue,7
O16253,0,,0
O16249,0,,0
O16252,0,,0
O16254,0,,0
O16251,0,,0
O16255,0,,0
O16250,0,,0
O16262,0,,0
O16257,0,,0
O16259,0,,0
O16264,0,,0
O16261,0,,0
O16256,0,,0
O16263,0,,0
O16258,0,,0
O16260,0,,0
O16271,0,,0
O16268,0,,0
O16267,0,,0
O16269,0,,0
O16270,0,,0
O16266,0,,0
O16265,0,,0
O16272,0,,0
O16275,0,,0
O16277,0,,0
O16278,0,,0
O16276,0,,0
O16280,0,,0
O16274,0,,0
O16273,0,,0
O16279,0,,0
O16281,0,,0
O16284,0,,0
O16294,0,,0
O16283,0,,0
O16288,0,,0
O16289,1,Size issue,4
O16285,0,,0
O16282,0,,0
O16286,0,,0
O16292,0,,0
O16293,0,,0
O16287,0,,0
O16291,0,,0
O16290,0,,0
O16297,0,,0
O16296,0,,0
O16295,0,,0
O16300,0,,0
O16304,0,,0
O16302,0,,0
O16305,1,Changed mind,3
O16299,0,,0
O16298,0,,0
O16301,0,,0
O16303,0,,0
O16310,0,,0
O16309,0,,0
O16313,0,,0
O16307,0,,0
O16308,0,,0
O16314,0,,0
O16312,0,,0
O16311,0,,0
O16306,1,Damaged product,10
O16316,0,,0
O16321,1,Damaged product,6
O16317,0,,0
O16318,0,,0
O16320,0,,0
O16315,0,,0
O16319,0,,0
O16329,0,,0
O16330,0,,0
O16334,0,,0
O16325,0,,0
O16326,0,,0
O16333,0,,0
O16331,0,,0
O16327,0,,0
O16322,0,,0
O16328,0,,0
O16323,0,,0
O16332,0,,0
O16324,0,,0
O16336,0,,0
O16340,0,,0
O16337,0,,0
O16338,0,,0
O16335,1,Size issue,8
O16339,0,,0
O16342,0,,0
O16343,0,,0
O16341,0,,0
O16344,0,,0
O16346,0,,0
O16349,0,,0
O16355,0,,0
O16356,0,,0
O16354,0,,0
O16351,0,,0
O16350,0,,0
O16345,0,,0
O16347,0,,0
O16353,1,Product mismatch,11
O16348,0,,0
O16352,0,,0
O16363,1,Size issue,7
O16361,1,Changed mind,2
O16362,0,,0
O16358,1,Changed mind,9
O16365,0,,0
O16360,0,,0
O16357,0,,0
O16359,0,,0
O16364,0,,0
O16375,0,,0
O16378,1,Size issue,14
O16377,0,,0
O16372,0,,0
O16368,0,,0
O16369,0,,0
O16370,0,,0
O16379,0,,0
O16366,0,,0
O16371,0,,0
O16373,0,,0
O16376,0,,0
O16381,1,Product mismatch,3
O16367,0,,0
O16374,0,,0
O16380,0,,0
O16387,1,Changed mind,14
O16384,0,,0
O16390,1,Size issue,12
O16388,1,Changed mind,3
O16385,0,,0
O16383,0,,0
O16386,0,,0
O16389,0,,0
O16382,0,,0
O16395,0,,0
O16397,0,,0
O16394,0,,0
O16391,0,,0
O16396,0,,0
O16392,0,,0
O16393,0,,0
O16400,0,,0
O16402,0,,0
O16399,0,,0
O16398,0,,0
O16401,0,,0
O16404,0,,0
O16405,0,,0
O16409,0,,0
O16406,0,,0
O16411,0,,0
O16413,0,,0
O16403,0,,0
O16408,0,,0
O16407,0,,0
O16410,0,,0
O16412,0,,0
O16423,0,,0
O16420,0,,0
O16418,0,,0
O16424,0,,0
O16422,0,,0
O16415,1,Size issue,4
O16417,0,,0
O16414,0,,0
O16421,0,,0
O16416,0,,0
O16419,0,,0
O16428,1,Changed mind,12
O16427,0,,0
O16425,1,Size issue,13
O16429,0,,0
O16426,0,,0
O16431,0,,0
O16430,1,Damaged product,8
O16434,0,,0
O16432,0,,0
O16435,0,,0
O16437,0,,0
O16439,1,Changed mind,5
O16438,0,,0
O16433,0,,0
O16436,0,,0
O16452,1,Changed mind,11
O16441,0,,0
O16453,0,,0
O16442,1,Size issue,10
O16444,0,,0
O16440,0,,0
O16449,0,,0
O16446,0,,0
O16445,0,,0
O16450,0,,0
O16447,1,Product mismatch,12
O16448,0,,0
O16454,0,,0
O16443,1,Product mismatch,8
O16451,0,,0
O16457,0,,0
O16458,0,,0
O16456,0,,0
O16462,0,,0
O16455,0,,0
O16461,0,,0
O16460,0,,0
O16459,0,,0
O16474,0,,0
O16463,0,,0
O16468,1,Damaged product,2
O16476,1,Product mismatch,5
O16475,0,,0
O16464,0,,0
O16472,1,Changed mind,14
O16469,0,,0
O16471,0,,0
O16465,0,,0
O16473,0,,0
O16470,0,,0
O16466,1,Changed mind,12
O16467,0,,0
O16483,0,,0
O16478,0,,0
O16481,0,,0
O16477,0,,0
O16482,0,,0
O16479,0,,0
O16480,1,Changed mind,4
O16489,1,Changed mind,13
O16487,0,,0
O16490,0,,0
O16488,0,,0
O16485,0,,0
O16491,0,,0
O16484,0,,0
O16486,0,,0
O16493,0,,0
O16492,0,,0
O16502,0,,0
O16495,0,,0
O16498,0,,0
O16500,0,,0
O16499,0,,0
O16494,0,,0
O16501,0,,0
O16496,1,Product mismatch,12
O16497,0,,0
O16512,0,,0
O16506,0,,0
O16504,1,Changed mind,4
O16514,0,,0
O16513,0,,0
O16507,0,,0
O16508,1,Product mismatch,2
O16515,0,,0
O16516,0,,0
O16503,0,,0
O16509,0,,0
O16510,0,,0
O16511,0,,0
O16505,0,,0
O16519,0,,0
O16525,0,,0
O16520,0,,0
O16518,0,,0
O16523,0,,0
O16529,0,,0
O16521,1,Damaged product,5
O16524,0,,0
O16527,0,,0
O16517,0,,0
O16528,1,Changed mind,2
O16526,0,,0
O16522,0,,0
O16537,0,,0
O16531,1,Changed mind,4
O16543,0,,0
O16533,0,,0
O16532,0,,0
O16530,1,Size issue,13
O16534,0,,0
O16539,0,,0
O16538,0,,0
O16536,1,Changed mind,11
O16544,0,,0
O16540,0,,0
O16535,1,Damaged product,3
O16542,0,,0
O16541,1,Changed mind,9
O16553,0,,0
O16547,0,,0
O16555,0,,0
O16550,0,,0
O16545,0,,0
O16548,0,,0
O16551,0,,0
O16549,0,,0
O16546,0,,0
O16554,0,,0
O16552,1,Product mismatch,2
O16560,0,,0
O16561,1,Size issue,8
O16559,0,,0
O16564,0,,0
O16556,0,,0
O16565,1,Size issue,2
O16557,0,,0
O16566,0,,0
O16558,0,,0
O16562,0,,0
O16563,0,,0
O16573,0,,0
O16568,0,,0
O16567,0,,0
O16569,0,,0
O16572,0,,0
O16571,0,,0
O16570,0,,0
O16574,1,Size issue,12
O16575,0,,0
O16578,0,,0
O16579,0,,0
O16585,0,,0
O16580,0,,0
O16577,0,,0
O16582,0,,0
O16583,0,,0
O16576,0,,0
O16581,0,,0
O16584,0,,0
O16592,1,Changed mind,6
O16589,0,,0
O16586,0,,0
O16593,0,,0
O16588,1,Size issue,10
O16594,0,,0
O16590,0,,0
O16591,0,,0
O16587,1,Size issue,9
O16600,0,,0
O16599,0,,0
O16603,1,Size issue,4
O16595,0,,0
O16598,0,,0
O16601,0,,0
O16602,0,,0
O16597,0,,0
O16596,0,,0
O16610,0,,0
O16611,0,,0
O16606,1,Damaged product,7
O16609,0,,0
O16604,0,,0
O16605,0,,0
O16612,0,,0
O16608,1,Size issue,8
O16607,0,,0
O16618,0,,0
O16621,0,,0
O16622,0,,0
O16624,0,,0
O16619,1,Changed mind,9
O16616,0,,0
O16625,0,,0
O16617,0,,0
O16623,0,,0
O16615,0,,0
O16627,0,,0
O16614,0,,0
O16626,0,,0
O16613,0,,0
O16620,0,,0
O16638,0,,0
O16628,1,Changed mind,2
O16631,1,Changed mind,8
O16629,0,,0
O16639,0,,0
O16637,0,,0
O16632,0,,0
O16635,0,,0
O16634,0,,0
O16636,0,,0
O16630,0,,0
O16633,0,,0
O16647,0,,0
O16641,0,,0
O16645,0,,0
O16642,1,Changed mind,7
O16643,0,,0
O16646,1,Changed mind,2
O16648,1,Changed mind,3
O16640,0,,0
O16644,0,,0
O16651,0,,0
O16658,0,,0
O16652,0,,0
O16659,0,,0
O16654,0,,0
O16649,0,,0
O16657,0,,0
O16650,0,,0
O16655,0,,0
O16653,0,,0
O16656,1,Changed mind,9
O16664,0,,0
O16663,0,,0
O16669,0,,0
O16660,0,,0
O16662,0,,0
O16665,0,,0
O16668,0,,0
O16661,1,Changed mind,5
O16667,0,,0
O16666,0,,0
O16671,0,,0
O16674,0,,0
O16672,0,,0
O16675,0,,0
O16670,0,,0
O16673,0,,0
O16676,0,,0
O16677,0,,0
O16680,0,,0
O16678,1,Changed mind,13
O16681,0,,0
O16679,0,,0
O16688,1,Size issue,13
O16684,0,,0
O16687,0,,0
O16693,0,,0
O16685,0,,0
O16694,0,,0
O16692,0,,0
O16686,0,,0
O16683,0,,0
O16691,0,,0
O16682,0,,0
O16689,0,,0
O16690,0,,0
O16697,0,,0
O16702,0,,0
O16698,0,,0
O16699,0,,0
O16703,0,,0
O16701,0,,0
O16700,0,,0
O16695,0,,0
O16696,1,Product mismatch,13
O16710,1,Product mismatch,13
O16705,0,,0
O16709,0,,0
O16712,0,,0
O16715,0,,0
O16706,0,,0
O16704,0,,0
O16711,0,,0
O16713,0,,0
O16707,0,,0
O16708,0,,0
O16714,1,Product mismatch,12
O16716,0,,0
O16719,0,,0
O16718,0,,0
O16721,0,,0
O16720,0,,0
O16717,0,,0
O16722,0,,0
O16728,0,,0
O16725,0,,0
O16723,0,,0
O16724,0,,0
O16727,0,,0
O16726,0,,0
O16741,1,Size issue,3
O16738,0,,0
O16739,1,Damaged product,10
O16740,0,,0
O16732,0,,0
O16743,0,,0
O16734,0,,0
O16742,0,,0
O16733,0,,0
O16737,0,,0
O16731,0,,0
O16735,0,,0
O16744,0,,0
O16736,0,,0
O16729,0,,0
O16730,0,,0
O16749,0,,0
O16746,0,,0
O16751,0,,0
O16747,0,,0
O16752,0,,0
O16753,1,Changed mind,3
O16745,0,,0
O16748,0,,0
O16754,1,Changed mind,10
O16750,0,,0
O16762,0,,0
O16756,0,,0
O16761,0,,0
O16765,0,,0
O16759,0,,0
O16758,0,,0
O16757,0,,0
O16760,1,Size issue,13
O16764,0,,0
O16763,0,,0
O16755,0,,0
O16770,0,,0
O16772,0,,0
O16774,0,,0
O16767,0,,0
O16769,0,,0
O16775,0,,0
O16771,0,,0
O16768,1,Size issue,2
O16766,0,,0
O16773,0,,0
O16784,0,,0
O16779,0,,0
O16780,1,Product mismatch,11
O16776,0,,0
O16782,0,,0
O16785,0,,0
O16778,0,,0
O16777,0,,0
O16783,0,,0
O16781,0,,0
O16791,0,,0
O16789,0,,0
O16788,0,,0
O16795,0,,0
O16786,0,,0
O16793,0,,0
O16787,0,,0
O16792,0,,0
O16794,0,,0
O16790,0,,0
O16801,0,,0
O16799,0,,0
O16804,0,,0
O16805,0,,0
O16802,0,,0
O16798,0,,0
O16800,0,,0
O16797,0,,0
O16803,0,,0
O16796,0,,0
O16809,0,,0
O16808,0,,0
O16806,0,,0
O16807,0,,0
O16811,1,Changed mind,13
O16810,0,,0
O16816,0,,0
O16814,0,,0
O16813,0,,0
O16818,1,Size issue,6
O16817,0,,0
O16819,0,,0
O16812,0,,0
O16815,0,,0
O16824,0,,0
O16825,0,,0
O16820,0,,0
O16822,0,,0
O16826,0,,0
O16823,0,,0
O16821,0,,0
O16829,1,Damaged product,5
O16832,0,,0
O16827,0,,0
O16828,1,Product mismatch,12
O16833,0,,0
O16830,0,,0
O16831,0,,0
O16837,0,,0
O16842,0,,0
O16838,0,,0
O16840,0,,0
O16836,0,,0
O16841,0,,0
O16839,0,,0
O16844,0,,0
O16834,1,Product mismatch,9
O16835,0,,0
O16843,0,,0
O16847,0,,0
O16850,0,,0
O16851,0,,0
O16848,0,,0
O16849,0,,0
O16845,1,Damaged product,4
O16846,1,Damaged product,13
O16857,1,Changed mind,8
O16854,0,,0
O16853,1,Product mismatch,4
O16856,0,,0
O16855,1,Product mismatch,4
O16858,1,Product mismatch,6
O16852,0,,0
O16864,0,,0
O16865,1,Damaged product,8
O16863,0,,0
O16866,0,,0
O16859,0,,0
O16862,0,,0
O16861,1,Product mismatch,4
O16860,0,,0
O16869,0,,0
O16870,0,,0
O16867,0,,0
O16874,0,,0
O16872,1,Product mismatch,5
O16871,0,,0
O16873,0,,0
O16868,0,,0
O16876,1,Product mismatch,13
O16875,0,,0
O16883,0,,0
O16884,0,,0
O16881,0,,0
O16879,0,,0
O16882,0,,0
O16878,0,,0
O16880,0,,0
O16886,0,,0
O16885,0,,0
O16877,0,,0
O16890,0,,0
O16888,0,,0
O16898,0,,0
O16887,0,,0
O16897,0,,0
O16899,0,,0
O16892,0,,0
O16891,0,,0
O16893,0,,0
O16895,0,,0
O16900,0,,0
O16896,0,,0
O16889,0,,0
O16894,0,,0
O16901,1,Damaged product,6
O16913,0,,0
O16912,0,,0
O16909,0,,0
O16907,0,,0
O16904,0,,0
O16903,0,,0
O16910,0,,0
O16908,0,,0
O16905,0,,0
O16911,0,,0
O16906,0,,0
O16902,0,,0
O16922,0,,0
O16919,0,,0
O16918,0,,0
O16917,1,Damaged product,2
O16916,1,Changed mind,7
O16920,0,,0
O16921,0,,0
O16914,0,,0
O16915,0,,0
O16937,0,,0
O16924,1,Changed mind,8
O16933,1,Product mismatch,6
O16930,0,,0
O16932,0,,0
O16928,0,,0
O16935,0,,0
O16934,0,,0
O16923,0,,0
O16929,1,Changed mind,6
O16936,0,,0
O16927,0,,0
O16925,1,Product mismatch,2
O16926,0,,0
O16931,1,Damaged product,4
O16946,0,,0
O16944,0,,0
O16940,0,,0
O16938,0,,0
O16942,0,,0
O16941,0,,0
O16945,0,,0
O16939,0,,0
O16943,0,,0
O16952,0,,0
O16948,0,,0
O16950,0,,0
O16949,0,,0
O16954,0,,0
O16947,0,,0
O16951,0,,0
O16953,0,,0
O16955,0,,0
O16957,0,,0
O16956,0,,0
O16960,0,,0
O16962,0,,0
O16959,0,,0
O16958,0,,0
O16961,1,Size issue,9
O16966,0,,0
O16968,0,,0
O16969,0,,0
O16963,0,,0
O16964,0,,0
O16967,1,Damaged product,13
O16965,0,,0
O16971,0,,0
O16979,0,,0
O16970,0,,0
O16976,1,Damaged product,14
O16981,1,Product mismatch,4
O16973,0,,0
O16980,0,,0
O16974,0,,0
O16972,0,,0
O16977,0,,0
O16975,0,,0
O16978,0,,0
O16984,0,,0
O16983,0,,0
O16987,0,,0
O16986,0,,0
O16985,0,,0
O16982,1,Product mismatch,9
O16998,0,,0
O16993,0,,0
O16995,0,,0
O16994,1,Product mismatch,5
O16996,0,,0
O16990,0,,0
O16992,0,,0
O16989,0,,0
O16997,0,,0
O16991,0,,0
O16988,0,,0
O17004,0,,0
O17005,0,,0
O17000,0,,0
O17007,0,,0
O17003,0,,0
O16999,0,,0
O17006,0,,0
O17001,0,,0
O17002,0,,0
O17012,0,,0
O17014,0,,0
O17013,0,,0
O17009,0,,0
O17011,0,,0
O17008,0,,0
O17015,0,,0
O17010,0,,0
O17016,1,Changed mind,10
O17017,0,,0
O17020,0,,0
O17019,0,,0
O17018,0,,0
O17034,0,,0
O17026,0,,0
O17030,0,,0
O17024,0,,0
O17035,0,,0
O17033,1,Product mismatch,14
O17021,0,,0
O17023,0,,0
O17032,0,,0
O17025,0,,0
O17027,0,,0
O17028,0,,0
O17031,0,,0
O17029,0,,0
O17022,0,,0
O17042,0,,0
O17040,1,Product mismatch,13
O17039,0,,0
O17038,0,,0
O17037,0,,0
O17041,0,,0
O17043,0,,0
O17036,0,,0
O17050,0,,0
O17044,0,,0
O17045,0,,0
O17049,0,,0
O17052,0,,0
O17055,0,,0
O17056,0,,0
O17046,1,Changed mind,11
O17053,0,,0
O17048,0,,0
O17047,0,,0
O17051,0,,0
O17054,1,Changed mind,2
O17063,0,,0
O17058,0,,0
O17061,0,,0
O17059,0,,0
O17060,0,,0
O17064,0,,0
O17062,0,,0
O17057,0,,0
O17068,0,,0
O17066,0,,0
O17065,0,,0
O17070,0,,0
O17067,0,,0
O17069,0,,0
O17079,1,Damaged product,11
O17075,0,,0
O17073,1,Product mismatch,6
O17080,1,Damaged product,9
O17081,0,,0
O17076,0,,0
O17071,0,,0
O17078,0,,0
O17074,1,Product mismatch,10
O17077,0,,0
O17072,0,,0
O17086,0,,0
O17088,0,,0
O17084,0,,0
O17090,0,,0
O17082,0,,0
O17089,0,,0
O17087,0,,0
O17083,1,Changed mind,11
O17091,0,,0
O17085,1,Damaged product,9
O17099,0,,0
O17102,0,,0
O17092,0,,0
O17094,0,,0
O17096,0,,0
O17103,0,,0
O17098,0,,0
O17100,0,,0
O17101,0,,0
O17095,0,,0
O17097,0,,0
O17093,0,,0
O17104,1,Changed mind,5
O17107,0,,0
O17109,0,,0
O17108,0,,0
O17112,0,,0
O17110,0,,0
O17106,0,,0
O17105,0,,0
O17111,0,,0
O17113,0,,0
O17117,0,,0
O17116,1,Changed mind,14
O17122,0,,0
O17118,0,,0
O17114,0,,0
O17123,0,,0
O17124,0,,0
O17121,0,,0
O17120,0,,0
O17119,0,,0
O17115,0,,0
O17130,0,,0
O17133,0,,0
O17129,0,,0
O17132,0,,0
O17127,0,,0
O17131,1,Product mismatch,4
O17128,0,,0
O17125,0,,0
O17126,1,Size issue,10
O17136,0,,0
O17134,0,,0
O17141,0,,0
O17137,0,,0
O17138,0,,0
O17139,0,,0
O17143,0,,0
O17135,0,,0
O17140,0,,0
O17142,0,,0
O17144,0,,0
O17149,0,,0
O17151,0,,0
O17146,1,Size issue,5
O17145,0,,0
O17147,0,,0
O17148,0,,0
O17150,0,,0
O17157,0,,0
O17156,0,,0
O17153,0,,0
O17158,0,,0
O17165,0,,0
O17164,0,,0
O17163,0,,0
O17162,0,,0
O17159,0,,0
O17154,0,,0
O17155,0,,0
O17161,0,,0
O17152,0,,0
O17160,0,,0
O17172,0,,0
O17176,0,,0
O17174,0,,0
O17178,0,,0
O17166,0,,0
O17167,0,,0
O17168,0,,0
O17169,0,,0
O17175,0,,0
O17173,0,,0
O17171,0,,0
O17177,0,,0
O17170,1,Changed mind,5
O17184,0,,0
O17182,0,,0
O17179,0,,0
O17185,0,,0
O17186,0,,0
O17180,0,,0
O17181,0,,0
O17183,0,,0
O17190,0,,0
O17187,0,,0
O17188,0,,0
O17192,0,,0
O17191,0,,0
O17189,1,Changed mind,13
O17194,0,,0
O17197,0,,0
O17195,0,,0
O17193,0,,0
O17198,0,,0
O17196,1,Product mismatch,7
O17201,0,,0
O17210,0,,0
O17208,0,,0
O17202,0,,0
O17211,0,,0
O17207,0,,0
O17200,0,,0
O17199,0,,0
O17209,0,,0
O17205,0,,0
O17206,0,,0
O17204,0,,0
O17203,0,,0
O17212,0,,0
O17215,0,,0
O17218,1,Size issue,11
O17217,0,,0
O17213,0,,0
O17216,0,,0
O17214,0,,0
O17227,0,,0
O17221,0,,0
O17220,0,,0
O17230,0,,0
O17231,0,,0
O17223,0,,0
O17219,0,,0
O17222,0,,0
O17228,0,,0
O17225,0,,0
O17224,0,,0
O17229,0,,0
O17232,0,,0
O17226,0,,0
O17237,0,,0
O17240,0,,0
O17236,0,,0
O17234,0,,0
O17239,0,,0
O17233,0,,0
O17235,0,,0
O17238,0,,0
O17248,1,Size issue,12
O17249,0,,0
O17242,1,Changed mind,12
O17246,0,,0
O17245,0,,0
O17243,0,,0
O17247,1,Damaged product,13
O17244,0,,0
O17241,0,,0
O17255,0,,0
O17259,0,,0
O17251,0,,0
O17253,0,,0
O17254,0,,0
O17252,0,,0
O17258,0,,0
O17257,0,,0
O17256,0,,0
O17250,1,Damaged product,9
O17271,0,,0
O17268,0,,0
O17266,0,,0
O17264,1,Damaged product,6
O17262,0,,0
O17273,0,,0
O17263,0,,0
O17270,0,,0
O17274,0,,0
O17272,0,,0
O17260,0,,0
O17267,0,,0
O17261,1,Damaged product,4
O17265,0,,0
O17269,0,,0
O17284,1,Changed mind,12
O17275,0,,0
O17276,0,,0
O17278,1,Changed mind,10
O17280,1,Changed mind,12
O17277,0,,0
O17283,0,,0
O17281,1,Changed mind,9
O17279,0,,0
O17282,0,,0
O17295,0,,0
O17294,0,,0
O17296,1,Size issue,13
O17297,0,,0
O17291,0,,0
O17287,0,,0
O17288,0,,0
O17286,1,Changed mind,14
O17293,0,,0
O17290,1,Product mismatch,12
O17289,1,Product mismatch,14
O17285,0,,0
O17292,0,,0
O17303,0,,0
O17298,0,,0
O17305,0,,0
O17301,0,,0
O17302,0,,0
O17309,0,,0
O17300,0,,0
O17307,0,,0
O17304,1,Product mismatch,2
O17308,0,,0
O17306,0,,0
O17299,0,,0
O17320,0,,0
O17311,0,,0
O17316,0,,0
O17321,0,,0
O17313,0,,0
O17319,0,,0
O17312,0,,0
O17314,0,,0
O17317,0,,0
O17310,0,,0
O17315,0,,0
O17318,0,,0
O17325,0,,0
O17323,0,,0
O17327,0,,0
O17324,0,,0
O17332,0,,0
O17326,0,,0
O17329,0,,0
O17331,0,,0
O17328,0,,0
O17322,0,,0
O17333,0,,0
O17330,0,,0
O17335,0,,0
O17336,0,,0
O17334,1,Damaged product,14
O17345,0,,0
O17343,0,,0
O17341,1,Size issue,3
O17339,1,Product mismatch,5
O17344,0,,0
O17338,0,,0
O17340,0,,0
O17348,0,,0
O17337,0,,0
O17342,0,,0
O17346,1,Product mismatch,2
O17347,0,,0
O17354,0,,0
O17353,0,,0
O17357,0,,0
O17352,0,,0
O17351,0,,0
O17350,0,,0
O17355,0,,0
O17358,0,,0
O17360,0,,0
O17356,0,,0
O17359,0,,0
O17349,0,,0
O17361,0,,0
O17362,0,,0
O17364,0,,0
O17367,1,Changed mind,4
O17370,0,,0
O17365,0,,0
O17366,0,,0
O17368,1,Size issue,8
O17371,0,,0
O17369,0,,0
O17363,0,,0
O17378,0,,0
O17373,1,Size issue,3
O17379,0,,0
O17386,0,,0
O17374,0,,0
O17380,0,,0
O17375,0,,0
O17385,1,Damaged product,5
O17384,0,,0
O17372,0,,0
O17383,0,,0
O17376,0,,0
O17382,0,,0
O17381,0,,0
O17377,0,,0
O17396,0,,0
O17395,0,,0
O17394,0,,0
O17389,0,,0
O17390,0,,0
O17393,0,,0
O17392,0,,0
O17391,0,,0
O17388,0,,0
O17387,0,,0
O17408,0,,0
O17402,0,,0
O17405,0,,0
O17398,0,,0
O17412,0,,0
O17401,0,,0
O17400,0,,0
O17404,0,,0
O17410,0,,0
O17411,0,,0
O17399,0,,0
O17397,0,,0
O17403,0,,0
O17406,0,,0
O17409,0,,0
O17407,0,,0
O17415,0,,0
O17414,0,,0
O17416,0,,0
O17417,0,,0
O17418,0,,0
O17421,1,Changed mind,10
O17413,0,,0
O17422,0,,0
O17420,0,,0
O17419,0,,0
O17433,0,,0
O17426,0,,0
O17430,0,,0
O17423,0,,0
O17427,1,Product mismatch,13
O17431,1,Changed mind,3
O17432,0,,0
O17425,0,,0
O17429,0,,0
O17424,0,,0
O17428,0,,0
O17442,0,,0
O17441,0,,0
O17435,0,,0
O17443,0,,0
O17440,0,,0
O17444,0,,0
O17445,0,,0
O17437,0,,0
O17438,0,,0
O17446,0,,0
O17439,0,,0
O17436,0,,0
O17434,0,,0
O17451,0,,0
O17458,0,,0
O17447,0,,0
O17452,0,,0
O17450,0,,0
O17449,0,,0
O17448,0,,0
O17455,0,,0
O17456,0,,0
O17453,1,Size issue,9
O17457,0,,0
O17454,0,,0
O17464,0,,0
O17459,0,,0
O17461,0,,0
O17466,0,,0
O17460,0,,0
O17462,0,,0
O17463,0,,0
O17465,0,,0
O17471,0,,0
O17469,0,,0
O17472,0,,0
O17468,0,,0
O17470,0,,0
O17467,0,,0
O17473,0,,0
O17476,0,,0
O17480,0,,0
O17474,0,,0
O17478,0,,0
O17482,0,,0
O17475,0,,0
O17481,0,,0
O17479,0,,0
O17477,0,,0
O17484,0,,0
O17483,0,,0
O17485,0,,0
O17496,0,,0
O17494,1,Product mismatch,6
O17491,1,Product mismatch,2
O17498,0,,0
O17489,0,,0
O17492,0,,0
O17486,0,,0
O17487,0,,0
O17490,0,,0
O17495,0,,0
O17488,0,,0
O17493,0,,0
O17497,0,,0
O17499,0,,0
O17500,0,,0
O17501,0,,0
O17503,0,,0
O17502,0,,0
O17506,0,,0
O17505,1,Size issue,11
O17508,0,,0
O17507,0,,0
O17504,1,Product mismatch,13
O17514,0,,0
O17511,0,,0
O17512,0,,0
O17513,0,,0
O17510,0,,0
O17509,0,,0
O17516,0,,0
O17520,0,,0
O17526,0,,0
O17522,1,Changed mind,4
O17524,0,,0
O17518,0,,0
O17521,0,,0
O17519,0,,0
O17525,0,,0
O17523,0,,0
O17515,0,,0
O17517,0,,0
O17532,0,,0
O17528,0,,0
O17530,0,,0
O17529,0,,0
O17533,0,,0
O17527,0,,0
O17531,0,,0
O17540,1,Changed mind,14
O17539,0,,0
O17538,1,Size issue,12
O17537,0,,0
O17536,1,Size issue,9
O17534,0,,0
O17535,0,,0
O17544,0,,0
O17543,1,Changed mind,7
O17542,0,,0
O17541,0,,0
O17548,0,,0
O17547,0,,0
O17546,1,Product mismatch,11
O17545,1,Changed mind,8
O17549,0,,0
O17558,0,,0
O17559,0,,0
O17551,1,Damaged product,8
O17554,0,,0
O17557,0,,0
O17552,0,,0
O17556,0,,0
O17550,1,Changed mind,9
O17553,0,,0
O17555,0,,0
O17564,0,,0
O17563,0,,0
O17571,0,,0
O17561,0,,0
O17565,0,,0
O17566,0,,0
O17567,0,,0
O17568,0,,0
O17570,0,,0
O17560,0,,0
O17569,0,,0
O17562,0,,0
O17573,1,Changed mind,11
O17576,0,,0
O17574,0,,0
O17575,0,,0
O17577,0,,0
O17572,0,,0
O17584,0,,0
O17582,0,,0
O17579,0,,0
O17583,0,,0
O17581,1,Changed mind,6
O17578,0,,0
O17580,0,,0
O17592,0,,0
O17591,0,,0
O17587,0,,0
O17593,0,,0
O17588,0,,0
O17585,0,,0
O17589,1,Changed mind,9
O17586,1,Changed mind,7
O17590,0,,0
O17596,0,,0
O17598,0,,0
O17599,0,,0
O17603,0,,0
O17594,0,,0
O17601,0,,0
O17600,0,,0
O17597,0,,0
O17602,0,,0
O17595,0,,0
O17608,0,,0
O17607,1,Changed mind,5
O17606,0,,0
O17605,0,,0
O17604,0,,0
O17612,0,,0
O17613,0,,0
O17611,0,,0
O17609,0,,0
O17610,0,,0
O17614,1,Product mismatch,12
O17619,0,,0
O17615,0,,0
O17617,0,,0
O17616,0,,0
O17618,0,,0
O17629,1,Product mismatch,9
O17625,0,,0
O17630,0,,0
O17632,0,,0
O17621,0,,0
O17623,0,,0
O17631,0,,0
O17622,0,,0
O17626,0,,0
O17633,0,,0
O17620,0,,0
O17627,0,,0
O17624,0,,0
O17628,1,Product mismatch,8
O17637,0,,0
O17636,0,,0
O17641,0,,0
O17638,0,,0
O17639,1,Damaged product,5
O17635,0,,0
O17634,0,,0
O17640,0,,0
O17642,1,Size issue,3
O17645,1,Damaged product,7
O17646,0,,0
O17644,1,Product mismatch,3
O17643,1,Product mismatch,13
O17652,1,Changed mind,8
O17647,0,,0
O17649,0,,0
O17648,0,,0
O17651,0,,0
O17650,0,,0
O17658,0,,0
O17656,0,,0
O17653,0,,0
O17655,0,,0
O17661,0,,0
O17654,0,,0
O17659,0,,0
O17660,0,,0
O17657,0,,0
O17667,0,,0
O17664,0,,0
O17663,0,,0
O17669,0,,0
O17668,0,,0
O17666,0,,0
O17665,0,,0
O17662,0,,0
O17683,0,,0
O17678,0,,0
O17675,0,,0
O17680,0,,0
O17682,0,,0
O17679,1,Changed mind,9
O17671,0,,0
O17676,1,Size issue,8
O17677,1,Size issue,5
O17672,0,,0
O17674,0,,0
O17673,0,,0
O17670,0,,0
O17681,1,Changed mind,10
O17684,0,,0
O17694,0,,0
O17687,0,,0
O17690,0,,0
O17685,0,,0
O17688,0,,0
O17692,0,,0
O17689,0,,0
O17686,0,,0
O17693,1,Size issue,13
O17691,0,,0
O17698,0,,0
O17699,1,Changed mind,10
O17700,0,,0
O17702,0,,0
O17695,0,,0
O17697,0,,0
O17696,0,,0
O17701,0,,0
O17706,1,Changed mind,11
O17707,0,,0
O17709,0,,0
O17714,0,,0
O17705,0,,0
O17704,1,Size issue,10
O17712,0,,0
O17703,0,,0
O17713,0,,0
O17708,0,,0
O17710,0,,0
O17711,0,,0
O17717,0,,0
O17721,0,,0
O17720,0,,0
O17719,0,,0
O17716,0,,0
O17722,0,,0
O17725,0,,0
O17718,0,,0
O17724,0,,0
O17723,0,,0
O17715,1,Product mismatch,8
O17727,0,,0
O17733,0,,0
O17729,0,,0
O17739,0,,0
O17730,0,,0
O17736,0,,0
O17728,0,,0
O17737,0,,0
O17731,0,,0
O17734,0,,0
O17738,0,,0
O17726,1,Product mismatch,6
O17732,0,,0
O17735,0,,0
O17742,0,,0
O17745,0,,0
O17747,0,,0
O17750,0,,0
O17752,0,,0
O17751,1,Damaged product,3
O17740,0,,0
O17741,0,,0
O17743,0,,0
O17746,0,,0
O17749,0,,0
O17744,0,,0
O17748,0,,0
O17754,0,,0
O17756,1,Product mismatch,8
O17764,0,,0
O17760,0,,0
O17766,0,,0
O17759,0,,0
O17763,0,,0
O17765,0,,0
O17762,0,,0
O17753,0,,0
O17758,0,,0
O17761,0,,0
O17757,0,,0
O17755,0,,0
O17774,0,,0
O17770,0,,0
O17768,0,,0
O17767,0,,0
O17771,0,,0
O17773,0,,0
O17777,0,,0
O17772,0,,0
O17775,0,,0
O17776,0,,0
O17769,0,,0
O17782,0,,0
O17779,0,,0
O17783,0,,0
O17781,0,,0
O17778,0,,0
O17780,0,,0
O17789,0,,0
O17791,0,,0
O17786,0,,0
O17790,0,,0
O17787,0,,0
O17785,0,,0
O17795,0,,0
O17794,0,,0
O17788,0,,0
O17793,0,,0
O17784,0,,0
O17792,0,,0
O17799,0,,0
O17798,0,,0
O17796,0,,0
O17801,0,,0
O17805,0,,0
O17797,0,,0
O17800,0,,0
O17803,0,,0
O17802,0,,0
O17804,0,,0
O17810,1,Size issue,12
O17808,0,,0
O17815,0,,0
O17811,0,,0
O17813,0,,0
O17806,0,,0
O17809,0,,0
O17814,0,,0
O17812,0,,0
O17807,0,,0
O17826,0,,0
O17829,0,,0
O17824,0,,0
O17817,0,,0
O17828,0,,0
O17818,0,,0
O17822,1,Product mismatch,6
O17827,0,,0
O17819,0,,0
O17816,0,,0
O17823,0,,0
O17825,0,,0
O17820,0,,0
O17821,0,,0
O17831,0,,0
O17830,0,,0
O17835,0,,0
O17834,0,,0
O17832,0,,0
O17836,0,,0
O17837,0,,0
O17833,0,,0
O17846,0,,0
O17841,0,,0
O17842,0,,0
O17847,0,,0
O17840,0,,0
O17843,0,,0
O17848,0,,0
O17838,0,,0
O17849,0,,0
O17839,0,,0
O17844,0,,0
O17845,0,,0
O17850,0,,0
O17856,0,,0
O17854,0,,0
O17853,0,,0
O17855,0,,0
O17851,0,,0
O17852,0,,0
O17864,0,,0
O17857,0,,0
O17866,0,,0
O17863,0,,0
O17865,0,,0
O17862,0,,0
O17858,1,Changed mind,8
O17861,0,,0
O17860,0,,0
O17859,1,Damaged product,8
O17871,0,,0
O17868,0,,0
O17875,1,Changed mind,6
O17878,0,,0
O17867,0,,0
O17869,0,,0
O17877,0,,0
O17873,0,,0
O17870,0,,0
O17872,0,,0
O17879,0,,0
O17876,0,,0
O17874,0,,0
O17881,0,,0
O17885,0,,0
O17887,1,Damaged product,11
O17883,0,,0
O17888,0,,0
O17880,0,,0
O17884,0,,0
O17882,0,,0
O17886,0,,0
O17896,0,,0
O17889,0,,0
O17898,0,,0
O17897,0,,0
O17890,0,,0
O17891,0,,0
O17895,1,Damaged product,5
O17892,0,,0
O17893,0,,0
O17894,0,,0
O17909,0,,0
O17907,0,,0
O17902,0,,0
O17901,0,,0
O17905,0,,0
O17910,0,,0
O17904,1,Damaged product,5
O17900,0,,0
O17906,0,,0
O17908,0,,0
O17903,0,,0
O17899,0,,0
O17916,0,,0
O17915,0,,0
O17914,0,,0
O17923,1,Product mismatch,8
O17912,0,,0
O17921,0,,0
O17911,0,,0
O17919,0,,0
O17913,0,,0
O17920,0,,0
O17922,0,,0
O17917,1,Changed mind,11
O17918,1,Size issue,6
O17924,0,,0
O17931,0,,0
O17926,0,,0
O17928,0,,0
O17930,0,,0
O17929,0,,0
O17925,0,,0
O17927,0,,0
O17940,0,,0
O17939,0,,0
O17936,0,,0
O17933,1,Product mismatch,13
O17934,0,,0
O17937,0,,0
O17932,0,,0
O17941,0,,0
O17938,0,,0
O17935,0,,0
O17943,0,,0
O17948,0,,0
O17946,0,,0
O17945,0,,0
O17947,0,,0
O17944,0,,0
O17942,0,,0
O17949,0,,0
O17956,0,,0
O17953,0,,0
O17950,1,Changed mind,7
O17951,0,,0
O17957,0,,0
O17952,0,,0
O17958,1,Size issue,9
O17955,0,,0
O17954,0,,0
O17968,0,,0
O17969,0,,0
O17965,0,,0
O17967,0,,0
O17959,0,,0
O17963,0,,0
O17960,0,,0
O17961,1,Changed mind,11
O17962,0,,0
O17966,0,,0
O17964,0,,0
O17971,0,,0
O17973,0,,0
O17975,0,,0
O17974,1,Changed mind,3
O17976,0,,0
O17972,1,Product mismatch,11
O17970,0,,0
O17984,0,,0
O17981,0,,0
O17987,0,,0
O17980,0,,0
O17979,0,,0
O17986,0,,0
O17982,0,,0
O17983,0,,0
O17978,0,,0
O17985,0,,0
O17977,0,,0
O17989,0,,0
O17988,0,,0
O17994,1,Damaged product,2
O17996,0,,0
O17993,0,,0
O17995,1,Size issue,10
O17992,0,,0
O17991,0,,0
O17990,1,Product mismatch,11
O18001,0,,0
O17999,0,,0
O18007,0,,0
O17997,0,,0
O18003,0,,0
O18006,0,,0
O17998,0,,0
O18000,0,,0
O18005,0,,0
O18004,0,,0
O18002,0,,0
O18008,1,Product mismatch,14
O18013,0,,0
O18011,0,,0
O18018,0,,0
O18009,0,,0
O18017,0,,0
O18015,0,,0
O18016,0,,0
O18012,0,,0
O18014,0,,0
O18010,0,,0
O18026,0,,0
O18024,0,,0
O18023,0,,0
O18021,0,,0
O18019,1,Damaged product,13
O18025,1,Changed mind,13
O18027,0,,0
O18020,1,Size issue,11
O18022,0,,0
O18028,0,,0
O18030,0,,0
O18035,0,,0
O18029,0,,0
O18032,0,,0
O18033,0,,0
O18031,0,,0
O18034,0,,0
O18044,0,,0
O18041,0,,0
O18039,1,Changed mind,12
O18036,0,,0
O18042,0,,0
O18040,0,,0
O18045,0,,0
O18038,0,,0
O18043,1,Changed mind,14
O18037,0,,0
O18054,0,,0
O18049,0,,0
O18046,0,,0
O18051,0,,0
O18055,1,Product mismatch,4
O18052,0,,0
O18050,0,,0
O18048,0,,0
O18053,1,Size issue,13
O18047,0,,0
O18060,0,,0
O18058,0,,0
O18063,0,,0
O18067,0,,0
O18062,0,,0
O18061,0,,0
O18059,0,,0
O18064,0,,0
O18066,0,,0
O18068,0,,0
O18056,0,,0
O18057,0,,0
O18065,0,,0
O18069,0,,0
O18070,0,,0
O18072,0,,0
O18071,0,,0
O18074,0,,0
O18073,1,Size issue,3
O18075,0,,0
O18077,1,Size issue,2
O18076,0,,0
O18081,1,Size issue,3
O18080,0,,0
O18079,0,,0
O18082,0,,0
O18083,1,Size issue,5
O18078,0,,0
O18095,0,,0
O18084,0,,0
O18103,0,,0
O18094,0,,0
O18100,0,,0
O18091,0,,0
O18086,0,,0
O18090,0,,0
O18098,0,,0
O18087,0,,0
O18092,0,,0
O18088,0,,0
O18093,0,,0
O18097,0,,0
O18096,0,,0
O18099,0,,0
O18101,0,,0
O18102,0,,0
O18089,0,,0
O18085,0,,0
O18112,1,Changed mind,4
O18111,0,,0
O18109,0,,0
O18104,1,Product mismatch,2
O18114,0,,0
O18106,0,,0
O18105,0,,0
O18107,0,,0
O18108,0,,0
O18110,0,,0
O18113,0,,0
O18116,0,,0
O18118,0,,0
O18117,0,,0
O18115,0,,0
O18122,0,,0
O18131,0,,0
O18130,0,,0
O18129,0,,0
O18121,0,,0
O18124,0,,0
O18132,0,,0
O18123,0,,0
O18126,0,,0
O18134,0,,0
O18133,0,,0
O18135,0,,0
O18120,0,,0
O18125,0,,0
O18127,0,,0
O18128,0,,0
O18119,0,,0
O18139,0,,0
O18136,0,,0
O18138,0,,0
O18137,0,,0
O18140,0,,0
O18148,0,,0
O18144,0,,0
O18141,0,,0
O18145,0,,0
O18143,0,,0
O18142,0,,0
O18147,0,,0
O18146,0,,0
O18149,0,,0
O18154,0,,0
O18151,0,,0
O18153,0,,0
O18152,0,,0
O18150,0,,0
O18159,0,,0
O18162,0,,0
O18158,0,,0
O18156,0,,0
O18163,0,,0
O18161,0,,0
O18165,0,,0
O18155,0,,0
O18157,0,,0
O18164,0,,0
O18167,0,,0
O18166,0,,0
O18168,0,,0
O18160,0,,0
O18169,0,,0
O18178,0,,0
O18173,1,Changed mind,7
O18172,0,,0
O18175,0,,0
O18174,0,,0
O18170,0,,0
O18171,0,,0
O18176,0,,0
O18177,0,,0
O18181,0,,0
O18180,0,,0
O18183,0,,0
O18179,0,,0
O18182,0,,0
O18187,0,,0
O18186,0,,0
O18185,0,,0
O18184,0,,0
O18195,1,Damaged product,7
O18189,0,,0
O18198,0,,0
O18192,0,,0
O18197,0,,0
O18191,0,,0
O18188,0,,0
O18196,0,,0
O18194,0,,0
O18193,0,,0
O18190,1,Product mismatch,4
O18204,0,,0
O18205,0,,0
O18207,0,,0
O18200,0,,0
O18202,0,,0
O18203,0,,0
O18201,0,,0
O18206,0,,0
O18199,0,,0
O18212,0,,0
O18213,0,,0
O18210,0,,0
O18215,1,Changed mind,4
O18214,0,,0
O18216,0,,0
O18208,0,,0
O18209,0,,0
O18217,0,,0
O18211,0,,0
O18219,0,,0
O18218,0,,0
O18222,0,,0
O18220,1,Product mismatch,14
O18224,0,,0
O18221,0,,0
O18223,0,,0
O18235,0,,0
O18230,0,,0
O18226,0,,0
O18229,0,,0
O18227,0,,0
O18225,0,,0
O18232,0,,0
O18228,0,,0
O18234,0,,0
O18231,0,,0
O18233,0,,0
O18240,0,,0
O18241,0,,0
O18237,0,,0
O18242,0,,0
O18236,0,,0
O18238,0,,0
O18243,0,,0
O18239,0,,0
O18251,0,,0
O18254,0,,0
O18248,0,,0
O18247,0,,0
O18253,0,,0
O18249,0,,0
O18244,0,,0
O18246,0,,0
O18250,0,,0
O18245,0,,0
O18252,1,Changed mind,7
O18259,0,,0
O18261,0,,0
O18264,0,,0
O18262,0,,0
O18258,0,,0
O18263,0,,0
O18257,0,,0
O18256,0,,0
O18255,0,,0
O18260,0,,0
O18275,0,,0
O18273,0,,0
O18272,0,,0
O18267,1,Size issue,5
O18277,0,,0
O18268,0,,0
O18266,0,,0
O18265,0,,0
O18276,0,,0
O18269,0,,0
O18279,0,,0
O18271,1,Product mismatch,13
O18270,0,,0
O18274,0,,0
O18278,0,,0
O18285,0,,0
O18282,0,,0
O18286,0,,0
O18284,0,,0
O18281,0,,0
O18280,0,,0
O18283,0,,0
O18297,0,,0
O18292,0,,0
O18289,0,,0
O18295,0,,0
O18287,0,,0
O18296,0,,0
O18298,0,,0
O18294,0,,0
O18288,0,,0
O18290,0,,0
O18293,0,,0
O18291,0,,0
O18304,0,,0
O18300,0,,0
O18311,1,Changed mind,3
O18313,1,Product mismatch,12
O18310,0,,0
O18307,0,,0
O18299,0,,0
O18301,0,,0
O18312,0,,0
O18303,0,,0
O18305,0,,0
O18302,0,,0
O18309,0,,0
O18308,0,,0
O18306,0,,0
O18320,0,,0
O18318,0,,0
O18322,0,,0
O18315,0,,0
O18321,0,,0
O18314,0,,0
O18323,0,,0
O18319,0,,0
O18316,0,,0
O18317,1,Changed mind,10
O18330,0,,0
O18325,0,,0
O18328,0,,0
O18329,0,,0
O18326,1,Product mismatch,4
O18331,0,,0
O18327,0,,0
O18324,0,,0
O18339,0,,0
O18333,0,,0
O18338,0,,0
O18334,0,,0
O18337,0,,0
O18336,0,,0
O18332,0,,0
O18335,0,,0
O18344,0,,0
O18348,0,,0
O18347,0,,0
O18341,0,,0
O18340,0,,0
O18349,0,,0
O18342,0,,0
O18345,1,Size issue,5
O18343,0,,0
O18346,0,,0
O18360,0,,0
O18363,0,,0
O18350,0,,0
O18351,0,,0
O18356,0,,0
O18359,1,Size issue,11
O18358,1,Damaged product,10
O18355,0,,0
O18357,0,,0
O18361,0,,0
O18354,0,,0
O18352,0,,0
O18362,0,,0
O18353,1,Size issue,13
O18370,0,,0
O18368,0,,0
O18373,0,,0
O18369,0,,0
O18364,0,,0
O18367,0,,0
O18366,0,,0
O18372,0,,0
O18365,0,,0
O18371,0,,0
O18376,0,,0
O18374,1,Product mismatch,7
O18379,0,,0
O18380,0,,0
O18381,0,,0
O18377,0,,0
O18378,0,,0
O18375,0,,0
O18382,1,Product mismatch,12
O18386,0,,0
O18383,0,,0
O18385,0,,0
O18384,0,,0
O18393,0,,0
O18387,0,,0
O18388,0,,0
O18389,0,,0
O18394,0,,0
O18391,0,,0
O18390,0,,0
O18392,0,,0
O18402,0,,0
O18404,0,,0
O18405,0,,0
O18399,0,,0
O18398,0,,0
O18397,0,,0
O18403,0,,0
O18396,0,,0
O18395,0,,0
O18401,0,,0
O18400,0,,0
O18413,1,Damaged product,9
O18409,0,,0
O18408,0,,0
O18406,0,,0
O18414,0,,0
O18410,1,Size issue,13
O18412,0,,0
O18407,0,,0
O18411,0,,0
O18419,0,,0
O18423,0,,0
O18415,1,Product mismatch,4
O18422,0,,0
O18420,0,,0
O18421,1,Damaged product,10
O18416,0,,0
O18418,0,,0
O18417,0,,0
O18426,0,,0
O18429,0,,0
O18425,1,Changed mind,2
O18430,0,,0
O18431,0,,0
O18432,1,Damaged product,9
O18428,0,,0
O18424,0,,0
O18433,1,Size issue,5
O18427,0,,0
O18435,0,,0
O18441,0,,0
O18438,0,,0
O18442,0,,0
O18440,0,,0
O18439,0,,0
O18434,0,,0
O18443,0,,0
O18437,0,,0
O18436,1,Size issue,7
O18452,0,,0
O18451,0,,0
O18454,0,,0
O18450,1,Changed mind,14
O18445,0,,0
O18449,0,,0
O18447,0,,0
O18446,0,,0
O18455,1,Size issue,13
O18444,0,,0
O18453,0,,0
O18448,0,,0
O18467,0,,0
O18463,0,,0
O18457,0,,0
O18464,0,,0
O18465,1,Product mismatch,14
O18461,0,,0
O18456,1,Changed mind,8
O18459,0,,0
O18469,0,,0
O18468,0,,0
O18462,0,,0
O18458,0,,0
O18466,0,,0
O18460,0,,0
O18475,0,,0
O18476,0,,0
O18473,0,,0
O18470,0,,0
O18472,0,,0
O18474,1,Size issue,14
O18471,0,,0
O18479,1,Size issue,5
O18480,1,Damaged product,12
O18477,0,,0
O18478,0,,0
O18485,0,,0
O18484,0,,0
O18486,0,,0
O18491,0,,0
O18481,0,,0
O18482,0,,0
O18487,0,,0
O18489,0,,0
O18488,1,Product mismatch,5
O18490,0,,0
O18483,0,,0
O18492,0,,0
O18500,0,,0
O18499,0,,0
O18494,0,,0
O18498,0,,0
O18496,0,,0
O18497,0,,0
O18493,0,,0
O18495,0,,0
O18505,0,,0
O18502,0,,0
O18504,0,,0
O18501,0,,0
O18506,0,,0
O18503,1,Product mismatch,6
O18507,0,,0
O18508,0,,0
O18512,0,,0
O18509,0,,0
O18511,0,,0
O18510,0,,0
O18522,1,Changed mind,5
O18525,0,,0
O18513,0,,0
O18527,0,,0
O18524,0,,0
O18514,0,,0
O18521,0,,0
O18517,0,,0
O18520,0,,0
O18523,0,,0
O18519,0,,0
O18515,0,,0
O18518,0,,0
O18526,0,,0
O18516,0,,0
O18537,0,,0
O18534,0,,0
O18532,0,,0
O18535,1,Changed mind,11
O18533,0,,0
O18536,0,,0
O18529,0,,0
O18530,0,,0
O18528,1,Changed mind,3
O18531,0,,0
O18538,0,,0
O18539,1,Product mismatch,3
O18547,0,,0
O18543,0,,0
O18541,0,,0
O18546,0,,0
O18540,0,,0
O18544,0,,0
O18548,0,,0
O18545,0,,0
O18542,0,,0
O18549,0,,0
O18551,0,,0
O18555,0,,0
O18554,0,,0
O18553,0,,0
O18557,1,Size issue,8
O18550,0,,0
O18556,1,Changed mind,2
O18552,0,,0
O18562,0,,0
O18565,0,,0
O18558,1,Changed mind,6
O18561,1,Size issue,11
O18559,1,Changed mind,11
O18566,0,,0
O18560,0,,0
O18564,0,,0
O18563,0,,0
O18571,0,,0
O18572,1,Changed mind,2
O18575,0,,0
O18579,0,,0
O18570,0,,0
O18576,0,,0
O18569,0,,0
O18567,0,,0
O18574,0,,0
O18568,0,,0
O18578,0,,0
O18573,0,,0
O18577,0,,0
O18585,0,,0
O18586,0,,0
O18591,0,,0
O18590,0,,0
O18583,0,,0
O18580,1,Changed mind,6
O18587,1,Changed mind,3
O18582,0,,0
O18581,0,,0
O18589,0,,0
O18588,1,Size issue,4
O18584,0,,0
O18595,0,,0
O18592,0,,0
O18594,0,,0
O18593,0,,0
O18600,0,,0
O18597,0,,0
O18602,0,,0
O18599,0,,0
O18596,0,,0
O18601,0,,0
O18598,0,,0
O18604,0,,0
O18605,0,,0
O18608,0,,0
O18603,0,,0
O18606,0,,0
O18607,0,,0
O18615,0,,0
O18612,0,,0
O18613,0,,0
O18616,0,,0
O18614,0,,0
O18610,0,,0
O18611,0,,0
O18609,0,,0
O18620,0,,0
O18625,1,Size issue,5
O18626,0,,0
O18619,0,,0
O18624,0,,0
O18618,0,,0
O18617,1,Size issue,8
O18622,0,,0
O18621,0,,0
O18627,0,,0
O18623,0,,0
O18629,0,,0
O18631,0,,0
O18630,0,,0
O18635,0,,0
O18634,0,,0
O18637,0,,0
O18628,0,,0
O18636,0,,0
O18638,1,Product mismatch,9
O18633,0,,0
O18632,0,,0
O18641,0,,0
O18642,0,,0
O18639,0,,0
O18640,0,,0
O18647,0,,0
O18651,0,,0
O18645,0,,0
O18650,0,,0
O18646,0,,0
O18644,0,,0
O18648,0,,0
O18649,0,,0
O18643,0,,0
O18652,0,,0
O18655,0,,0
O18661,0,,0
O18657,0,,0
O18660,0,,0
O18656,0,,0
O18653,0,,0
O18659,0,,0
O18654,0,,0
O18662,1,Damaged product,6
O18658,0,,0
O18663,0,,0
O18669,0,,0
O18666,1,Product mismatch,2
O18664,0,,0
O18670,0,,0
O18671,0,,0
O18667,0,,0
O18665,0,,0
O18668,0,,0
O18676,1,Product mismatch,12
O18678,0,,0
O18672,0,,0
O18677,0,,0
O18673,0,,0
O18674,0,,0
O18675,0,,0
O18687,1,Product mismatch,6
O18681,0,,0
O18679,0,,0
O18680,0,,0
O18685,0,,0
O18684,0,,0
O18686,0,,0
O18683,1,Product mismatch,10
O18682,0,,0
O18690,1,Size issue,3
O18691,1,Changed mind,10
O18693,1,Changed mind,13
O18692,0,,0
O18688,0,,0
O18689,0,,0
O18700,0,,0
O18696,0,,0
O18708,0,,0
O18695,0,,0
O18698,0,,0
O18702,0,,0
O18697,0,,0
O18705,0,,0
O18699,0,,0
O18703,0,,0
O18704,0,,0
O18707,0,,0
O18701,0,,0
O18706,0,,0
O18694,0,,0
O18721,0,,0
O18719,0,,0
O18714,0,,0
O18710,0,,0
O18715,0,,0
O18713,0,,0
O18709,0,,0
O18720,0,,0
O18712,0,,0
O18716,1,Product mismatch,13
O18718,0,,0
O18717,0,,0
O18711,0,,0
O18726,0,,0
O18728,0,,0
O18723,0,,0
O18725,0,,0
O18727,0,,0
O18724,0,,0
O18722,0,,0
O18729,0,,0
O18733,0,,0
O18731,0,,0
O18734,0,,0
O18730,1,Product mismatch,4
O18735,0,,0
O18736,0,,0
O18732,0,,0
O18738,0,,0
O18740,0,,0
O18744,0,,0
O18739,0,,0
O18743,0,,0
O18737,0,,0
O18741,0,,0
O18746,1,Size issue,12
O18742,0,,0
O18745,0,,0
O18752,0,,0
O18749,0,,0
O18751,1,Product mismatch,11
O18755,0,,0
O18750,0,,0
O18748,0,,0
O18757,0,,0
O18754,0,,0
O18758,0,,0
O18753,0,,0
O18747,0,,0
O18756,0,,0
O18770,1,Product mismatch,12
O18762,0,,0
O18760,0,,0
O18767,0,,0
O18759,0,,0
O18765,1,Damaged product,5
O18769,0,,0
O18768,0,,0
O18763,0,,0
O18764,0,,0
O18761,1,Damaged product,9
O18766,0,,0
O18771,0,,0
O18781,0,,0
O18776,1,Changed mind,6
O18787,0,,0
O18784,0,,0
O18782,0,,0
O18778,0,,0
O18775,0,,0
O18774,0,,0
O18786,0,,0
O18790,0,,0
O18788,0,,0
O18777,0,,0
O18772,0,,0
O18779,0,,0
O18789,0,,0
O18773,0,,0
O18791,0,,0
O18785,0,,0
O18783,1,Product mismatch,11
O18780,0,,0
O18793,0,,0
O18798,0,,0
O18797,0,,0
O18792,0,,0
O18799,0,,0
O18796,1,Product mismatch,9
O18795,0,,0
O18794,0,,0
O18809,0,,0
O18807,0,,0
O18801,0,,0
O18804,1,Product mismatch,13
O18800,0,,0
O18803,0,,0
O18808,0,,0
O18802,0,,0
O18805,0,,0
O18806,0,,0
O18815,0,,0
O18811,0,,0
O18816,0,,0
O18810,0,,0
O18813,0,,0
O18812,0,,0
O18814,0,,0
O18818,0,,0
O18824,0,,0
O18821,0,,0
O18819,0,,0
O18826,0,,0
O18825,0,,0
O18820,0,,0
O18817,0,,0
O18823,1,Size issue,8
O18822,1,Product mismatch,8
O18835,0,,0
O18832,0,,0
O18836,0,,0
O18827,0,,0
O18829,0,,0
O18831,0,,0
O18828,0,,0
O18833,0,,0
O18834,0,,0
O18830,0,,0
O18848,0,,0
O18839,0,,0
O18850,0,,0
O18845,0,,0
O18837,0,,0
O18844,0,,0
O18841,0,,0
O18847,0,,0
O18843,0,,0
O18840,0,,0
O18846,0,,0
O18849,0,,0
O18842,0,,0
O18838,0,,0
O18859,0,,0
O18862,0,,0
O18853,0,,0
O18856,0,,0
O18863,1,Product mismatch,5
O18855,0,,0
O18860,1,Size issue,5
O18865,0,,0
O18858,0,,0
O18852,0,,0
O18851,0,,0
O18861,0,,0
O18866,0,,0
O18854,0,,0
O18864,0,,0
O18857,0,,0
O18878,1,Product mismatch,13
O18869,0,,0
O18877,0,,0
O18873,0,,0
O18875,1,Damaged product,9
O18880,0,,0
O18872,0,,0
O18879,0,,0
O18871,0,,0
O18868,0,,0
O18867,0,,0
O18874,1,Changed mind,6
O18876,0,,0
O18870,0,,0
O18888,0,,0
O18881,0,,0
O18885,0,,0
O18884,0,,0
O18882,0,,0
O18887,0,,0
O18883,0,,0
O18889,0,,0
O18890,0,,0
O18886,0,,0
O18902,0,,0
O18900,0,,0
O18897,0,,0
O18892,1,Product mismatch,10
O18898,0,,0
O18891,0,,0
O18903,0,,0
O18901,0,,0
O18894,0,,0
O18896,0,,0
O18895,0,,0
O18893,0,,0
O18899,0,,0
O18906,0,,0
O18912,0,,0
O18907,0,,0
O18913,0,,0
O18905,0,,0
O18908,0,,0
O18910,0,,0
O18904,0,,0
O18914,0,,0
O18909,0,,0
O18911,0,,0
O18918,0,,0
O18920,0,,0
O18924,0,,0
O18916,1,Size issue,13
O18917,1,Changed mind,9
O18922,0,,0
O18919,0,,0
O18923,0,,0
O18915,0,,0
O18925,0,,0
O18927,0,,0
O18921,0,,0
O18926,0,,0
O18930,0,,0
O18932,0,,0
O18929,0,,0
O18933,0,,0
O18931,0,,0
O18928,0,,0
O18937,0,,0
O18936,0,,0
O18935,0,,0
O18934,0,,0
O18939,0,,0
O18938,0,,0
O18946,0,,0
O18942,0,,0
O18945,0,,0
O18943,0,,0
O18941,0,,0
O18944,1,Product mismatch,9
O18940,0,,0
O18952,0,,0
O18950,0,,0
O18954,0,,0
O18951,0,,0
O18948,0,,0
O18949,0,,0
O18953,0,,0
O18947,0,,0
O18965,1,Changed mind,8
O18961,0,,0
O18955,0,,0
O18962,1,Changed mind,3
O18960,0,,0
O18956,0,,0
O18966,0,,0
O18964,0,,0
O18957,0,,0
O18959,0,,0
O18963,0,,0
O18958,0,,0
O18967,0,,0
O18968,0,,0
O18969,0,,0
O18971,0,,0
O18973,0,,0
O18974,0,,0
O18972,0,,0
O18970,0,,0
O18981,1,Product mismatch,4
O18979,0,,0
O18977,0,,0
O18975,0,,0
O18983,0,,0
O18982,0,,0
O18976,0,,0
O18978,0,,0
O18984,0,,0
O18980,0,,0
O18990,0,,0
O18989,0,,0
O18987,0,,0
O18993,0,,0
O18994,0,,0
O18986,0,,0
O18985,0,,0
O18992,0,,0
O18991,0,,0
O18996,0,,0
O18995,0,,0
O18997,0,,0
O18988,0,,0
O19004,0,,0
O19002,0,,0
O19001,0,,0
O18998,0,,0
O19009,0,,0
O19008,0,,0
O19010,0,,0
O19005,0,,0
O19003,0,,0
O18999,0,,0
O19007,0,,0
O19006,0,,0
O19000,0,,0
O19012,1,Changed mind,8
O19015,0,,0
O19011,0,,0
O19013,0,,0
O19014,0,,0
O19022,0,,0
O19026,0,,0
O19017,0,,0
O19019,1,Changed mind,4
O19018,0,,0
O19020,0,,0
O19029,1,Size issue,10
O19021,1,Changed mind,9
O19030,0,,0
O19027,0,,0
O19028,1,Changed mind,12
O19016,1,Product mismatch,11
O19024,0,,0
O19025,1,Damaged product,4
O19023,0,,0
O19034,1,Changed mind,8
O19036,0,,0
O19037,0,,0
O19032,1,Changed mind,10
O19033,0,,0
O19035,0,,0
O19031,0,,0
O19042,0,,0
O19044,1,Size issue,6
O19039,0,,0
O19038,0,,0
O19040,0,,0
O19043,0,,0
O19041,0,,0
O19050,0,,0
O19051,1,Damaged product,13
O19052,0,,0
O19049,1,Size issue,9
O19045,0,,0
O19046,0,,0
O19048,1,Changed mind,5
O19047,0,,0
O19055,0,,0
O19054,0,,0
O19053,0,,0
O19057,0,,0
O19056,0,,0
O19061,0,,0
O19058,0,,0
O19059,0,,0
O19060,0,,0
O19066,0,,0
O19064,0,,0
O19063,0,,0
O19069,1,Changed mind,8
O19067,0,,0
O19071,0,,0
O19065,1,Changed mind,3
O19070,0,,0
O19062,0,,0
O19068,0,,0
O19078,0,,0
O19081,0,,0
O19073,0,,0
O19074,0,,0
O19079,0,,0
O19072,0,,0
O19076,0,,0
O19080,0,,0
O19083,1,Damaged product,5
O19075,0,,0
O19084,0,,0
O19082,0,,0
O19077,0,,0
O19097,0,,0
O19087,0,,0
O19086,0,,0
O19095,0,,0
O19094,0,,0
O19085,0,,0
O19092,0,,0
O19089,0,,0
O19096,1,Product mismatch,6
O19090,0,,0
O19088,0,,0
O19093,0,,0
O19091,0,,0
O19100,0,,0
O19106,0,,0
O19099,0,,0
O19104,0,,0
O19102,0,,0
O19103,0,,0
O19101,0,,0
O19107,0,,0
O19098,0,,0
O19108,0,,0
O19109,0,,0
O19105,0,,0
O19113,0,,0
O19112,0,,0
O19118,0,,0
O19119,0,,0
O19111,0,,0
O19110,0,,0
O19121,0,,0
O19116,1,Size issue,3
O19117,0,,0
O19120,0,,0
O19115,1,Size issue,6
O19114,0,,0
O19122,0,,0
O19125,1,Size issue,13
O19135,0,,0
O19131,1,Changed mind,8
O19130,0,,0
O19133,0,,0
O19127,1,Changed mind,4
O19123,0,,0
O19134,0,,0
O19129,0,,0
O19132,0,,0
O19124,1,Size issue,12
O19126,0,,0
O19128,0,,0
O19137,0,,0
O19138,0,,0
O19136,0,,0
O19140,0,,0
O19143,1,Changed mind,5
O19141,0,,0
O19139,0,,0
O19142,0,,0
O19145,0,,0
O19152,1,Size issue,4
O19153,0,,0
O19150,0,,0
O19151,0,,0
O19148,1,Product mismatch,8
O19146,0,,0
O19144,0,,0
O19149,0,,0
O19147,0,,0
O19162,1,Changed mind,2
O19155,0,,0
O19157,0,,0
O19156,0,,0
O19161,0,,0
O19154,0,,0
O19163,0,,0
O19160,0,,0
O19158,0,,0
O19159,0,,0
O19170,1,Damaged product,12
O19171,0,,0
O19164,0,,0
O19166,0,,0
O19168,1,Changed mind,2
O19165,0,,0
O19175,0,,0
O19172,0,,0
O19173,0,,0
O19169,0,,0
O19174,0,,0
O19167,0,,0
O19184,0,,0
O19178,0,,0
O19179,0,,0
O19182,0,,0
O19180,1,Size issue,11
O19181,0,,0
O19177,0,,0
O19176,0,,0
O19185,0,,0
O19183,0,,0
O19194,0,,0
O19200,0,,0
O19190,0,,0
O19193,0,,0
O19196,0,,0
O19199,0,,0
O19198,0,,0
O19191,0,,0
O19188,0,,0
O19195,0,,0
O19186,0,,0
O19189,0,,0
O19187,0,,0
O19192,0,,0
O19197,0,,0
O19204,0,,0
O19207,0,,0
O19203,0,,0
O19206,1,Product mismatch,3
O19201,0,,0
O19202,0,,0
O19205,0,,0
O19212,0,,0
O19220,1,Product mismatch,9
O19215,0,,0
O19213,1,Size issue,9
O19208,0,,0
O19218,0,,0
O19211,0,,0
O19209,0,,0
O19210,0,,0
O19214,0,,0
O19219,0,,0
O19216,0,,0
O19217,0,,0
O19221,0,,0
O19227,0,,0
O19234,0,,0
O19230,0,,0
O19222,0,,0
O19231,0,,0
O19241,1,Changed mind,11
O19239,0,,0
O19238,0,,0
O19243,0,,0
O19244,0,,0
O19225,0,,0
O19237,0,,0
O19223,0,,0
O19229,0,,0
O19226,0,,0
O19242,0,,0
O19235,0,,0
O19240,0,,0
O19236,0,,0
O19232,0,,0
O19233,0,,0
O19224,0,,0
O19228,0,,0
O19253,0,,0
O19250,0,,0
O19245,1,Size issue,5
O19251,1,Product mismatch,7
O19248,0,,0
O19249,0,,0
O19252,0,,0
O19246,0,,0
O19247,0,,0
O19259,0,,0
O19257,0,,0
O19255,0,,0
O19258,0,,0
O19261,0,,0
O19256,0,,0
O19260,0,,0
O19254,0,,0
O19282,0,,0
O19277,0,,0
O19279,0,,0
O19275,0,,0
O19267,0,,0
O19272,0,,0
O19265,0,,0
O19266,0,,0
O19262,1,Product mismatch,5
O19280,0,,0
O19264,0,,0
O19268,0,,0
O19278,0,,0
O19281,0,,0
O19270,0,,0
O19276,0,,0
O19263,0,,0
O19274,0,,0
O19269,0,,0
O19273,0,,0
O19271,0,,0
O19288,0,,0
O19286,1,Product mismatch,13
O19284,0,,0
O19285,0,,0
O19283,0,,0
O19287,0,,0
O19292,0,,0
O19296,1,Product mismatch,7
O19291,0,,0
O19294,0,,0
O19295,0,,0
O19293,0,,0
O19290,0,,0
O19297,0,,0
O19289,0,,0
O19299,0,,0
O19298,0,,0
O19311,0,,0
O19304,0,,0
O19301,0,,0
O19305,0,,0
O19307,0,,0
O19306,0,,0
O19312,0,,0
O19309,0,,0
O19303,0,,0
O19314,0,,0
O19302,0,,0
O19313,0,,0
O19308,0,,0
O19300,0,,0
O19310,0,,0
O19326,0,,0
O19317,0,,0
O19321,0,,0
O19316,0,,0
O19319,0,,0
O19322,0,,0
O19315,0,,0
O19324,0,,0
O19320,0,,0
O19325,0,,0
O19327,0,,0
O19328,0,,0
O19329,0,,0
O19323,0,,0
O19318,0,,0
O19331,0,,0
O19336,0,,0
O19337,0,,0
O19333,0,,0
O19332,0,,0
O19330,0,,0
O19335,0,,0
O19334,1,Damaged product,13
O19338,0,,0
O19341,0,,0
O19342,0,,0
O19344,0,,0
O19343,0,,0
O19345,0,,0
O19340,0,,0
O19339,0,,0
O19348,0,,0
O19357,0,,0
O19355,1,Product mismatch,2
O19356,0,,0
O19351,1,Changed mind,4
O19346,0,,0
O19350,0,,0
O19349,0,,0
O19353,0,,0
O19347,0,,0
O19354,0,,0
O19352,1,Changed mind,12
O19362,0,,0
O19358,1,Size issue,5
O19369,0,,0
O19359,0,,0
O19360,0,,0
O19363,0,,0
O19361,0,,0
O19366,0,,0
O19370,0,,0
O19367,0,,0
O19364,0,,0
O19368,0,,0
O19365,0,,0
O19374,0,,0
O19371,0,,0
O19382,0,,0
O19372,0,,0
O19375,1,Changed mind,12
O19376,0,,0
O19383,0,,0
O19381,0,,0
O19384,0,,0
O19379,0,,0
O19380,0,,0
O19378,0,,0
O19373,0,,0
O19377,0,,0
O19386,0,,0
O19385,0,,0
O19388,0,,0
O19390,0,,0
O19387,0,,0
O19389,0,,0
O19391,1,Changed mind,12
O19392,0,,0
O19393,0,,0
O19396,0,,0
O19394,1,Size issue,9
O19397,1,Product mismatch,2
O19401,1,Size issue,5
O19400,0,,0
O19399,0,,0
O19395,0,,0
O19398,1,Changed mind,7
O19404,0,,0
O19403,1,Product mismatch,4
O19402,0,,0
O19405,0,,0
O19406,0,,0
O19416,0,,0
O19413,1,Changed mind,11
O19412,0,,0
O19415,0,,0
O19410,0,,0
O19407,0,,0
O19414,0,,0
O19409,0,,0
O19411,0,,0
O19408,0,,0
O19423,0,,0
O19424,0,,0
O19422,0,,0
O19418,0,,0
O19419,0,,0
O19420,0,,0
O19417,1,Changed mind,14
O19425,0,,0
O19421,0,,0
O19432,0,,0
O19436,0,,0
O19433,0,,0
O19441,0,,0
O19438,1,Size issue,5
O19440,0,,0
O19426,0,,0
O19429,0,,0
O19430,0,,0
O19431,1,Product mismatch,7
O19435,0,,0
O19428,0,,0
O19439,0,,0
O19434,0,,0
O19437,0,,0
O19427,0,,0
O19444,0,,0
O19446,0,,0
O19448,0,,0
O19442,1,Size issue,2
O19447,0,,0
O19445,0,,0
O19443,0,,0
O19449,0,,0
O19452,0,,0
O19454,0,,0
O19450,0,,0
O19453,0,,0
O19455,0,,0
O19451,0,,0
O19456,0,,0
O19460,0,,0
O19458,1,Changed mind,5
O19462,0,,0
O19463,0,,0
O19459,0,,0
O19461,0,,0
O19457,0,,0
O19465,0,,0
O19464,1,Product mismatch,12
O19477,1,Damaged product,8
O19466,0,,0
O19474,0,,0
O19467,0,,0
O19469,0,,0
O19470,0,,0
O19473,0,,0
O19472,0,,0
O19471,1,Changed mind,8
O19468,0,,0
O19476,0,,0
O19478,0,,0
O19479,0,,0
O19475,0,,0
O19484,0,,0
O19481,0,,0
O19490,0,,0
O19483,0,,0
O19487,0,,0
O19492,0,,0
O19488,0,,0
O19493,1,Changed mind,2
O19482,0,,0
O19485,0,,0
O19489,0,,0
O19486,0,,0
O19491,0,,0
O19480,1,Changed mind,8
O19494,0,,0
O19501,0,,0
O19500,0,,0
O19498,0,,0
O19496,0,,0
O19502,0,,0
O19495,0,,0
O19499,0,,0
O19497,0,,0
O19506,1,Product mismatch,6
O19510,0,,0
O19507,0,,0
O19503,0,,0
O19505,1,Size issue,6
O19508,0,,0
O19504,0,,0
O19511,0,,0
O19509,0,,0
O19516,0,,0
O19520,0,,0
O19513,0,,0
O19518,1,Damaged product,7
O19523,0,,0
O19512,0,,0
O19517,0,,0
O19521,0,,0
O19519,0,,0
O19515,0,,0
O19522,0,,0
O19514,0,,0
O19533,0,,0
O19529,0,,0
O19532,0,,0
O19534,0,,0
O19528,0,,0
O19527,1,Changed mind,9
O19530,0,,0
O19524,0,,0
O19531,0,,0
O19525,1,Product mismatch,2
O19526,0,,0
O19547,0,,0
O19546,0,,0
O19536,0,,0
O19535,0,,0
O19539,0,,0
O19545,0,,0
O19542,0,,0
O19538,0,,0
O19537,0,,0
O19540,0,,0
O19543,0,,0
O19544,0,,0
O19541,0,,0
O19553,0,,0
O19558,0,,0
O19548,0,,0
O19556,1,Changed mind,8
O19555,0,,0
O19551,1,Damaged product,3
O19554,0,,0
O19557,0,,0
O19549,0,,0
O19552,0,,0
O19550,0,,0
O19561,1,Damaged product,2
O19565,0,,0
O19563,0,,0
O19559,1,Changed mind,11
O19564,0,,0
O19562,0,,0
O19566,0,,0
O19560,1,Changed mind,10
O19569,0,,0
O19567,0,,0
O19573,0,,0
O19579,0,,0
O19581,0,,0
O19570,0,,0
O19571,0,,0
O19568,0,,0
O19575,0,,0
O19578,1,Product mismatch,12
O19582,0,,0
O19580,0,,0
O19574,1,Size issue,12
O19572,0,,0
O19577,1,Product mismatch,2
O19576,1,Product mismatch,2
O19588,0,,0
O19586,0,,0
O19583,0,,0
O19587,0,,0
O19590,0,,0
O19589,0,,0
O19585,0,,0
O19584,0,,0
O19601,0,,0
O19595,0,,0
O19605,0,,0
O19604,0,,0
O19598,0,,0
O19600,0,,0
O19592,0,,0
O19597,0,,0
O19602,0,,0
O19599,0,,0
O19594,0,,0
O19596,1,Changed mind,5
O19593,0,,0
O19591,0,,0
O19603,0,,0
O19606,0,,0
O19608,0,,0
O19609,1,Product mismatch,11
O19610,0,,0
O19614,0,,0
O19611,0,,0
O19612,0,,0
O19613,0,,0
O19607,0,,0
O19617,0,,0
O19615,0,,0
O19616,0,,0
O19618,0,,0
O19619,1,Size issue,7
O19624,0,,0
O19626,0,,0
O19628,0,,0
O19622,0,,0
O19625,1,Changed mind,7
O19623,0,,0
O19627,0,,0
O19620,1,Product mismatch,11
O19621,0,,0
O19632,0,,0
O19629,0,,0
O19630,1,Damaged product,12
O19631,0,,0
O19634,0,,0
O19640,1,Damaged product,6
O19637,0,,0
O19639,0,,0
O19636,0,,0
O19635,0,,0
O19633,0,,0
O19638,0,,0
O19642,0,,0
O19641,1,Product mismatch,7
O19643,0,,0
O19650,0,,0
O19646,1,Product mismatch,7
O19648,0,,0
O19645,0,,0
O19644,0,,0
O19647,0,,0
O19649,1,Product mismatch,9
O19665,0,,0
O19658,0,,0
O19651,0,,0
O19663,0,,0
O19657,0,,0
O19653,0,,0
O19660,0,,0
O19662,0,,0
O19654,0,,0
O19664,0,,0
O19659,0,,0
O19655,0,,0
O19656,0,,0
O19661,0,,0
O19652,0,,0
O19670,0,,0
O19673,0,,0
O19676,0,,0
O19666,0,,0
O19667,0,,0
O19668,0,,0
O19675,0,,0
O19671,0,,0
O19669,0,,0
O19674,0,,0
O19672,0,,0
O19681,0,,0
O19678,0,,0
O19684,0,,0
O19677,0,,0
O19679,1,Product mismatch,12
O19680,0,,0
O19682,0,,0
O19683,0,,0
O19692,0,,0
O19686,0,,0
O19687,0,,0
O19690,0,,0
O19695,0,,0
O19693,0,,0
O19685,0,,0
O19694,0,,0
O19688,0,,0
O19691,0,,0
O19689,0,,0
O19704,0,,0
O19698,0,,0
O19701,0,,0
O19705,0,,0
O19702,0,,0
O19696,0,,0
O19699,0,,0
O19700,0,,0
O19703,0,,0
O19707,0,,0
O19706,0,,0
O19697,0,,0
O19708,0,,0
O19715,0,,0
O19711,0,,0
O19709,1,Size issue,6
O19714,0,,0
O19716,0,,0
O19710,0,,0
O19712,1,Changed mind,10
O19713,0,,0
O19720,0,,0
O19717,1,Product mismatch,13
O19718,0,,0
O19719,0,,0
O19721,0,,0
O19722,0,,0
O19727,0,,0
O19726,0,,0
O19731,0,,0
O19730,0,,0
O19723,0,,0
O19728,0,,0
O19725,0,,0
O19724,0,,0
O19729,0,,0
O19736,0,,0
O19732,0,,0
O19743,0,,0
O19734,0,,0
O19740,0,,0
O19737,0,,0
O19733,0,,0
O19738,1,Product mismatch,5
O19735,0,,0
O19739,0,,0
O19741,0,,0
O19744,0,,0
O19742,0,,0
O19751,1,Changed mind,13
O19746,0,,0
O19750,0,,0
O19745,0,,0
O19748,0,,0
O19749,0,,0
O19747,1,Size issue,13
O19755,0,,0
O19759,0,,0
O19753,0,,0
O19764,0,,0
O19767,0,,0
O19766,0,,0
O19762,0,,0
O19760,0,,0
O19765,0,,0
O19756,0,,0
O19758,0,,0
O19761,0,,0
O19754,0,,0
O19763,0,,0
O19757,0,,0
O19752,0,,0
O19771,0,,0
O19768,0,,0
O19773,0,,0
O19769,0,,0
O19772,0,,0
O19774,0,,0
O19770,0,,0
O19778,0,,0
O19775,0,,0
O19779,0,,0
O19780,0,,0
O19781,0,,0
O19777,0,,0
O19776,0,,0
O19791,0,,0
O19787,0,,0
O19783,0,,0
O19790,0,,0
O19784,0,,0
O19789,0,,0
O19786,0,,0
O19788,0,,0
O19782,1,Changed mind,5
O19785,0,,0
O19792,1,Size issue,11
O19793,0,,0
O19795,0,,0
O19796,0,,0
O19799,0,,0
O19797,0,,0
O19802,0,,0
O19801,0,,0
O19798,0,,0
O19800,0,,0
O19794,0,,0
O19810,0,,0
O19804,0,,0
O19806,0,,0
O19809,0,,0
O19805,0,,0
O19803,0,,0
O19811,0,,0
O19807,0,,0
O19808,0,,0
O19817,0,,0
O19815,0,,0
O19813,0,,0
O19821,0,,0
O19814,0,,0
O19820,0,,0
O19812,0,,0
O19819,1,Product mismatch,6
O19816,1,Product mismatch,2
O19818,0,,0
